-- phpMyAdmin SQL Dump
-- version 5.2.1
-- https://www.phpmyadmin.net/
--
-- Máy chủ: 127.0.0.1:3306
-- Thời gian đã tạo: Th10 29, 2025 lúc 10:42 AM
-- Phiên bản máy phục vụ: 8.2.0
-- Phiên bản PHP: 8.2.13

SET SQL_MODE = "NO_AUTO_VALUE_ON_ZERO";
START TRANSACTION;
SET time_zone = "+00:00";


/*!40101 SET @OLD_CHARACTER_SET_CLIENT=@@CHARACTER_SET_CLIENT */;
/*!40101 SET @OLD_CHARACTER_SET_RESULTS=@@CHARACTER_SET_RESULTS */;
/*!40101 SET @OLD_COLLATION_CONNECTION=@@COLLATION_CONNECTION */;
/*!40101 SET NAMES utf8mb4 */;

--
-- Cơ sở dữ liệu: `manaplastic_hr`
--

-- --------------------------------------------------------

--
-- Cấu trúc bảng cho bảng `activitylogs`
--

DROP TABLE IF EXISTS `activitylogs`;
CREATE TABLE IF NOT EXISTS `activitylogs` (
  `logID` int NOT NULL AUTO_INCREMENT,
  `action` varchar(255) COLLATE utf8mb4_unicode_ci NOT NULL,
  `actiontime` datetime DEFAULT CURRENT_TIMESTAMP,
  `userID` int DEFAULT NULL,
  PRIMARY KEY (`logID`),
  KEY `userID` (`userID`)
) ENGINE=InnoDB DEFAULT CHARSET=utf8mb4 COLLATE=utf8mb4_unicode_ci;

-- --------------------------------------------------------

--
-- Cấu trúc bảng cho bảng `attendancelogs`
--

DROP TABLE IF EXISTS `attendancelogs`;
CREATE TABLE IF NOT EXISTS `attendancelogs` (
  `attendanceLogID` int NOT NULL AUTO_INCREMENT,
  `timestamp` datetime NOT NULL,
  `imgurl` varchar(255) COLLATE utf8mb4_unicode_ci DEFAULT NULL,
  `userID` int DEFAULT NULL,
  PRIMARY KEY (`attendanceLogID`),
  KEY `userID` (`userID`)
) ENGINE=InnoDB AUTO_INCREMENT=18 DEFAULT CHARSET=utf8mb4 COLLATE=utf8mb4_unicode_ci;

--
-- Đang đổ dữ liệu cho bảng `attendancelogs`
--

INSERT INTO `attendancelogs` (`attendanceLogID`, `timestamp`, `imgurl`, `userID`) VALUES
(1, '2025-11-01 07:58:15', 'https://img.url/checkin_6_1.jpg', 6),
(2, '2025-11-01 17:02:30', 'https://img.url/checkout_6_1.jpg', 6),
(3, '2025-11-01 05:55:10', 'https://img.url/checkin_8_1.jpg', 8),
(4, '2025-11-01 11:30:00', 'https://img.url/scan_mid.jpg', 8),
(5, '2025-11-01 14:01:00', 'https://img.url/checkout_8_1.jpg', 8),
(6, '2025-11-01 08:22:45', 'https://img.url/checkin_12_1.jpg', 12),
(7, '2025-11-01 17:01:00', 'https://img.url/checkout_12_1.jpg', 12),
(8, '2025-11-01 08:10:00', 'https://img.url/checkin_5_1.jpg', 5),
(9, '2025-11-01 16:45:00', 'https://img.url/checkout_5_1.jpg', 5),
(10, '2025-11-02 05:59:00', 'https://img.url/checkin_8_3.jpg', 8),
(11, '2025-11-02 17:05:00', 'https://img.url/checkout_9_1.jpg', 9),
(16, '2025-11-19 11:00:12', '/uploads/47358d64-7cf1-4a33-8e1c-c5efbb7553d0.jpg', 20),
(17, '2025-11-19 11:02:27', '/uploads/238acd2f-fd35-46f8-a36f-c4bfbe93b13d.jpg', 20);

-- --------------------------------------------------------

--
-- Cấu trúc bảng cho bảng `attendances`
--

DROP TABLE IF EXISTS `attendances`;
CREATE TABLE IF NOT EXISTS `attendances` (
  `attendanceID` int NOT NULL AUTO_INCREMENT,
  `date` date NOT NULL,
  `checkin` datetime DEFAULT NULL,
  `checkout` datetime DEFAULT NULL,
  `checkinimgurl` varchar(255) COLLATE utf8mb4_unicode_ci DEFAULT NULL,
  `checkoutimgurl` varchar(255) COLLATE utf8mb4_unicode_ci DEFAULT NULL,
  `status` enum('PRESENT','ABSENT','LATE_AND_EARLY','ON_LEAVE','MISSING_OUTPUT_DATA','MISSING_INPUT_DATA') COLLATE utf8mb4_unicode_ci NOT NULL DEFAULT 'ABSENT',
  `shiftID` int DEFAULT NULL,
  `userID` int DEFAULT NULL,
  `checkInLogID` int DEFAULT NULL,
  `checkOutLogID` int DEFAULT NULL,
  PRIMARY KEY (`attendanceID`),
  UNIQUE KEY `UQ_User_Date` (`userID`,`date`),
  KEY `shiftID` (`shiftID`),
  KEY `FK_Attendance_CheckInLog` (`checkInLogID`),
  KEY `FK_Attendance_CheckOutLog` (`checkOutLogID`)
) ENGINE=InnoDB AUTO_INCREMENT=47 DEFAULT CHARSET=utf8mb4 COLLATE=utf8mb4_unicode_ci;

--
-- Đang đổ dữ liệu cho bảng `attendances`
--

INSERT INTO `attendances` (`attendanceID`, `date`, `checkin`, `checkout`, `checkinimgurl`, `checkoutimgurl`, `status`, `shiftID`, `userID`, `checkInLogID`, `checkOutLogID`) VALUES
(6, '2025-11-01', '2025-11-01 07:58:15', '2025-11-01 17:02:30', 'https://img.url/checkin_6_1.jpg', 'https://img.url/checkout_6_1.jpg', 'PRESENT', 1, 6, 1, 2),
(7, '2025-11-01', '2025-11-01 05:55:10', '2025-11-01 14:01:00', 'https://img.url/checkin_8_1.jpg', 'https://img.url/checkout_8_1.jpg', 'PRESENT', 2, 8, 3, 5),
(8, '2025-11-01', '2025-11-01 08:22:45', '2025-11-01 17:01:00', 'https://img.url/checkin_12_1.jpg', 'https://img.url/checkout_12_1.jpg', 'PRESENT', 1, 12, 6, 7),
(9, '2025-11-01', '2025-11-01 08:10:00', '2025-11-01 16:45:00', 'https://img.url/checkin_5_1.jpg', 'https://img.url/checkout_5_1.jpg', 'PRESENT', 1, 5, 8, 9),
(10, '2025-11-02', '2025-11-02 05:59:00', NULL, 'https://img.url/checkin_8_3.jpg', NULL, 'MISSING_OUTPUT_DATA', 2, 8, 10, NULL),
(11, '2025-11-02', NULL, '2025-11-02 17:05:00', NULL, 'https://img.url/checkout_9_1.jpg', 'MISSING_INPUT_DATA', 1, 9, NULL, 11),
(12, '2025-11-02', NULL, NULL, NULL, NULL, 'ABSENT', 1, 6, NULL, NULL),
(13, '2025-11-02', NULL, NULL, NULL, NULL, 'ON_LEAVE', 1, 10, NULL, NULL),
(14, '2025-11-04', '2025-11-04 08:00:00', '2025-11-04 17:00:00', NULL, NULL, 'PRESENT', 1, 6, NULL, NULL),
(15, '2025-11-04', '2025-11-04 08:30:00', NULL, NULL, NULL, 'MISSING_OUTPUT_DATA', 2, 8, NULL, NULL),
(21, '2025-11-01', '2025-11-01 07:55:00', '2025-11-01 17:05:00', NULL, NULL, 'PRESENT', 36, 21, NULL, NULL),
(22, '2025-11-03', '2025-11-03 07:50:00', '2025-11-03 17:00:00', NULL, NULL, 'PRESENT', 36, 21, NULL, NULL),
(23, '2025-11-04', '2025-11-04 07:55:00', '2025-11-04 17:10:00', NULL, NULL, 'PRESENT', 36, 21, NULL, NULL),
(24, '2025-11-05', '2025-11-05 07:58:00', '2025-11-05 17:05:00', NULL, NULL, 'PRESENT', 36, 21, NULL, NULL),
(25, '2025-11-06', '2025-11-06 07:45:00', '2025-11-06 17:00:00', NULL, NULL, 'PRESENT', 36, 21, NULL, NULL),
(26, '2025-11-07', '2025-11-07 07:55:00', '2025-11-07 17:05:00', NULL, NULL, 'PRESENT', 36, 21, NULL, NULL),
(27, '2025-11-08', '2025-11-08 07:59:00', '2025-11-08 17:00:00', NULL, NULL, 'PRESENT', 36, 21, NULL, NULL),
(28, '2025-11-10', '2025-11-10 07:55:00', '2025-11-10 17:05:00', NULL, NULL, 'PRESENT', 36, 21, NULL, NULL),
(29, '2025-11-11', '2025-11-11 07:52:00', '2025-11-11 17:00:00', NULL, NULL, 'PRESENT', 36, 21, NULL, NULL),
(30, '2025-11-12', '2025-11-12 07:55:00', '2025-11-12 17:15:00', NULL, NULL, 'PRESENT', 36, 21, NULL, NULL),
(31, '2025-11-13', '2025-11-13 08:00:00', '2025-11-13 17:05:00', NULL, NULL, 'PRESENT', 36, 21, NULL, NULL),
(32, '2025-11-14', '2025-11-14 07:55:00', '2025-11-14 17:00:00', NULL, NULL, 'PRESENT', 36, 21, NULL, NULL),
(33, '2025-11-15', '2025-11-15 07:55:00', '2025-11-15 17:05:00', NULL, NULL, 'PRESENT', 36, 21, NULL, NULL),
(34, '2025-11-17', '2025-11-17 07:50:00', '2025-11-17 17:00:00', NULL, NULL, 'PRESENT', 36, 21, NULL, NULL),
(35, '2025-11-18', '2025-11-18 07:55:00', '2025-11-18 17:10:00', NULL, NULL, 'PRESENT', 36, 21, NULL, NULL),
(36, '2025-11-19', '2025-11-19 07:55:00', '2025-11-19 17:05:00', NULL, NULL, 'PRESENT', 36, 21, NULL, NULL),
(37, '2025-11-20', '2025-11-20 07:45:00', '2025-11-20 17:00:00', NULL, NULL, 'PRESENT', 36, 21, NULL, NULL),
(38, '2025-11-21', '2025-11-21 07:55:00', '2025-11-21 17:05:00', NULL, NULL, 'PRESENT', 36, 21, NULL, NULL),
(39, '2025-11-22', '2025-11-22 07:59:00', '2025-11-22 17:00:00', NULL, NULL, 'PRESENT', 36, 21, NULL, NULL),
(40, '2025-11-24', '2025-11-24 07:55:00', '2025-11-24 17:05:00', NULL, NULL, 'PRESENT', 36, 21, NULL, NULL),
(41, '2025-11-25', '2025-11-25 07:52:00', '2025-11-25 17:00:00', NULL, NULL, 'PRESENT', 36, 21, NULL, NULL),
(42, '2025-11-26', '2025-11-26 07:55:00', '2025-11-26 17:15:00', NULL, NULL, 'PRESENT', 36, 21, NULL, NULL),
(43, '2025-11-27', '2025-11-27 08:00:00', '2025-11-27 17:05:00', NULL, NULL, 'PRESENT', 36, 21, NULL, NULL),
(44, '2025-11-28', '2025-11-28 07:55:00', '2025-11-28 17:00:00', NULL, NULL, 'PRESENT', 36, 21, NULL, NULL),
(45, '2025-11-29', '2025-11-29 07:55:00', '2025-11-29 17:05:00', NULL, NULL, 'PRESENT', 36, 21, NULL, NULL),
(46, '2025-11-30', '2025-11-30 07:55:00', '2025-11-30 17:05:00', NULL, NULL, 'PRESENT', 36, 21, NULL, NULL);

-- --------------------------------------------------------

--
-- Cấu trúc bảng cho bảng `contractallowances`
--

DROP TABLE IF EXISTS `contractallowances`;
CREATE TABLE IF NOT EXISTS `contractallowances` (
  `ContractAllowanceID` int NOT NULL AUTO_INCREMENT,
  `ContractID` int NOT NULL,
  `AllowanceName` varchar(100) CHARACTER SET utf8mb4 COLLATE utf8mb4_unicode_ci NOT NULL COMMENT 'Tên phụ cấp',
  `AllowanceType` varchar(50) COLLATE utf8mb4_unicode_ci DEFAULT 'OTHER' COMMENT 'Loại phụ cấp: MEAL, RESPONSIBILITY, TOXIC, PHONE, OTHER',
  `Amount` decimal(15,2) NOT NULL DEFAULT '0.00',
  `IsTaxable` tinyint(1) DEFAULT '1' COMMENT '1=Chịu thuế, 0=Không',
  `IsInsuranceBase` tinyint(1) DEFAULT '0' COMMENT '1=Tính đóng BHXH, 0=Không',
  `TaxFreeAmount` decimal(15,2) DEFAULT '0.00' COMMENT 'Số tiền miễn thuế trong khoản phụ cấp này',
  PRIMARY KEY (`ContractAllowanceID`),
  KEY `FK_Allowance_Contract` (`ContractID`),
  KEY `idx_allowance_type` (`AllowanceType`)
) ENGINE=InnoDB AUTO_INCREMENT=57 DEFAULT CHARSET=utf8mb4 COLLATE=utf8mb4_unicode_ci;

--
-- Đang đổ dữ liệu cho bảng `contractallowances`
--

INSERT INTO `contractallowances` (`ContractAllowanceID`, `ContractID`, `AllowanceName`, `AllowanceType`, `Amount`, `IsTaxable`, `IsInsuranceBase`, `TaxFreeAmount`) VALUES
(1, 9, 'Phụ cấp trách nhiệm', 'RESPONSIBILITY', 2000000.00, 1, 1, 0.00),
(2, 9, 'Hỗ trợ ăn ca', 'MEAL', 730000.00, 0, 0, 730000.00),
(3, 9, 'Phụ cấp độc hại (Tiền mặt)', 'TOXIC', 500000.00, 1, 0, 500000.00),
(4, 1, 'Hỗ trợ ăn ca', 'MEAL', 730000.00, 0, 0, 730000.00),
(5, 2, 'Hỗ trợ ăn ca', 'MEAL', 730000.00, 0, 0, 730000.00),
(6, 3, 'Hỗ trợ ăn ca', 'MEAL', 730000.00, 0, 0, 730000.00),
(7, 4, 'Hỗ trợ ăn ca', 'MEAL', 730000.00, 0, 0, 730000.00),
(8, 5, 'Hỗ trợ ăn ca', 'MEAL', 730000.00, 0, 0, 730000.00),
(9, 6, 'Hỗ trợ ăn ca', 'MEAL', 730000.00, 0, 0, 730000.00),
(10, 7, 'Hỗ trợ ăn ca', 'MEAL', 730000.00, 0, 0, 730000.00),
(11, 8, 'Hỗ trợ ăn ca', 'MEAL', 730000.00, 0, 0, 730000.00),
(12, 9, 'Hỗ trợ ăn ca', 'MEAL', 730000.00, 0, 0, 730000.00),
(13, 10, 'Hỗ trợ ăn ca', 'MEAL', 730000.00, 0, 0, 730000.00),
(14, 11, 'Hỗ trợ ăn ca', 'MEAL', 730000.00, 0, 0, 730000.00),
(15, 12, 'Hỗ trợ ăn ca', 'MEAL', 730000.00, 0, 0, 730000.00),
(16, 13, 'Hỗ trợ ăn ca', 'MEAL', 730000.00, 0, 0, 730000.00),
(17, 14, 'Hỗ trợ ăn ca', 'MEAL', 730000.00, 0, 0, 730000.00),
(18, 15, 'Hỗ trợ ăn ca', 'MEAL', 730000.00, 0, 0, 730000.00),
(19, 16, 'Hỗ trợ ăn ca', 'MEAL', 730000.00, 0, 0, 730000.00),
(20, 17, 'Hỗ trợ ăn ca', 'MEAL', 730000.00, 0, 0, 730000.00),
(21, 18, 'Hỗ trợ ăn ca', 'MEAL', 730000.00, 0, 0, 730000.00),
(22, 19, 'Hỗ trợ ăn ca', 'MEAL', 730000.00, 0, 0, 730000.00),
(23, 20, 'Hỗ trợ ăn ca', 'MEAL', 730000.00, 0, 0, 730000.00),
(35, 1, 'Phụ cấp trách nhiệm', 'RESPONSIBILITY', 3000000.00, 1, 1, 0.00),
(36, 3, 'Phụ cấp trách nhiệm', 'RESPONSIBILITY', 3000000.00, 1, 1, 0.00),
(37, 5, 'Phụ cấp trách nhiệm', 'RESPONSIBILITY', 3000000.00, 1, 1, 0.00),
(38, 7, 'Phụ cấp trách nhiệm', 'RESPONSIBILITY', 3000000.00, 1, 1, 0.00),
(39, 9, 'Phụ cấp trách nhiệm', 'RESPONSIBILITY', 3000000.00, 1, 1, 0.00),
(40, 11, 'Phụ cấp trách nhiệm', 'RESPONSIBILITY', 3000000.00, 1, 1, 0.00),
(42, 6, 'Phụ cấp độc hại (Tiền mặt)', 'TOXIC', 500000.00, 1, 0, 500000.00),
(43, 8, 'Phụ cấp độc hại (Tiền mặt)', 'TOXIC', 500000.00, 1, 0, 500000.00),
(44, 17, 'Phụ cấp độc hại (Tiền mặt)', 'TOXIC', 500000.00, 1, 0, 500000.00),
(45, 18, 'Phụ cấp độc hại (Tiền mặt)', 'TOXIC', 500000.00, 1, 0, 500000.00),
(49, 4, 'Hỗ trợ điện thoại & Xăng xe', 'MEAL', 400000.00, 1, 0, 0.00),
(50, 11, 'Hỗ trợ điện thoại & Xăng xe', 'MEAL', 400000.00, 1, 0, 0.00),
(51, 12, 'Hỗ trợ điện thoại & Xăng xe', 'MEAL', 400000.00, 1, 0, 0.00),
(52, 13, 'Hỗ trợ điện thoại & Xăng xe', 'MEAL', 400000.00, 1, 0, 0.00),
(53, 14, 'Hỗ trợ điện thoại & Xăng xe', 'MEAL', 400000.00, 1, 0, 0.00),
(54, 19, 'Hỗ trợ điện thoại & Xăng xe', 'MEAL', 400000.00, 1, 0, 0.00),
(56, 10, 'Hỗ trợ ăn ca', 'MEAL', 730000.00, 0, 0, 730000.00);

-- --------------------------------------------------------

--
-- Cấu trúc bảng cho bảng `contracts`
--

DROP TABLE IF EXISTS `contracts`;
CREATE TABLE IF NOT EXISTS `contracts` (
  `contractID` int NOT NULL AUTO_INCREMENT,
  `contractname` varchar(255) COLLATE utf8mb4_unicode_ci NOT NULL,
  `type` varchar(100) COLLATE utf8mb4_unicode_ci DEFAULT NULL,
  `basesalary` decimal(15,2) NOT NULL,
  `InsuranceSalary` decimal(15,2) DEFAULT '0.00' COMMENT 'Lương đóng BHXH',
  `AllowanceToxicType` enum('NONE','CASH','IN_KIND') COLLATE utf8mb4_unicode_ci DEFAULT 'NONE' COMMENT 'Phụ cấp độc hại',
  `fileurl` varchar(255) COLLATE utf8mb4_unicode_ci DEFAULT NULL,
  `signdate` date NOT NULL,
  `startdate` date NOT NULL,
  `enddate` date DEFAULT NULL,
  `Status` enum('DRAFT','ACTIVE','EXPIRING_SOON','EXPIRED','TERMINATED','HISTORY') COLLATE utf8mb4_unicode_ci DEFAULT 'DRAFT' COMMENT 'Trạng thái hợp đồng',
  `userID` int NOT NULL,
  PRIMARY KEY (`contractID`),
  KEY `IDX_Contract_User` (`userID`)
) ENGINE=InnoDB AUTO_INCREMENT=26 DEFAULT CHARSET=utf8mb4 COLLATE=utf8mb4_unicode_ci;

--
-- Đang đổ dữ liệu cho bảng `contracts`
--

INSERT INTO `contracts` (`contractID`, `contractname`, `type`, `basesalary`, `InsuranceSalary`, `AllowanceToxicType`, `fileurl`, `signdate`, `startdate`, `enddate`, `Status`, `userID`) VALUES
(1, 'HĐLĐ Admin', 'INDEFINITE', 30000000.00, 30000000.00, 'NONE', NULL, '2023-01-01', '2023-01-01', NULL, 'ACTIVE', 1),
(2, 'HĐLĐ IT', 'FIXED_TERM', 15000000.00, 15000000.00, 'NONE', NULL, '2023-05-10', '2023-05-10', '2026-05-10', 'ACTIVE', 2),
(3, 'HĐLĐ Trưởng phòng HR', 'INDEFINITE', 25000000.00, 25000000.00, 'NONE', NULL, '2023-02-15', '2023-02-15', NULL, 'ACTIVE', 3),
(4, 'HĐLĐ Nhân viên HR', 'FIXED_TERM', 12000000.00, 12000000.00, 'NONE', NULL, '2023-08-01', '2023-08-01', '2026-08-01', 'ACTIVE', 4),
(5, 'HĐLĐ Trưởng nhóm Kỹ thuật', 'FIXED_TERM', 22000000.00, 22000000.00, 'IN_KIND', NULL, '2023-03-01', '2023-03-01', '2026-03-01', 'ACTIVE', 5),
(6, 'HĐLĐ Nhân viên Kỹ thuật', 'FIXED_TERM', 10000000.00, 10000000.00, 'CASH', NULL, '2023-09-10', '2023-09-10', '2026-09-10', 'ACTIVE', 6),
(7, 'HĐLĐ Trưởng ca Sản xuất', 'INDEFINITE', 20000000.00, 20000000.00, 'IN_KIND', NULL, '2023-03-02', '2023-03-02', NULL, 'ACTIVE', 7),
(8, 'HĐLĐ Công nhân Sản xuất', 'FIXED_TERM', 9000000.00, 9000000.00, 'CASH', NULL, '2023-09-15', '2023-09-15', '2026-09-15', 'ACTIVE', 8),
(9, 'HĐLĐ Trưởng nhóm In ấn', 'FIXED_TERM', 18000000.00, 18000000.00, 'IN_KIND', NULL, '2023-04-01', '2023-04-01', '2026-04-01', 'ACTIVE', 9),
(10, 'HĐLĐ Công nhân In ấn', 'FIXED_TERM', 9000000.00, 9000000.00, 'IN_KIND', NULL, '2023-10-01', '2023-10-01', '2026-10-01', 'ACTIVE', 10),
(11, 'HĐLĐ Trưởng nhóm CSKH', 'FIXED_TERM', 17000000.00, 17000000.00, 'NONE', NULL, '2023-05-01', '2023-05-01', '2026-05-01', 'ACTIVE', 11),
(12, 'HĐLĐ Nhân viên CSKH', 'FIXED_TERM', 8000000.00, 8000000.00, 'NONE', NULL, '2023-11-01', '2023-11-01', '2026-11-01', 'ACTIVE', 12),
(13, 'HĐLĐ Nhân viên HR', 'FIXED_TERM', 14000000.00, 14000000.00, 'NONE', NULL, '2024-04-28', '2024-04-28', '2026-04-28', 'ACTIVE', 13),
(14, 'HĐLĐ Thực tập sinh HR', 'FIXED_TERM', 5000000.00, 0.00, 'NONE', NULL, '2023-02-09', '2023-02-09', '2026-02-09', 'ACTIVE', 14),
(15, 'HĐLĐ Nhân viên In ấn', 'FIXED_TERM', 9500000.00, 9500000.00, 'IN_KIND', NULL, '2023-02-23', '2023-02-23', '2026-02-23', 'ACTIVE', 15),
(16, 'HĐLĐ Nhân viên In ấn', 'FIXED_TERM', 9200000.00, 9200000.00, 'IN_KIND', NULL, '2024-10-13', '2024-10-13', '2026-10-13', 'ACTIVE', 16),
(17, 'HĐLĐ Nhân viên In ấn', 'FIXED_TERM', 8800000.00, 8800000.00, 'CASH', NULL, '2023-08-03', '2023-08-03', '2026-08-03', 'ACTIVE', 17),
(18, 'HĐLĐ Nhân viên In ấn', 'FIXED_TERM', 9000000.00, 9000000.00, 'CASH', NULL, '2024-02-17', '2024-02-17', '2026-02-17', 'HISTORY', 18),
(19, 'HĐLĐ Chuyên viên Tuyển dụng', 'FIXED_TERM', 12000000.00, 12000000.00, 'NONE', NULL, '2024-11-27', '2024-11-27', '2025-11-27', 'HISTORY', 19),
(20, 'HĐLĐ Nhân viên In ấn (Thử việc)', 'PROBATION', 7500000.00, 0.00, 'IN_KIND', NULL, '2025-11-15', '2025-11-15', '2026-01-15', 'ACTIVE', 20),
(21, 'Hợp đồng Tái ký 2026 - test add hdld', 'FIXED_TERM', 15000000.00, 15000000.00, 'NONE', '/uploads/contracts/be665f42-7761-447b-985e-fa5afc98cf90.pdf', '2025-11-21', '2025-11-28', '2026-11-28', 'ACTIVE', 19),
(22, 'Hợp đồng Tái ký 2026 - test add hdld', 'FIXED_TERM', 15000000.00, 15000000.00, 'NONE', '/uploads/contracts/ed354bd8-4ef6-411e-a987-f461080a20c0.pdf', '2025-11-21', '2025-11-28', '2026-11-28', 'ACTIVE', 18),
(25, 'HDLD chính thức 12 tháng', 'FIXED_TERM', 15000000.00, 15000000.00, 'NONE', '/uploads/contracts/54ee9112-26eb-4675-91e2-be668549c24f.pdf', '2025-11-27', '2025-11-28', '2026-11-28', 'ACTIVE', 21);

-- --------------------------------------------------------

--
-- Cấu trúc bảng cho bảng `departments`
--

DROP TABLE IF EXISTS `departments`;
CREATE TABLE IF NOT EXISTS `departments` (
  `departmentID` int NOT NULL AUTO_INCREMENT,
  `departmentname` varchar(255) COLLATE utf8mb4_unicode_ci NOT NULL,
  `managerID` int DEFAULT NULL,
  `isoffice` bit(1) DEFAULT b'0',
  PRIMARY KEY (`departmentID`),
  KEY `FK_Department_Manager` (`managerID`)
) ENGINE=InnoDB AUTO_INCREMENT=7 DEFAULT CHARSET=utf8mb4 COLLATE=utf8mb4_unicode_ci;

--
-- Đang đổ dữ liệu cho bảng `departments`
--

INSERT INTO `departments` (`departmentID`, `departmentname`, `managerID`, `isoffice`) VALUES
(1, 'Phòng Ban Nhân Sự', 3, b'1'),
(2, 'Phòng Ban IT', 1, b'1'),
(3, 'Phòng Ban Kỹ Thuật', 5, b'0'),
(4, 'Phòng Ban Sản Xuất', 7, b'0'),
(5, 'Phòng Ban In Ấn', 9, b'0'),
(6, 'Phòng Ban Chăm Sóc Khách Hàng', 11, b'1');

-- --------------------------------------------------------

--
-- Cấu trúc bảng cho bảng `dependents`
--

DROP TABLE IF EXISTS `dependents`;
CREATE TABLE IF NOT EXISTS `dependents` (
  `dependentID` int NOT NULL AUTO_INCREMENT,
  `userID` int NOT NULL COMMENT 'FK: Nhân viên liên quan (từ bảng users)',
  `fullname` varchar(255) CHARACTER SET utf8mb4 COLLATE utf8mb4_unicode_ci NOT NULL COMMENT 'Họ tên người phụ thuộc',
  `relationship` varchar(100) CHARACTER SET utf8mb4 COLLATE utf8mb4_unicode_ci NOT NULL COMMENT 'Mối quan hệ (Vợ, Chồng, Con...)',
  `birth` date DEFAULT NULL COMMENT 'Ngày sinh',
  `gender` tinyint(1) DEFAULT NULL COMMENT '0=Nữ, 1=Nam',
  `idcardnumber` varchar(20) CHARACTER SET utf8mb4 COLLATE utf8mb4_unicode_ci DEFAULT NULL COMMENT 'CCCD hoặc Giấy khai sinh',
  `phonenumber` varchar(20) COLLATE utf8mb4_unicode_ci DEFAULT NULL,
  `istaxdeductible` tinyint(1) NOT NULL DEFAULT '0' COMMENT '1=Có đăng ký giảm trừ gia cảnh, 0=Không',
  PRIMARY KEY (`dependentID`),
  KEY `FK_Dependent_User` (`userID`)
) ENGINE=InnoDB AUTO_INCREMENT=23 DEFAULT CHARSET=utf8mb4 COLLATE=utf8mb4_unicode_ci COMMENT='Người phụ thuộc của nhân viên';

--
-- Đang đổ dữ liệu cho bảng `dependents`
--

INSERT INTO `dependents` (`dependentID`, `userID`, `fullname`, `relationship`, `birth`, `gender`, `idcardnumber`, `phonenumber`, `istaxdeductible`) VALUES
(1, 1, 'Phạm Minh Anh Vợ', 'Vợ', '1990-05-10', 0, '001090001234', '0901000101', 1),
(2, 1, 'Phạm Minh Anh Con', 'Con', '2020-08-20', 1, '001220005678', '0901000102', 1),
(3, 2, 'Lê Hỗ Trợ IT Cha', 'Cha', '1965-02-15', 1, '002065001111', '0902000201', 1),
(4, 3, 'Nguyễn Thị Nhân Sự Chồng', 'Chồng', '1988-11-30', 1, '003088002222', '0903000301', 1),
(5, 4, 'Phạm Văn Tuyển Dụng Con', 'Con', '2021-03-14', 0, '004221003333', '0904000401', 1),
(6, 5, 'Võ Văn Kỹ Thuật Vợ', 'Vợ', '1992-07-25', 0, '005092004444', '0905000501', 1),
(7, 5, 'Võ Văn Kỹ Thuật Con', 'Con', '2023-01-10', 1, '005223005555', '0905000502', 1),
(8, 6, 'Hoàng Thị Máy Móc Con', 'Con', '2020-12-01', 1, '006220006666', '0906000601', 1),
(9, 7, 'Trịnh Hữu Sản Xuất Vợ', 'Vợ', '1993-01-20', 0, '007093007777', '0907000701', 1),
(10, 8, 'Đặng Văn Vận Hành Mẹ', 'Mẹ', '1970-04-05', 0, '008070008888', '0908000801', 1),
(11, 9, 'Bùi Văn Mực Vợ', 'Vợ', '1994-06-18', 0, '009094009999', '0909000901', 1),
(12, 9, 'Bùi Văn Mực Con Trai', 'Con', '2022-09-02', 1, '009222001010', '0909000902', 1),
(13, 10, 'Lý Thị In Con Gái', 'Con', '2024-01-07', 0, '010224001212', '0910000101', 1),
(14, 11, 'Đỗ Thị Khách Hàng Chồng', 'Chồng', '1991-08-11', 1, '011091001313', '0911000111', 1),
(15, 12, 'Mạc Văn Hài Lòng Vợ', 'Vợ', '1995-10-03', 0, '012095001414', '0912000121', 1),
(16, 13, 'Phạm Minh Anh HR Con', 'Con', '2021-11-11', 0, '013221001515', '0913000131', 1),
(17, 14, 'testAddAccountHR Cha', 'Cha', '1968-02-22', 1, '014068001616', '0914000141', 1),
(18, 15, 'testAddAccountNV Mẹ', 'Mẹ', '1972-03-23', 0, '015072001717', '0915000151', 1),
(19, 16, 'Phạm Nhân Viên Vợ', 'Vợ', '1998-04-24', 0, '016098001818', '0916000161', 1),
(20, 17, 'testAddAccountNVinan 17 Con', 'Con', '2023-05-25', 1, '017223001919', '0917000171', 1),
(21, 18, 'testAddAccountNVinan 18 Vợ', 'Vợ', '1999-06-26', 0, '018099002020', '0918000181', 1),
(22, 19, 'Phạm Minh Anh Test Pass Vợ', 'Vợ', '2000-07-27', 0, '019000002121', '0919000191', 1);

-- --------------------------------------------------------

--
-- Cấu trúc bảng cho bảng `employeedraftschedule`
--

DROP TABLE IF EXISTS `employeedraftschedule`;
CREATE TABLE IF NOT EXISTS `employeedraftschedule` (
  `draftID` int NOT NULL AUTO_INCREMENT,
  `employeeID` int NOT NULL COMMENT 'Nhân viên đăng ký (FK từ bảng users)',
  `date` date NOT NULL COMMENT 'Ngày làm việc đăng ký',
  `shiftID` int DEFAULT NULL COMMENT 'Ca làm việc muốn đăng ký (FK từ bảng shifts). NULL nếu để trống.',
  `isdayoff` tinyint(1) NOT NULL DEFAULT '0' COMMENT '1 = muốn xin nghỉ, 0 = đi làm',
  `monthyear` varchar(7) CHARACTER SET utf8mb4 COLLATE utf8mb4_unicode_ci NOT NULL COMMENT 'Tháng/Năm áp dụng lịch (ví dụ: 2025-12)',
  `registrationdate` datetime DEFAULT CURRENT_TIMESTAMP COMMENT 'Thời gian gửi đăng ký',
  PRIMARY KEY (`draftID`),
  UNIQUE KEY `UQ_Employee_Date_Preference` (`employeeID`,`date`) COMMENT 'Mỗi nhân viên chỉ có 1 đăng ký/ngày',
  KEY `IX_preference_month_year` (`monthyear`),
  KEY `FK_preferences_shift` (`shiftID`)
) ENGINE=InnoDB AUTO_INCREMENT=373 DEFAULT CHARSET=utf8mb4 COLLATE=utf8mb4_unicode_ci;

--
-- Đang đổ dữ liệu cho bảng `employeedraftschedule`
--

INSERT INTO `employeedraftschedule` (`draftID`, `employeeID`, `date`, `shiftID`, `isdayoff`, `monthyear`, `registrationdate`) VALUES
(1, 15, '2025-12-04', NULL, 1, '2025-12', '2025-11-16 13:10:08'),
(2, 15, '2025-12-03', 36, 0, '2025-12', '2025-11-16 13:10:08'),
(3, 9, '2025-12-01', 41, 0, '2025-12', '2025-11-24 07:59:23'),
(4, 10, '2025-12-01', 36, 0, '2025-12', '2025-11-16 13:10:23'),
(5, 15, '2025-12-01', 36, 0, '2025-12', '2025-11-16 13:10:23'),
(6, 16, '2025-12-01', 41, 0, '2025-12', '2025-11-16 13:10:23'),
(7, 17, '2025-12-01', 41, 0, '2025-12', '2025-11-16 13:10:23'),
(8, 18, '2025-12-01', 41, 0, '2025-12', '2025-11-16 13:10:23'),
(9, 20, '2025-12-01', NULL, 1, '2025-12', '2025-11-16 13:10:23'),
(10, 9, '2025-12-02', 36, 0, '2025-12', '2025-11-16 13:10:23'),
(11, 20, '2025-12-02', 36, 0, '2025-12', '2025-11-16 13:10:23'),
(12, 10, '2025-12-02', 36, 0, '2025-12', '2025-11-16 13:10:23'),
(13, 15, '2025-12-02', 41, 0, '2025-12', '2025-11-16 13:10:23'),
(14, 16, '2025-12-02', 41, 0, '2025-12', '2025-11-16 13:10:23'),
(15, 17, '2025-12-02', 41, 0, '2025-12', '2025-11-16 13:10:23'),
(16, 18, '2025-12-02', NULL, 1, '2025-12', '2025-11-16 13:10:23'),
(17, 9, '2025-12-03', 36, 0, '2025-12', '2025-11-16 13:10:23'),
(18, 18, '2025-12-03', 36, 0, '2025-12', '2025-11-16 13:10:23'),
(19, 20, '2025-12-03', 36, 0, '2025-12', '2025-11-16 13:10:23'),
(20, 10, '2025-12-03', 41, 0, '2025-12', '2025-11-16 13:10:23'),
(21, 16, '2025-12-03', 41, 0, '2025-12', '2025-11-16 13:10:23'),
(22, 17, '2025-12-03', 41, 0, '2025-12', '2025-11-16 13:10:23'),
(23, 9, '2025-12-04', 36, 0, '2025-12', '2025-11-16 13:10:23'),
(24, 18, '2025-12-04', 36, 0, '2025-12', '2025-11-16 13:10:23'),
(25, 20, '2025-12-04', 36, 0, '2025-12', '2025-11-16 13:10:23'),
(26, 10, '2025-12-04', 41, 0, '2025-12', '2025-11-16 13:10:23'),
(27, 16, '2025-12-04', 41, 0, '2025-12', '2025-11-16 13:10:23'),
(28, 17, '2025-12-04', 41, 0, '2025-12', '2025-11-16 13:10:23'),
(29, 15, '2025-12-05', 36, 0, '2025-12', '2025-11-16 13:10:23'),
(30, 18, '2025-12-05', 36, 0, '2025-12', '2025-11-16 13:10:23'),
(31, 20, '2025-12-05', 36, 0, '2025-12', '2025-11-16 13:10:23'),
(32, 9, '2025-12-05', 41, 0, '2025-12', '2025-11-16 13:10:23'),
(33, 10, '2025-12-05', 41, 0, '2025-12', '2025-11-16 13:10:23'),
(34, 16, '2025-12-05', 41, 0, '2025-12', '2025-11-16 13:10:23'),
(35, 17, '2025-12-05', NULL, 1, '2025-12', '2025-11-16 13:10:23'),
(36, 15, '2025-12-06', 36, 0, '2025-12', '2025-11-16 13:10:23'),
(37, 17, '2025-12-06', 36, 0, '2025-12', '2025-11-16 13:10:23'),
(38, 18, '2025-12-06', 36, 0, '2025-12', '2025-11-16 13:10:23'),
(39, 9, '2025-12-06', 41, 0, '2025-12', '2025-11-16 13:10:23'),
(40, 20, '2025-12-06', 41, 0, '2025-12', '2025-11-16 13:10:23'),
(41, 10, '2025-12-06', 41, 0, '2025-12', '2025-11-16 13:10:23'),
(42, 16, '2025-12-06', NULL, 1, '2025-12', '2025-11-16 13:10:23'),
(43, 15, '2025-12-07', 36, 0, '2025-12', '2025-11-16 13:10:23'),
(44, 16, '2025-12-07', 36, 0, '2025-12', '2025-11-16 13:10:23'),
(45, 17, '2025-12-07', 36, 0, '2025-12', '2025-11-16 13:10:23'),
(46, 18, '2025-12-07', 41, 0, '2025-12', '2025-11-16 13:10:23'),
(47, 20, '2025-12-07', 41, 0, '2025-12', '2025-11-16 13:10:23'),
(48, 9, '2025-12-07', NULL, 1, '2025-12', '2025-11-16 13:10:23'),
(49, 10, '2025-12-07', NULL, 1, '2025-12', '2025-11-16 13:10:23'),
(50, 9, '2025-12-08', 36, 0, '2025-12', '2025-11-16 13:10:23'),
(51, 16, '2025-12-08', 36, 0, '2025-12', '2025-11-16 13:10:23'),
(52, 10, '2025-12-08', 36, 0, '2025-12', '2025-11-16 13:10:23'),
(53, 15, '2025-12-08', 41, 0, '2025-12', '2025-11-16 13:10:23'),
(54, 18, '2025-12-08', 41, 0, '2025-12', '2025-11-16 13:10:23'),
(55, 17, '2025-12-08', 41, 0, '2025-12', '2025-11-16 13:10:23'),
(56, 20, '2025-12-08', NULL, 1, '2025-12', '2025-11-16 13:10:23'),
(57, 9, '2025-12-09', 36, 0, '2025-12', '2025-11-16 13:10:23'),
(58, 20, '2025-12-09', 36, 0, '2025-12', '2025-11-16 13:10:23'),
(59, 16, '2025-12-09', 36, 0, '2025-12', '2025-11-16 13:10:23'),
(60, 15, '2025-12-09', 41, 0, '2025-12', '2025-11-16 13:10:23'),
(61, 10, '2025-12-09', 41, 0, '2025-12', '2025-11-16 13:10:23'),
(62, 17, '2025-12-09', 41, 0, '2025-12', '2025-11-16 13:10:23'),
(63, 18, '2025-12-09', NULL, 1, '2025-12', '2025-11-16 13:10:23'),
(64, 9, '2025-12-10', 36, 0, '2025-12', '2025-11-16 13:10:23'),
(65, 18, '2025-12-10', 36, 0, '2025-12', '2025-11-16 13:10:23'),
(66, 20, '2025-12-10', 36, 0, '2025-12', '2025-11-16 13:10:23'),
(67, 15, '2025-12-10', 41, 0, '2025-12', '2025-11-16 13:10:23'),
(68, 10, '2025-12-10', 41, 0, '2025-12', '2025-11-16 13:10:23'),
(69, 16, '2025-12-10', 41, 0, '2025-12', '2025-11-16 13:10:23'),
(70, 17, '2025-12-10', NULL, 1, '2025-12', '2025-11-16 13:10:23'),
(71, 9, '2025-12-11', 36, 0, '2025-12', '2025-11-16 13:10:23'),
(72, 17, '2025-12-11', 36, 0, '2025-12', '2025-11-16 13:10:23'),
(73, 18, '2025-12-11', 36, 0, '2025-12', '2025-11-16 13:10:23'),
(74, 20, '2025-12-11', 41, 0, '2025-12', '2025-11-16 13:10:23'),
(75, 10, '2025-12-11', 41, 0, '2025-12', '2025-11-16 13:10:23'),
(76, 16, '2025-12-11', 41, 0, '2025-12', '2025-11-16 13:10:23'),
(77, 15, '2025-12-11', NULL, 1, '2025-12', '2025-11-16 13:10:23'),
(78, 15, '2025-12-12', 36, 0, '2025-12', '2025-11-16 13:10:23'),
(79, 17, '2025-12-12', 36, 0, '2025-12', '2025-11-16 13:10:23'),
(80, 18, '2025-12-12', 36, 0, '2025-12', '2025-11-16 13:10:23'),
(81, 9, '2025-12-12', 41, 0, '2025-12', '2025-11-16 13:10:23'),
(82, 20, '2025-12-12', 41, 0, '2025-12', '2025-11-16 13:10:23'),
(83, 10, '2025-12-12', 41, 0, '2025-12', '2025-11-16 13:10:23'),
(84, 16, '2025-12-12', NULL, 1, '2025-12', '2025-11-16 13:10:23'),
(85, 15, '2025-12-13', 36, 0, '2025-12', '2025-11-16 13:10:23'),
(86, 16, '2025-12-13', 36, 0, '2025-12', '2025-11-16 13:10:23'),
(87, 17, '2025-12-13', 36, 0, '2025-12', '2025-11-16 13:10:23'),
(88, 9, '2025-12-13', 41, 0, '2025-12', '2025-11-16 13:10:23'),
(89, 18, '2025-12-13', 41, 0, '2025-12', '2025-11-16 13:10:23'),
(90, 20, '2025-12-13', 41, 0, '2025-12', '2025-11-16 13:10:23'),
(91, 10, '2025-12-13', NULL, 1, '2025-12', '2025-11-16 13:10:23'),
(92, 15, '2025-12-14', 36, 0, '2025-12', '2025-11-16 13:10:23'),
(93, 10, '2025-12-14', 36, 0, '2025-12', '2025-11-16 13:10:23'),
(94, 16, '2025-12-14', 36, 0, '2025-12', '2025-11-16 13:10:23'),
(95, 18, '2025-12-14', 41, 0, '2025-12', '2025-11-16 13:10:23'),
(96, 20, '2025-12-14', 41, 0, '2025-12', '2025-11-16 13:10:23'),
(97, 17, '2025-12-14', 41, 0, '2025-12', '2025-11-16 13:10:23'),
(98, 9, '2025-12-14', NULL, 1, '2025-12', '2025-11-16 13:10:23'),
(99, 9, '2025-12-15', 36, 0, '2025-12', '2025-11-16 13:10:23'),
(100, 10, '2025-12-15', 36, 0, '2025-12', '2025-11-16 13:10:23'),
(101, 16, '2025-12-15', 36, 0, '2025-12', '2025-11-16 13:10:23'),
(102, 15, '2025-12-15', 41, 0, '2025-12', '2025-11-16 13:10:23'),
(103, 18, '2025-12-15', 41, 0, '2025-12', '2025-11-16 13:10:23'),
(104, 17, '2025-12-15', 41, 0, '2025-12', '2025-11-16 13:10:23'),
(105, 20, '2025-12-15', NULL, 1, '2025-12', '2025-11-16 13:10:23'),
(106, 9, '2025-12-16', 36, 0, '2025-12', '2025-11-16 13:10:23'),
(107, 20, '2025-12-16', 36, 0, '2025-12', '2025-11-16 13:10:23'),
(108, 10, '2025-12-16', 36, 0, '2025-12', '2025-11-16 13:10:23'),
(109, 15, '2025-12-16', 41, 0, '2025-12', '2025-11-16 13:10:23'),
(110, 16, '2025-12-16', 41, 0, '2025-12', '2025-11-16 13:10:23'),
(111, 17, '2025-12-16', 41, 0, '2025-12', '2025-11-16 13:10:23'),
(112, 18, '2025-12-16', NULL, 1, '2025-12', '2025-11-16 13:10:23'),
(113, 9, '2025-12-17', 36, 0, '2025-12', '2025-11-16 13:10:23'),
(114, 18, '2025-12-17', 36, 0, '2025-12', '2025-11-16 13:10:23'),
(115, 20, '2025-12-17', 36, 0, '2025-12', '2025-11-16 13:10:23'),
(116, 15, '2025-12-17', 41, 0, '2025-12', '2025-11-16 13:10:23'),
(117, 10, '2025-12-17', 41, 0, '2025-12', '2025-11-16 13:10:23'),
(118, 16, '2025-12-17', 41, 0, '2025-12', '2025-11-16 13:10:23'),
(119, 17, '2025-12-17', NULL, 1, '2025-12', '2025-11-16 13:10:23'),
(120, 9, '2025-12-18', 36, 0, '2025-12', '2025-11-16 13:10:23'),
(121, 17, '2025-12-18', 36, 0, '2025-12', '2025-11-16 13:10:23'),
(122, 18, '2025-12-18', 36, 0, '2025-12', '2025-11-16 13:10:23'),
(123, 20, '2025-12-18', 41, 0, '2025-12', '2025-11-16 13:10:23'),
(124, 10, '2025-12-18', 41, 0, '2025-12', '2025-11-16 13:10:23'),
(125, 16, '2025-12-18', 41, 0, '2025-12', '2025-11-16 13:10:23'),
(126, 15, '2025-12-18', NULL, 1, '2025-12', '2025-11-16 13:10:23'),
(127, 15, '2025-12-19', 36, 0, '2025-12', '2025-11-16 13:10:23'),
(128, 17, '2025-12-19', 36, 0, '2025-12', '2025-11-16 13:10:23'),
(129, 18, '2025-12-19', 36, 0, '2025-12', '2025-11-16 13:10:23'),
(130, 9, '2025-12-19', 41, 0, '2025-12', '2025-11-16 13:10:23'),
(131, 20, '2025-12-19', 41, 0, '2025-12', '2025-11-16 13:10:23'),
(132, 10, '2025-12-19', 41, 0, '2025-12', '2025-11-16 13:10:23'),
(133, 16, '2025-12-19', NULL, 1, '2025-12', '2025-11-16 13:10:23'),
(134, 15, '2025-12-20', 36, 0, '2025-12', '2025-11-16 13:10:23'),
(135, 16, '2025-12-20', 36, 0, '2025-12', '2025-11-16 13:10:23'),
(136, 17, '2025-12-20', 36, 0, '2025-12', '2025-11-16 13:10:23'),
(137, 9, '2025-12-20', 41, 0, '2025-12', '2025-11-16 13:10:23'),
(138, 18, '2025-12-20', 41, 0, '2025-12', '2025-11-16 13:10:23'),
(139, 20, '2025-12-20', 41, 0, '2025-12', '2025-11-16 13:10:23'),
(140, 10, '2025-12-20', NULL, 1, '2025-12', '2025-11-16 13:10:23'),
(141, 15, '2025-12-21', 36, 0, '2025-12', '2025-11-16 13:10:23'),
(142, 10, '2025-12-21', 36, 0, '2025-12', '2025-11-16 13:10:23'),
(143, 16, '2025-12-21', 36, 0, '2025-12', '2025-11-16 13:10:23'),
(144, 18, '2025-12-21', 41, 0, '2025-12', '2025-11-16 13:10:23'),
(145, 17, '2025-12-21', 41, 0, '2025-12', '2025-11-16 13:10:23'),
(146, 20, '2025-12-21', 41, 0, '2025-12', '2025-11-16 13:10:23'),
(147, 9, '2025-12-21', NULL, 1, '2025-12', '2025-11-16 13:10:23'),
(148, 15, '2025-12-22', 36, 0, '2025-12', '2025-11-16 13:10:23'),
(149, 10, '2025-12-22', 36, 0, '2025-12', '2025-11-16 13:10:23'),
(150, 16, '2025-12-22', 36, 0, '2025-12', '2025-11-16 13:10:23'),
(151, 9, '2025-12-22', 41, 0, '2025-12', '2025-11-16 13:10:23'),
(152, 18, '2025-12-22', 41, 0, '2025-12', '2025-11-16 13:10:23'),
(153, 17, '2025-12-22', 41, 0, '2025-12', '2025-11-16 13:10:23'),
(154, 20, '2025-12-22', NULL, 1, '2025-12', '2025-11-16 13:10:23'),
(155, 15, '2025-12-23', 36, 0, '2025-12', '2025-11-16 13:10:23'),
(156, 20, '2025-12-23', 36, 0, '2025-12', '2025-11-16 13:10:23'),
(157, 10, '2025-12-23', 36, 0, '2025-12', '2025-11-16 13:10:23'),
(158, 9, '2025-12-23', 41, 0, '2025-12', '2025-11-16 13:10:23'),
(159, 16, '2025-12-23', 41, 0, '2025-12', '2025-11-16 13:10:23'),
(160, 17, '2025-12-23', 41, 0, '2025-12', '2025-11-16 13:10:23'),
(161, 18, '2025-12-23', NULL, 1, '2025-12', '2025-11-16 13:10:23'),
(162, 15, '2025-12-24', 36, 0, '2025-12', '2025-11-16 13:10:23'),
(163, 20, '2025-12-24', 36, 0, '2025-12', '2025-11-16 13:10:23'),
(164, 18, '2025-12-24', 36, 0, '2025-12', '2025-11-16 13:10:23'),
(165, 9, '2025-12-24', 41, 0, '2025-12', '2025-11-16 13:10:23'),
(166, 10, '2025-12-24', 41, 0, '2025-12', '2025-11-16 13:10:23'),
(167, 16, '2025-12-24', 41, 0, '2025-12', '2025-11-16 13:10:23'),
(168, 17, '2025-12-24', NULL, 1, '2025-12', '2025-11-16 13:10:23'),
(169, 17, '2025-12-25', 36, 0, '2025-12', '2025-11-16 13:10:23'),
(170, 20, '2025-12-25', 36, 0, '2025-12', '2025-11-16 13:10:23'),
(171, 18, '2025-12-25', 36, 0, '2025-12', '2025-11-16 13:10:23'),
(172, 9, '2025-12-25', 41, 0, '2025-12', '2025-11-16 13:10:23'),
(173, 10, '2025-12-25', 41, 0, '2025-12', '2025-11-16 13:10:23'),
(174, 16, '2025-12-25', 41, 0, '2025-12', '2025-11-16 13:10:23'),
(175, 15, '2025-12-25', NULL, 1, '2025-12', '2025-11-16 13:10:23'),
(176, 15, '2025-12-26', 36, 0, '2025-12', '2025-11-16 13:10:23'),
(177, 17, '2025-12-26', 36, 0, '2025-12', '2025-11-16 13:10:23'),
(178, 20, '2025-12-26', 36, 0, '2025-12', '2025-11-16 13:10:23'),
(179, 9, '2025-12-26', 41, 0, '2025-12', '2025-11-16 13:10:23'),
(180, 18, '2025-12-26', 41, 0, '2025-12', '2025-11-16 13:10:23'),
(181, 10, '2025-12-26', 41, 0, '2025-12', '2025-11-16 13:10:23'),
(182, 16, '2025-12-26', NULL, 1, '2025-12', '2025-11-16 13:10:23'),
(183, 16, '2025-12-27', 36, 0, '2025-12', '2025-11-16 13:10:23'),
(184, 17, '2025-12-27', 36, 0, '2025-12', '2025-11-16 13:10:23'),
(185, 20, '2025-12-27', 36, 0, '2025-12', '2025-11-16 13:10:23'),
(186, 15, '2025-12-27', 41, 0, '2025-12', '2025-11-16 13:10:23'),
(187, 18, '2025-12-27', 41, 0, '2025-12', '2025-11-16 13:10:23'),
(188, 9, '2025-12-27', 41, 0, '2025-12', '2025-11-16 13:10:23'),
(189, 10, '2025-12-27', NULL, 1, '2025-12', '2025-11-16 13:10:23'),
(190, 10, '2025-12-28', 36, 0, '2025-12', '2025-11-16 13:10:23'),
(191, 16, '2025-12-28', 36, 0, '2025-12', '2025-11-16 13:10:23'),
(192, 17, '2025-12-28', 36, 0, '2025-12', '2025-11-16 13:10:23'),
(193, 15, '2025-12-28', 41, 0, '2025-12', '2025-11-16 13:10:23'),
(194, 20, '2025-12-28', 41, 0, '2025-12', '2025-11-16 13:10:23'),
(195, 18, '2025-12-28', 41, 0, '2025-12', '2025-11-16 13:10:23'),
(196, 9, '2025-12-28', NULL, 1, '2025-12', '2025-11-16 13:10:23'),
(197, 9, '2025-12-29', 36, 0, '2025-12', '2025-11-16 13:10:23'),
(198, 10, '2025-12-29', 36, 0, '2025-12', '2025-11-16 13:10:23'),
(199, 16, '2025-12-29', 36, 0, '2025-12', '2025-11-16 13:10:23'),
(200, 15, '2025-12-29', 41, 0, '2025-12', '2025-11-16 13:10:23'),
(201, 17, '2025-12-29', 41, 0, '2025-12', '2025-11-16 13:10:23'),
(202, 18, '2025-12-29', 41, 0, '2025-12', '2025-11-16 13:10:23'),
(203, 20, '2025-12-29', NULL, 1, '2025-12', '2025-11-16 13:10:23'),
(204, 9, '2025-12-30', 36, 0, '2025-12', '2025-11-16 13:10:23'),
(205, 20, '2025-12-30', 36, 0, '2025-12', '2025-11-16 13:10:23'),
(206, 10, '2025-12-30', 36, 0, '2025-12', '2025-11-16 13:10:23'),
(207, 15, '2025-12-30', 41, 0, '2025-12', '2025-11-16 13:10:23'),
(208, 16, '2025-12-30', 41, 0, '2025-12', '2025-11-16 13:10:23'),
(209, 17, '2025-12-30', 41, 0, '2025-12', '2025-11-16 13:10:23'),
(210, 18, '2025-12-30', NULL, 1, '2025-12', '2025-11-16 13:10:23'),
(211, 9, '2025-12-31', 36, 0, '2025-12', '2025-11-16 13:10:23'),
(212, 18, '2025-12-31', 36, 0, '2025-12', '2025-11-16 13:10:23'),
(213, 20, '2025-12-31', 36, 0, '2025-12', '2025-11-16 13:10:23'),
(214, 15, '2025-12-31', 41, 0, '2025-12', '2025-11-16 13:10:23'),
(215, 10, '2025-12-31', 41, 0, '2025-12', '2025-11-16 13:10:23'),
(216, 16, '2025-12-31', 41, 0, '2025-12', '2025-11-16 13:10:23'),
(217, 17, '2025-12-31', NULL, 1, '2025-12', '2025-11-16 13:10:23'),
(218, 7, '2025-12-01', 36, 0, '2025-12', '2025-11-27 06:48:02'),
(219, 8, '2025-12-01', 41, 0, '2025-12', '2025-11-27 06:48:02'),
(220, 7, '2025-12-02', 36, 0, '2025-12', '2025-11-27 06:48:02'),
(221, 8, '2025-12-02', 41, 0, '2025-12', '2025-11-27 06:48:02'),
(222, 7, '2025-12-03', 36, 0, '2025-12', '2025-11-27 06:48:02'),
(223, 8, '2025-12-03', 41, 0, '2025-12', '2025-11-27 06:48:02'),
(224, 7, '2025-12-04', 36, 0, '2025-12', '2025-11-27 06:48:02'),
(225, 8, '2025-12-04', 41, 0, '2025-12', '2025-11-27 06:48:02'),
(226, 7, '2025-12-05', 36, 0, '2025-12', '2025-11-27 06:48:02'),
(227, 8, '2025-12-05', 41, 0, '2025-12', '2025-11-27 06:48:02'),
(228, 7, '2025-12-06', 36, 0, '2025-12', '2025-11-27 06:48:02'),
(229, 8, '2025-12-06', 41, 0, '2025-12', '2025-11-27 06:48:02'),
(230, 7, '2025-12-07', NULL, 1, '2025-12', '2025-11-27 06:48:02'),
(231, 8, '2025-12-07', NULL, 1, '2025-12', '2025-11-27 06:48:02'),
(232, 8, '2025-12-08', 36, 0, '2025-12', '2025-11-27 06:48:02'),
(233, 7, '2025-12-08', 41, 0, '2025-12', '2025-11-27 06:48:02'),
(234, 8, '2025-12-09', 36, 0, '2025-12', '2025-11-27 06:48:02'),
(235, 7, '2025-12-09', 41, 0, '2025-12', '2025-11-27 06:48:02'),
(236, 8, '2025-12-10', 36, 0, '2025-12', '2025-11-27 06:48:02'),
(237, 7, '2025-12-10', 41, 0, '2025-12', '2025-11-27 06:48:02'),
(238, 8, '2025-12-11', 36, 0, '2025-12', '2025-11-27 06:48:02'),
(239, 7, '2025-12-11', 41, 0, '2025-12', '2025-11-27 06:48:02'),
(240, 8, '2025-12-12', 36, 0, '2025-12', '2025-11-27 06:48:02'),
(241, 7, '2025-12-12', 41, 0, '2025-12', '2025-11-27 06:48:02'),
(242, 8, '2025-12-13', 36, 0, '2025-12', '2025-11-27 06:48:02'),
(243, 7, '2025-12-13', 41, 0, '2025-12', '2025-11-27 06:48:02'),
(244, 7, '2025-12-14', NULL, 1, '2025-12', '2025-11-27 06:48:02'),
(245, 8, '2025-12-14', NULL, 1, '2025-12', '2025-11-27 06:48:02'),
(246, 7, '2025-12-15', 36, 0, '2025-12', '2025-11-27 06:48:02'),
(247, 8, '2025-12-15', 41, 0, '2025-12', '2025-11-27 06:48:02'),
(248, 7, '2025-12-16', 36, 0, '2025-12', '2025-11-27 06:48:02'),
(249, 8, '2025-12-16', 41, 0, '2025-12', '2025-11-27 06:48:02'),
(250, 7, '2025-12-17', 36, 0, '2025-12', '2025-11-27 06:48:02'),
(251, 8, '2025-12-17', 41, 0, '2025-12', '2025-11-27 06:48:02'),
(252, 7, '2025-12-18', 36, 0, '2025-12', '2025-11-27 06:48:02'),
(253, 8, '2025-12-18', 41, 0, '2025-12', '2025-11-27 06:48:02'),
(254, 7, '2025-12-19', 36, 0, '2025-12', '2025-11-27 06:48:02'),
(255, 8, '2025-12-19', 41, 0, '2025-12', '2025-11-27 06:48:02'),
(256, 7, '2025-12-20', 36, 0, '2025-12', '2025-11-27 06:48:02'),
(257, 8, '2025-12-20', 41, 0, '2025-12', '2025-11-27 06:48:02'),
(258, 7, '2025-12-21', NULL, 1, '2025-12', '2025-11-27 06:48:02'),
(259, 8, '2025-12-21', NULL, 1, '2025-12', '2025-11-27 06:48:02'),
(260, 8, '2025-12-22', 36, 0, '2025-12', '2025-11-27 06:48:02'),
(261, 7, '2025-12-22', 41, 0, '2025-12', '2025-11-27 06:48:02'),
(262, 8, '2025-12-23', 36, 0, '2025-12', '2025-11-27 06:48:02'),
(263, 7, '2025-12-23', 41, 0, '2025-12', '2025-11-27 06:48:02'),
(264, 8, '2025-12-24', 36, 0, '2025-12', '2025-11-27 06:48:02'),
(265, 7, '2025-12-24', 41, 0, '2025-12', '2025-11-27 06:48:02'),
(266, 8, '2025-12-25', 36, 0, '2025-12', '2025-11-27 06:48:02'),
(267, 7, '2025-12-25', 41, 0, '2025-12', '2025-11-27 06:48:02'),
(268, 8, '2025-12-26', 36, 0, '2025-12', '2025-11-27 06:48:02'),
(269, 7, '2025-12-26', 41, 0, '2025-12', '2025-11-27 06:48:02'),
(270, 8, '2025-12-27', 36, 0, '2025-12', '2025-11-27 06:48:02'),
(271, 7, '2025-12-27', 41, 0, '2025-12', '2025-11-27 06:48:02'),
(272, 7, '2025-12-28', NULL, 1, '2025-12', '2025-11-27 06:48:02'),
(273, 8, '2025-12-28', NULL, 1, '2025-12', '2025-11-27 06:48:02'),
(274, 7, '2025-12-29', 36, 0, '2025-12', '2025-11-27 06:48:02'),
(275, 8, '2025-12-29', 41, 0, '2025-12', '2025-11-27 06:48:02'),
(276, 7, '2025-12-30', 36, 0, '2025-12', '2025-11-27 06:48:02'),
(277, 8, '2025-12-30', 41, 0, '2025-12', '2025-11-27 06:48:02'),
(278, 7, '2025-12-31', 36, 0, '2025-12', '2025-11-27 06:48:02'),
(279, 8, '2025-12-31', 41, 0, '2025-12', '2025-11-27 06:48:02'),
(280, 5, '2025-12-01', 36, 0, '2025-12', '2025-11-28 10:00:18'),
(281, 6, '2025-12-01', 36, 0, '2025-12', '2025-11-28 10:00:18'),
(282, 21, '2025-12-01', 41, 0, '2025-12', '2025-11-28 10:00:18'),
(283, 5, '2025-12-02', 36, 0, '2025-12', '2025-11-28 10:00:18'),
(284, 6, '2025-12-02', 36, 0, '2025-12', '2025-11-28 10:00:18'),
(285, 21, '2025-12-02', 41, 0, '2025-12', '2025-11-28 10:00:18'),
(286, 5, '2025-12-03', 36, 0, '2025-12', '2025-11-28 10:00:18'),
(287, 6, '2025-12-03', 36, 0, '2025-12', '2025-11-28 10:00:18'),
(288, 21, '2025-12-03', 41, 0, '2025-12', '2025-11-28 10:00:18'),
(289, 5, '2025-12-04', 36, 0, '2025-12', '2025-11-28 10:00:18'),
(290, 6, '2025-12-04', 36, 0, '2025-12', '2025-11-28 10:00:18'),
(291, 21, '2025-12-04', 41, 0, '2025-12', '2025-11-28 10:00:18'),
(292, 5, '2025-12-05', 36, 0, '2025-12', '2025-11-28 10:00:18'),
(293, 6, '2025-12-05', 36, 0, '2025-12', '2025-11-28 10:00:18'),
(294, 21, '2025-12-05', 41, 0, '2025-12', '2025-11-28 10:00:18'),
(295, 5, '2025-12-06', 36, 0, '2025-12', '2025-11-28 10:00:18'),
(296, 6, '2025-12-06', 36, 0, '2025-12', '2025-11-28 10:00:18'),
(297, 21, '2025-12-06', 41, 0, '2025-12', '2025-11-28 10:00:18'),
(298, 5, '2025-12-07', NULL, 1, '2025-12', '2025-11-28 10:00:18'),
(299, 6, '2025-12-07', NULL, 1, '2025-12', '2025-11-28 10:00:18'),
(300, 21, '2025-12-07', NULL, 1, '2025-12', '2025-11-28 10:00:18'),
(301, 5, '2025-12-08', 36, 0, '2025-12', '2025-11-28 10:00:18'),
(302, 21, '2025-12-08', 36, 0, '2025-12', '2025-11-28 10:00:18'),
(303, 6, '2025-12-08', 41, 0, '2025-12', '2025-11-28 10:00:18'),
(304, 5, '2025-12-09', 36, 0, '2025-12', '2025-11-28 10:00:18'),
(305, 21, '2025-12-09', 36, 0, '2025-12', '2025-11-28 10:00:18'),
(306, 6, '2025-12-09', 41, 0, '2025-12', '2025-11-28 10:00:18'),
(307, 5, '2025-12-10', 36, 0, '2025-12', '2025-11-28 10:00:18'),
(308, 21, '2025-12-10', 36, 0, '2025-12', '2025-11-28 10:00:18'),
(309, 6, '2025-12-10', 41, 0, '2025-12', '2025-11-28 10:00:18'),
(310, 5, '2025-12-11', 36, 0, '2025-12', '2025-11-28 10:00:18'),
(311, 21, '2025-12-11', 36, 0, '2025-12', '2025-11-28 10:00:18'),
(312, 6, '2025-12-11', 41, 0, '2025-12', '2025-11-28 10:00:18'),
(313, 5, '2025-12-12', 36, 0, '2025-12', '2025-11-28 10:00:18'),
(314, 21, '2025-12-12', 36, 0, '2025-12', '2025-11-28 10:00:18'),
(315, 6, '2025-12-12', 41, 0, '2025-12', '2025-11-28 10:00:18'),
(316, 5, '2025-12-13', 36, 0, '2025-12', '2025-11-28 10:00:18'),
(317, 21, '2025-12-13', 36, 0, '2025-12', '2025-11-28 10:00:18'),
(318, 6, '2025-12-13', 41, 0, '2025-12', '2025-11-28 10:00:18'),
(319, 5, '2025-12-14', NULL, 1, '2025-12', '2025-11-28 10:00:18'),
(320, 6, '2025-12-14', NULL, 1, '2025-12', '2025-11-28 10:00:18'),
(321, 21, '2025-12-14', NULL, 1, '2025-12', '2025-11-28 10:00:18'),
(322, 5, '2025-12-15', 36, 0, '2025-12', '2025-11-28 10:00:18'),
(323, 6, '2025-12-15', 36, 0, '2025-12', '2025-11-28 10:00:18'),
(324, 21, '2025-12-15', 41, 0, '2025-12', '2025-11-28 10:00:18'),
(325, 5, '2025-12-16', 36, 0, '2025-12', '2025-11-28 10:00:18'),
(326, 6, '2025-12-16', 36, 0, '2025-12', '2025-11-28 10:00:18'),
(327, 21, '2025-12-16', 41, 0, '2025-12', '2025-11-28 10:00:18'),
(328, 5, '2025-12-17', 36, 0, '2025-12', '2025-11-28 10:00:18'),
(329, 6, '2025-12-17', 36, 0, '2025-12', '2025-11-28 10:00:18'),
(330, 21, '2025-12-17', 41, 0, '2025-12', '2025-11-28 10:00:18'),
(331, 6, '2025-12-18', 40, 0, '2025-12', '2025-11-28 10:53:07'),
(332, 5, '2025-12-18', 41, 0, '2025-12', '2025-11-28 10:00:18'),
(333, 21, '2025-12-18', NULL, 1, '2025-12', '2025-11-28 10:00:18'),
(334, 21, '2025-12-19', 36, 0, '2025-12', '2025-11-28 10:00:18'),
(335, 6, '2025-12-19', 36, 0, '2025-12', '2025-11-28 10:00:18'),
(336, 5, '2025-12-19', 41, 0, '2025-12', '2025-11-28 10:00:18'),
(337, 21, '2025-12-20', 36, 0, '2025-12', '2025-11-28 10:00:18'),
(338, 6, '2025-12-20', 36, 0, '2025-12', '2025-11-28 10:00:18'),
(339, 5, '2025-12-20', 41, 0, '2025-12', '2025-11-28 10:00:18'),
(340, 21, '2025-12-21', 36, 0, '2025-12', '2025-11-28 10:00:18'),
(341, 5, '2025-12-21', NULL, 1, '2025-12', '2025-11-28 10:00:18'),
(342, 6, '2025-12-21', NULL, 1, '2025-12', '2025-11-28 10:00:18'),
(343, 21, '2025-12-22', 36, 0, '2025-12', '2025-11-28 10:00:18'),
(344, 6, '2025-12-22', 36, 0, '2025-12', '2025-11-28 10:00:18'),
(345, 5, '2025-12-22', 41, 0, '2025-12', '2025-11-28 10:00:18'),
(346, 21, '2025-12-23', 36, 0, '2025-12', '2025-11-28 10:00:18'),
(347, 6, '2025-12-23', 36, 0, '2025-12', '2025-11-28 10:00:18'),
(348, 5, '2025-12-23', 41, 0, '2025-12', '2025-11-28 10:00:18'),
(349, 21, '2025-12-24', 36, 0, '2025-12', '2025-11-28 10:00:18'),
(350, 6, '2025-12-24', 36, 0, '2025-12', '2025-11-28 10:00:18'),
(351, 5, '2025-12-24', 41, 0, '2025-12', '2025-11-28 10:00:18'),
(352, 5, '2025-12-25', 41, 0, '2025-12', '2025-11-28 10:00:18'),
(353, 6, '2025-12-25', NULL, 1, '2025-12', '2025-11-28 10:00:18'),
(354, 21, '2025-12-25', NULL, 1, '2025-12', '2025-11-28 10:00:18'),
(355, 21, '2025-12-26', 36, 0, '2025-12', '2025-11-28 10:00:18'),
(356, 6, '2025-12-26', 41, 0, '2025-12', '2025-11-28 10:00:18'),
(357, 5, '2025-12-26', NULL, 1, '2025-12', '2025-11-28 10:00:18'),
(358, 21, '2025-12-27', 36, 0, '2025-12', '2025-11-28 10:00:18'),
(359, 5, '2025-12-27', 41, 0, '2025-12', '2025-11-28 10:00:18'),
(360, 6, '2025-12-27', NULL, 1, '2025-12', '2025-11-28 10:00:18'),
(361, 21, '2025-12-28', 36, 0, '2025-12', '2025-11-28 10:00:18'),
(362, 6, '2025-12-28', 41, 0, '2025-12', '2025-11-28 10:00:18'),
(363, 5, '2025-12-28', NULL, 1, '2025-12', '2025-11-28 10:00:18'),
(364, 5, '2025-12-29', 41, 0, '2025-12', '2025-11-28 10:00:18'),
(365, 6, '2025-12-29', NULL, 1, '2025-12', '2025-11-28 10:00:18'),
(366, 21, '2025-12-29', NULL, 1, '2025-12', '2025-11-28 10:00:18'),
(367, 6, '2025-12-30', 41, 0, '2025-12', '2025-11-28 10:00:18'),
(368, 5, '2025-12-30', NULL, 1, '2025-12', '2025-11-28 10:00:18'),
(369, 21, '2025-12-30', NULL, 1, '2025-12', '2025-11-28 10:00:18'),
(370, 5, '2025-12-31', 41, 0, '2025-12', '2025-11-28 10:00:18'),
(371, 6, '2025-12-31', NULL, 1, '2025-12', '2025-11-28 10:00:18'),
(372, 21, '2025-12-31', NULL, 1, '2025-12', '2025-11-28 10:00:18');

-- --------------------------------------------------------

--
-- Cấu trúc bảng cho bảng `employeeofficialschedule`
--

DROP TABLE IF EXISTS `employeeofficialschedule`;
CREATE TABLE IF NOT EXISTS `employeeofficialschedule` (
  `officialID` int NOT NULL AUTO_INCREMENT,
  `employeeID` int NOT NULL COMMENT 'Nhân viên được xếp lịch (FK từ bảng users)',
  `date` date NOT NULL COMMENT 'Ngày làm việc',
  `shiftID` int DEFAULT NULL COMMENT 'Ca làm việc chính thức (FK từ bảng shifts). NULL nếu là ngày nghỉ.',
  `isdayoff` tinyint(1) NOT NULL DEFAULT '0' COMMENT '1 = ngày nghỉ, 0 = đi làm',
  `monthyear` varchar(7) CHARACTER SET utf8mb4 COLLATE utf8mb4_unicode_ci NOT NULL COMMENT 'Tháng/Năm áp dụng lịch (ví dụ: 2025-12)',
  `approvedbymanagerID` int DEFAULT NULL COMMENT 'Manager đã duyệt (FK từ bảng users)',
  `publisheddate` datetime DEFAULT CURRENT_TIMESTAMP COMMENT 'Ngày hoàn tất/công bố',
  PRIMARY KEY (`officialID`),
  UNIQUE KEY `UQ_Employee_Date_Schedule` (`employeeID`,`date`) COMMENT 'Mỗi nhân viên chỉ có 1 lịch/ngày',
  KEY `IX_schedule_month_year` (`monthyear`),
  KEY `FK_schedule_shift` (`shiftID`),
  KEY `FK_schedule_manager` (`approvedbymanagerID`)
) ENGINE=InnoDB AUTO_INCREMENT=16 DEFAULT CHARSET=utf8mb4 COLLATE=utf8mb4_unicode_ci;

--
-- Đang đổ dữ liệu cho bảng `employeeofficialschedule`
--

INSERT INTO `employeeofficialschedule` (`officialID`, `employeeID`, `date`, `shiftID`, `isdayoff`, `monthyear`, `approvedbymanagerID`, `publisheddate`) VALUES
(7, 20, '2025-11-19', 46, 0, '2025-11', 1, '2025-11-19 17:43:29'),
(14, 21, '2025-11-29', 46, 0, '2025-11', 21, '2025-11-19 17:43:29'),
(15, 21, '2025-11-30', 46, 0, '2025-11', 21, '2025-11-19 17:43:29');

-- --------------------------------------------------------

--
-- Cấu trúc bảng cho bảng `insurancesettings`
--

DROP TABLE IF EXISTS `insurancesettings`;
CREATE TABLE IF NOT EXISTS `insurancesettings` (
  `SettingID` int NOT NULL AUTO_INCREMENT,
  `Type` enum('SOCIAL','HEALTH','UNEMPLOYMENT','UNION','ACCIDENT') CHARACTER SET utf8mb4 COLLATE utf8mb4_unicode_ci NOT NULL COMMENT 'BHXH, BHYT, BHTN, Công đoàn, Tai nạn LĐ & BNN',
  `EmployeeRate` decimal(5,2) NOT NULL COMMENT 'Tỷ lệ nhân viên đóng (%)',
  `CompanyRate` decimal(5,2) NOT NULL COMMENT 'Tỷ lệ công ty đóng (%)',
  `CapType` enum('BASIC_SALARY_CAP','REGION_MIN_SALARY_CAP','CUSTOM','NO_CAP') COLLATE utf8mb4_unicode_ci DEFAULT 'BASIC_SALARY_CAP' COMMENT 'Loại trần bảo hiểm: BASIC_SALARY_CAP (lương cơ sở), REGION_MIN_SALARY_CAP (lương tối thiểu vùng), CUSTOM (tự định), NO_CAP (không trần)',
  `CappedSalary` decimal(15,2) DEFAULT NULL COMMENT 'Mức lương trần đóng BH. Nếu NULL thì tính theo công thức',
  `EffectiveDate` date NOT NULL COMMENT 'Ngày áp dụng',
  `IsActive` tinyint(1) DEFAULT '1',
  PRIMARY KEY (`SettingID`)
) ENGINE=InnoDB AUTO_INCREMENT=6 DEFAULT CHARSET=utf8mb4 COLLATE=utf8mb4_unicode_ci;

--
-- Đang đổ dữ liệu cho bảng `insurancesettings`
--

INSERT INTO `insurancesettings` (`SettingID`, `Type`, `EmployeeRate`, `CompanyRate`, `CapType`, `CappedSalary`, `EffectiveDate`, `IsActive`) VALUES
(1, 'SOCIAL', 8.00, 17.50, 'BASIC_SALARY_CAP', NULL, '2025-01-01', 1),
(2, 'HEALTH', 1.50, 3.00, 'BASIC_SALARY_CAP', NULL, '2025-01-01', 1),
(3, 'UNEMPLOYMENT', 1.00, 1.00, 'REGION_MIN_SALARY_CAP', NULL, '2025-01-01', 1),
(4, 'ACCIDENT', 0.00, 0.50, 'NO_CAP', NULL, '2025-01-01', 1),
(5, 'UNION', 0.00, 2.00, 'NO_CAP', NULL, '2025-01-01', 1);

-- --------------------------------------------------------

--
-- Cấu trúc bảng cho bảng `leavebalance`
--

DROP TABLE IF EXISTS `leavebalance`;
CREATE TABLE IF NOT EXISTS `leavebalance` (
  `userID` int NOT NULL COMMENT 'FK: Bảng users',
  `leavetypeid` int NOT NULL COMMENT 'FK: Bảng shifts (tham chiếu ID của AL, SL, PL...)',
  `year` int NOT NULL COMMENT 'Năm áp dụng (VD: 2025)',
  `totalgranted` int NOT NULL DEFAULT '0',
  `carriedover` int NOT NULL DEFAULT '0',
  `daysused` int NOT NULL DEFAULT '0',
  `lastupdated` datetime DEFAULT CURRENT_TIMESTAMP ON UPDATE CURRENT_TIMESTAMP,
  PRIMARY KEY (`userID`,`leavetypeid`,`year`) COMMENT 'Mỗi NV chỉ có 1 số dư cho 1 loại phép/năm',
  KEY `FK_leavebalance_Shift` (`leavetypeid`)
) ENGINE=InnoDB DEFAULT CHARSET=utf8mb4 COLLATE=utf8mb4_unicode_ci COMMENT='Số dư phép của từng nhân viên';

--
-- Đang đổ dữ liệu cho bảng `leavebalance`
--

INSERT INTO `leavebalance` (`userID`, `leavetypeid`, `year`, `totalgranted`, `carriedover`, `daysused`, `lastupdated`) VALUES
(1, 53, 2025, 12, 0, 0, '2025-11-14 22:14:46'),
(1, 54, 2025, 30, 0, 0, '2025-11-14 22:14:46'),
(1, 55, 2025, 14, 0, 0, '2025-11-14 22:14:46'),
(2, 53, 2025, 12, 0, 0, '2025-11-14 22:14:46'),
(2, 54, 2025, 30, 0, 0, '2025-11-14 22:14:46'),
(2, 55, 2025, 14, 0, 0, '2025-11-14 22:14:46'),
(3, 53, 2025, 12, 0, 0, '2025-11-14 22:14:46'),
(3, 54, 2025, 30, 0, 0, '2025-11-14 22:14:46'),
(3, 56, 2025, 180, 0, 0, '2025-11-14 22:14:46'),
(4, 53, 2025, 12, 0, 0, '2025-11-14 22:14:46'),
(4, 54, 2025, 30, 0, 0, '2025-11-14 22:14:46'),
(4, 55, 2025, 14, 0, 0, '2025-11-14 22:14:46'),
(5, 53, 2025, 12, 0, 0, '2025-11-14 22:14:46'),
(5, 54, 2025, 30, 0, 0, '2025-11-14 22:14:46'),
(5, 56, 2025, 180, 0, 0, '2025-11-14 22:14:46'),
(6, 53, 2025, 12, 0, 0, '2025-11-14 22:14:46'),
(6, 54, 2025, 30, 0, 0, '2025-11-14 22:14:46'),
(6, 55, 2025, 14, 0, 0, '2025-11-14 22:14:46'),
(7, 53, 2025, 12, 0, 0, '2025-11-14 22:14:46'),
(7, 54, 2025, 30, 0, 0, '2025-11-14 22:14:46'),
(7, 55, 2025, 14, 0, 0, '2025-11-14 22:14:46'),
(8, 53, 2025, 12, 0, 0, '2025-11-14 22:14:46'),
(8, 54, 2025, 30, 0, 0, '2025-11-14 22:14:46'),
(8, 56, 2025, 180, 0, 0, '2025-11-14 22:14:46'),
(9, 53, 2025, 12, 0, 0, '2025-11-14 22:14:46'),
(9, 54, 2025, 30, 0, 0, '2025-11-14 22:14:46'),
(9, 56, 2025, 180, 0, 0, '2025-11-14 22:14:46'),
(10, 53, 2025, 12, 0, 0, '2025-11-14 22:14:46'),
(10, 54, 2025, 30, 0, 0, '2025-11-14 22:14:46'),
(10, 55, 2025, 14, 0, 0, '2025-11-14 22:14:46'),
(11, 53, 2025, 12, 0, 0, '2025-11-14 22:14:46'),
(11, 54, 2025, 30, 0, 0, '2025-11-14 22:14:46'),
(11, 55, 2025, 14, 0, 0, '2025-11-14 22:14:46'),
(12, 53, 2025, 12, 0, 0, '2025-11-14 22:14:46'),
(12, 54, 2025, 30, 0, 0, '2025-11-14 22:14:46'),
(12, 56, 2025, 180, 0, 0, '2025-11-14 22:14:46'),
(13, 53, 2025, 12, 0, 0, '2025-11-14 22:14:46'),
(13, 54, 2025, 30, 0, 0, '2025-11-14 22:14:46'),
(13, 56, 2025, 180, 0, 0, '2025-11-14 22:14:46'),
(14, 53, 2025, 12, 0, 0, '2025-11-14 22:14:46'),
(14, 54, 2025, 30, 0, 0, '2025-11-14 22:14:46'),
(14, 55, 2025, 14, 0, 0, '2025-11-14 22:14:46'),
(15, 53, 2025, 12, 0, 0, '2025-11-14 22:14:46'),
(15, 54, 2025, 30, 0, 0, '2025-11-14 22:14:46'),
(15, 56, 2025, 180, 0, 0, '2025-11-14 22:14:46'),
(16, 53, 2025, 12, 0, 0, '2025-11-14 22:14:46'),
(16, 54, 2025, 30, 0, 0, '2025-11-14 22:14:46'),
(16, 56, 2025, 180, 0, 0, '2025-11-14 22:14:46'),
(17, 53, 2025, 12, 0, 0, '2025-11-14 22:14:46'),
(17, 54, 2025, 30, 0, 0, '2025-11-14 22:14:46'),
(17, 56, 2025, 180, 0, 0, '2025-11-14 22:14:46'),
(18, 53, 2025, 12, 0, 1, '2025-11-14 22:14:46'),
(18, 54, 2025, 30, 0, 1, '2025-11-14 22:14:46'),
(18, 56, 2025, 180, 0, 0, '2025-11-14 22:14:46'),
(19, 53, 2025, 12, 0, 0, '2025-11-14 22:14:46'),
(19, 54, 2025, 30, 0, 0, '2025-11-14 22:14:46'),
(19, 55, 2025, 14, 0, 0, '2025-11-14 22:14:46');

-- --------------------------------------------------------

--
-- Cấu trúc bảng cho bảng `leavepolicy`
--

DROP TABLE IF EXISTS `leavepolicy`;
CREATE TABLE IF NOT EXISTS `leavepolicy` (
  `policyID` int NOT NULL AUTO_INCREMENT,
  `leavetype` enum('ANNUAL','SICK','MATERNITY','PATERNITY') COLLATE utf8mb4_unicode_ci NOT NULL,
  `minyearsservice` int NOT NULL COMMENT 'Thâm niên tối thiểu (năm)',
  `maxyearsservice` int DEFAULT NULL,
  `jobtype` varchar(100) COLLATE utf8mb4_unicode_ci DEFAULT NULL,
  `days` int NOT NULL,
  `description` varchar(255) CHARACTER SET utf8mb4 COLLATE utf8mb4_unicode_ci DEFAULT NULL COMMENT 'Mô tả (VD: "Nhân viên dưới 5 năm")',
  `leavetypeid` int DEFAULT NULL,
  PRIMARY KEY (`policyID`),
  KEY `FK_Policy_Shift` (`leavetypeid`)
) ENGINE=InnoDB AUTO_INCREMENT=15 DEFAULT CHARSET=utf8mb4 COLLATE=utf8mb4_unicode_ci COMMENT='Chính sách phép năm theo thâm niên';

--
-- Đang đổ dữ liệu cho bảng `leavepolicy`
--

INSERT INTO `leavepolicy` (`policyID`, `leavetype`, `minyearsservice`, `maxyearsservice`, `jobtype`, `days`, `description`, `leavetypeid`) VALUES
(1, 'ANNUAL', 0, 5, NULL, 12, 'Nhân viên có thâm niên dưới 5 năm', 53),
(2, 'ANNUAL', 5, 10, NULL, 13, 'Nhân viên có thâm niên từ 5 đến dưới 10 năm', 53),
(3, 'ANNUAL', 10, NULL, NULL, 14, 'Nhân viên có thâm niên từ 10 năm trở lên', 53),
(7, 'SICK', 0, 15, 'NORMAL', 30, 'Phép ốm cho nhân viên đóng BHXH dưới 15 năm', 54),
(8, 'SICK', 15, 30, 'NORMAL', 40, 'Phép ốm cho nhân viên đóng BHXH từ 15 năm - 30 năm', 54),
(9, 'SICK', 30, NULL, 'NORMAL', 60, 'Phép ốm cho nhân viên đóng BHXH từ 30 năm trở lên', 54),
(10, 'MATERNITY', 0, NULL, NULL, 180, 'Nghỉ thai sản', 56),
(11, 'PATERNITY', 0, NULL, NULL, 14, 'Nhân viên có vợ sinh con', 55),
(12, 'SICK', 0, 15, 'DANGER', 40, 'Phép ốm (Độc hại) cho nhân viên đóng BHXH dưới 15 năm', 54),
(13, 'SICK', 15, 30, 'DANGER', 50, 'Phép ốm (Độc hại) cho nhân viên đóng BHXH từ 15 năm - 30 năm', 54),
(14, 'SICK', 30, NULL, 'DANGER', 70, 'Phép ốm (Độc hại) cho nhân viên đóng BHXH từ 30 năm trở lên', 54);

-- --------------------------------------------------------

--
-- Cấu trúc bảng cho bảng `leaverequests`
--

DROP TABLE IF EXISTS `leaverequests`;
CREATE TABLE IF NOT EXISTS `leaverequests` (
  `leaverequestID` int NOT NULL AUTO_INCREMENT,
  `leavetype` enum('ANNUAL','SICK','MATERNITY','PATERNITY','UNPAID') CHARACTER SET utf8mb4 COLLATE utf8mb4_unicode_ci NOT NULL DEFAULT 'ANNUAL',
  `startdate` date NOT NULL,
  `enddate` date NOT NULL,
  `reason` text COLLATE utf8mb4_unicode_ci,
  `status` enum('PENDING','APPROVED','REJECTED') COLLATE utf8mb4_unicode_ci NOT NULL DEFAULT 'PENDING',
  `requestdate` date DEFAULT NULL,
  `userID` int DEFAULT NULL,
  `shiftID` int DEFAULT NULL,
  PRIMARY KEY (`leaverequestID`),
  KEY `userID` (`userID`),
  KEY `FK_Request_Shift` (`shiftID`)
) ENGINE=InnoDB AUTO_INCREMENT=9 DEFAULT CHARSET=utf8mb4 COLLATE=utf8mb4_unicode_ci;

--
-- Đang đổ dữ liệu cho bảng `leaverequests`
--

INSERT INTO `leaverequests` (`leaverequestID`, `leavetype`, `startdate`, `enddate`, `reason`, `status`, `requestdate`, `userID`, `shiftID`) VALUES
(1, 'SICK', '2025-10-29', '2025-10-29', 'Bị sốt', 'APPROVED', '2025-10-28', 6, 54),
(2, 'ANNUAL', '2025-11-05', '2025-11-06', 'Gia đình có việc', 'PENDING', '2025-10-28', 12, 53),
(3, 'ANNUAL', '2025-10-20', '2025-10-20', 'Việc cá nhân', 'REJECTED', '2025-10-19', 8, 53),
(5, 'SICK', '2025-12-01', '2025-12-02', 'Test API tạo đơn từ Postman', 'PENDING', '2025-11-13', 15, 54),
(6, 'SICK', '2025-12-06', '2025-12-06', 'Test API tạo đơn từ Postman', 'REJECTED', '2025-11-13', 18, 54),
(7, 'ANNUAL', '2025-12-02', '2025-12-02', 'đi chơi', 'APPROVED', '2025-11-24', 18, 53),
(8, 'SICK', '2025-12-03', '2025-12-03', 'bệnh Ho ', 'APPROVED', '2025-11-24', 18, 54);

-- --------------------------------------------------------

--
-- Cấu trúc bảng cho bảng `monthlypayrollconfigs`
--

DROP TABLE IF EXISTS `monthlypayrollconfigs`;
CREATE TABLE IF NOT EXISTS `monthlypayrollconfigs` (
  `ConfigID` int NOT NULL AUTO_INCREMENT,
  `Month` int NOT NULL,
  `Year` int NOT NULL,
  `CycleStartDate` date NOT NULL,
  `CycleEndDate` date NOT NULL,
  `StandardWorkDays` decimal(4,2) DEFAULT '26.00',
  PRIMARY KEY (`ConfigID`),
  UNIQUE KEY `UQ_Month_Year` (`Month`,`Year`)
) ENGINE=InnoDB AUTO_INCREMENT=13 DEFAULT CHARSET=utf8mb4 COLLATE=utf8mb4_unicode_ci;

--
-- Đang đổ dữ liệu cho bảng `monthlypayrollconfigs`
--

INSERT INTO `monthlypayrollconfigs` (`ConfigID`, `Month`, `Year`, `CycleStartDate`, `CycleEndDate`, `StandardWorkDays`) VALUES
(1, 1, 2025, '2024-12-26', '2025-01-25', 26.00),
(2, 2, 2025, '2025-01-26', '2025-02-25', 24.00),
(3, 3, 2025, '2025-02-26', '2025-03-25', 26.00),
(4, 4, 2025, '2025-03-26', '2025-04-25', 26.00),
(5, 5, 2025, '2025-04-26', '2025-05-25', 26.00),
(6, 6, 2025, '2025-05-26', '2025-06-25', 26.00),
(7, 7, 2025, '2025-06-26', '2025-07-25', 26.00),
(8, 8, 2025, '2025-07-26', '2025-08-25', 26.00),
(9, 9, 2025, '2025-08-26', '2025-09-25', 26.00),
(10, 10, 2025, '2025-09-26', '2025-10-25', 26.00),
(11, 11, 2025, '2025-10-26', '2025-11-25', 26.00),
(12, 12, 2025, '2025-11-26', '2025-12-25', 26.00);

-- --------------------------------------------------------

--
-- Cấu trúc bảng cho bảng `overtime`
--

DROP TABLE IF EXISTS `overtime`;
CREATE TABLE IF NOT EXISTS `overtime` (
  `id` int NOT NULL AUTO_INCREMENT,
  `userid` int NOT NULL COMMENT 'ID nhân viên (FK)',
  `overtimetypeid` int NOT NULL COMMENT 'ID loại tăng ca (FK)',
  `date` date NOT NULL COMMENT 'Ngày làm thêm giờ',
  `hours` double NOT NULL COMMENT 'Số giờ làm thêm',
  `status` varchar(20) COLLATE utf8mb4_unicode_ci DEFAULT 'APPROVED' COMMENT 'Trạng thái: APPROVED, PENDING, REJECTED',
  `reason` text COLLATE utf8mb4_unicode_ci COMMENT 'Lý do làm thêm',
  PRIMARY KEY (`id`),
  KEY `fk_overtime_users` (`userid`),
  KEY `fk_overtime_type` (`overtimetypeid`)
) ENGINE=InnoDB AUTO_INCREMENT=4 DEFAULT CHARSET=utf8mb4 COLLATE=utf8mb4_unicode_ci;

--
-- Đang đổ dữ liệu cho bảng `overtime`
--

INSERT INTO `overtime` (`id`, `userid`, `overtimetypeid`, `date`, `hours`, `status`, `reason`) VALUES
(1, 1, 1, '2025-10-15', 3, 'APPROVED', 'Chạy deadline dự án'),
(2, 1, 2, '2025-10-19', 4, 'APPROVED', 'Bảo trì hệ thống cuối tuần'),
(3, 2, 1, '2025-10-20', 2, 'PENDING', 'Hỗ trợ khách hàng muộn');

-- --------------------------------------------------------

--
-- Cấu trúc bảng cho bảng `overtimetypes`
--

DROP TABLE IF EXISTS `overtimetypes`;
CREATE TABLE IF NOT EXISTS `overtimetypes` (
  `OvertimeTypeID` int NOT NULL AUTO_INCREMENT,
  `OtCode` varchar(20) CHARACTER SET utf8mb4 COLLATE utf8mb4_unicode_ci NOT NULL,
  `OtName` varchar(100) CHARACTER SET utf8mb4 COLLATE utf8mb4_unicode_ci NOT NULL,
  `Rate` decimal(5,2) NOT NULL COMMENT 'Hệ số nhân (1.5, 2.0...)',
  `CalculationType` enum('MULTIPLIER','ADDITIVE','FIXED_AMOUNT') COLLATE utf8mb4_unicode_ci DEFAULT 'MULTIPLIER' COMMENT 'MULTIPLIER: nhân hệ số (1.5x, 2x), ADDITIVE: cộng thêm % (+30%, +50%), FIXED_AMOUNT: số tiền cố định',
  `IsTaxExemptPart` tinyint(1) DEFAULT '1' COMMENT '1=Phần chênh lệch được miễn thuế',
  `TaxExemptFormula` enum('NONE','EXCESS_ONLY','FULL_AMOUNT','PERCENTAGE','CUSTOM') COLLATE utf8mb4_unicode_ci DEFAULT 'EXCESS_ONLY' COMMENT 'NONE: không miễn thuế, EXCESS_ONLY: chỉ phần vượt, FULL_AMOUNT: toàn bộ, PERCENTAGE: theo %, CUSTOM: công thức riêng',
  `TaxExemptPercentage` decimal(5,2) DEFAULT '0.00' COMMENT 'Tỷ lệ % được miễn thuế (dùng khi TaxExemptFormula = PERCENTAGE)',
  `Description` text COLLATE utf8mb4_unicode_ci COMMENT 'Mô tả chi tiết cách tính OT này',
  PRIMARY KEY (`OvertimeTypeID`),
  UNIQUE KEY `OtCode` (`OtCode`)
) ENGINE=InnoDB AUTO_INCREMENT=5 DEFAULT CHARSET=utf8mb4 COLLATE=utf8mb4_unicode_ci;

--
-- Đang đổ dữ liệu cho bảng `overtimetypes`
--

INSERT INTO `overtimetypes` (`OvertimeTypeID`, `OtCode`, `OtName`, `Rate`, `CalculationType`, `IsTaxExemptPart`, `TaxExemptFormula`, `TaxExemptPercentage`, `Description`) VALUES
(1, 'OT_WEEKDAY', 'Làm thêm ngày thường', 1.50, 'MULTIPLIER', 1, 'EXCESS_ONLY', 0.00, 'Làm thêm giờ ngày thường: 150% lương giờ. Phần vượt 100% được miễn thuế.'),
(2, 'OT_WEEKEND', 'Làm thêm ngày nghỉ tuần', 2.00, 'MULTIPLIER', 1, 'EXCESS_ONLY', 0.00, 'Làm thêm giờ ngày nghỉ tuần: 200% lương giờ. Phần vượt 100% được miễn thuế.'),
(3, 'OT_HOLIDAY', 'Làm thêm ngày Lễ/Tết', 3.00, 'MULTIPLIER', 1, 'EXCESS_ONLY', 0.00, 'Làm thêm giờ ngày Lễ/Tết: 300% lương giờ. Phần vượt 100% được miễn thuế.'),
(4, 'OT_NIGHT', 'Làm việc ban đêm (Phụ trội)', 0.30, 'ADDITIVE', 1, 'EXCESS_ONLY', 0.00, 'Phụ trội làm đêm (22h-6h): +30% lương giờ. Toàn bộ chịu thuế.');

-- --------------------------------------------------------

--
-- Cấu trúc bảng cho bảng `payrolldetails`
--

DROP TABLE IF EXISTS `payrolldetails`;
CREATE TABLE IF NOT EXISTS `payrolldetails` (
  `paydetailID` int NOT NULL AUTO_INCREMENT,
  `description` varchar(255) COLLATE utf8mb4_unicode_ci DEFAULT NULL,
  `type` enum('bonus','deduction','allowance') COLLATE utf8mb4_unicode_ci NOT NULL,
  `amount` decimal(15,2) NOT NULL,
  `payID` int DEFAULT NULL,
  PRIMARY KEY (`paydetailID`),
  KEY `payID` (`payID`)
) ENGINE=InnoDB AUTO_INCREMENT=9 DEFAULT CHARSET=utf8mb4 COLLATE=utf8mb4_unicode_ci;

--
-- Đang đổ dữ liệu cho bảng `payrolldetails`
--

INSERT INTO `payrolldetails` (`paydetailID`, `description`, `type`, `amount`, `payID`) VALUES
(1, 'Thưởng chuyên cần', 'bonus', 500000.00, 1),
(2, 'Thưởng vượt năng suất', 'bonus', 200000.00, 2),
(3, 'Phạt đi trễ', 'deduction', 100000.00, 2);

-- --------------------------------------------------------

--
-- Cấu trúc bảng cho bảng `payrolls`
--

DROP TABLE IF EXISTS `payrolls`;
CREATE TABLE IF NOT EXISTS `payrolls` (
  `payID` int NOT NULL AUTO_INCREMENT,
  `basesalary` decimal(15,2) NOT NULL,
  `bonus` decimal(15,2) DEFAULT '0.00',
  `penalty` decimal(15,2) DEFAULT '0.00',
  `hoursofwork` float DEFAULT NULL,
  `PIT` decimal(15,2) DEFAULT '0.00' COMMENT 'Thuế Thu nhập cá nhân (PIT)',
  `netsalary` decimal(15,2) NOT NULL,
  `payperiod` varchar(7) COLLATE utf8mb4_unicode_ci NOT NULL,
  `userID` int DEFAULT NULL,
  `totalincome` decimal(15,2) NOT NULL DEFAULT '0.00' COMMENT 'Tổng thu nhập (Gross)',
  `totalinsuranceemployee` decimal(15,2) NOT NULL DEFAULT '0.00' COMMENT 'Tổng BH nhân viên đóng',
  `assessableincome` decimal(15,2) NOT NULL DEFAULT '0.00' COMMENT 'Thu nhập chịu thuế (TNCT)',
  `taxableincome` decimal(15,2) NOT NULL DEFAULT '0.00' COMMENT 'Thu nhập tính thuế (TNTT)',
  `actualworkdays` double DEFAULT '0' COMMENT 'Số ngày công thực tế (WorkDays)',
  `totalovertimepay` decimal(15,2) DEFAULT '0.00' COMMENT 'Tổng tiền tăng ca (OvertimePay)',
  `OtTaxExempt` decimal(15,2) DEFAULT '0.00' COMMENT 'Tổng tiền OT được miễn thuế',
  `totalallowance` decimal(15,2) DEFAULT '0.00' COMMENT 'Tổng tiền phụ cấp (Allowance)',
  `insurancebase` decimal(15,2) DEFAULT NULL COMMENT 'Mức lương đóng bảo hiểm (cơ sở)',
  `bhxh_emp` decimal(15,2) DEFAULT NULL COMMENT 'BHXH nhân viên đóng',
  `bhyt_emp` decimal(15,2) DEFAULT NULL COMMENT 'BHYT nhân viên đóng',
  `bhtn_emp` decimal(15,2) DEFAULT NULL COMMENT 'BHTN nhân viên đóng',
  `bhxh_comp` decimal(15,2) DEFAULT NULL COMMENT 'BHXH công ty đóng',
  `bhyt_comp` decimal(15,2) DEFAULT NULL COMMENT 'BHYT công ty đóng',
  `bhtn_comp` decimal(15,2) DEFAULT NULL COMMENT 'BHTN công ty đóng',
  PRIMARY KEY (`payID`),
  UNIQUE KEY `UQ_User_Period` (`userID`,`payperiod`)
) ENGINE=InnoDB AUTO_INCREMENT=590 DEFAULT CHARSET=utf8mb4 COLLATE=utf8mb4_unicode_ci;

--
-- Đang đổ dữ liệu cho bảng `payrolls`
--

INSERT INTO `payrolls` (`payID`, `basesalary`, `bonus`, `penalty`, `hoursofwork`, `PIT`, `netsalary`, `payperiod`, `userID`, `totalincome`, `totalinsuranceemployee`, `assessableincome`, `taxableincome`, `actualworkdays`, `totalovertimepay`, `OtTaxExempt`, `totalallowance`, `insurancebase`, `bhxh_emp`, `bhyt_emp`, `bhtn_emp`, `bhxh_comp`, `bhyt_comp`, `bhtn_comp`) VALUES
(1, 10000000.00, 500000.00, 0.00, 176, 0.00, 10500000.00, '2025-09', 6, 0.00, 0.00, 0.00, 0.00, 0, 0.00, 0.00, 0.00, NULL, NULL, NULL, NULL, NULL, NULL, NULL),
(2, 9000000.00, 200000.00, 100000.00, 180, 0.00, 9100000.00, '2025-09', 8, 0.00, 0.00, 0.00, 0.00, 0, 0.00, 0.00, 0.00, NULL, NULL, NULL, NULL, NULL, NULL, NULL),
(569, 30000000.00, 0.00, 0.00, NULL, 0.00, 580000.00, '2025-11', 1, 3730000.00, 3150000.00, 0.00, -19950000.00, 0, 0.00, 0.00, 3730000.00, 30000000.00, 2400000.00, 450000.00, 300000.00, 5250000.00, 900000.00, 300000.00),
(570, 15000000.00, 0.00, 0.00, NULL, 0.00, -845000.00, '2025-11', 2, 730000.00, 1575000.00, 0.00, -16975000.00, 0, 0.00, 0.00, 730000.00, 15000000.00, 1200000.00, 225000.00, 150000.00, 2625000.00, 450000.00, 150000.00),
(571, 25000000.00, 0.00, 0.00, NULL, 0.00, 1105000.00, '2025-11', 3, 3730000.00, 2625000.00, 0.00, -15025000.00, 0, 0.00, 0.00, 3730000.00, 25000000.00, 2000000.00, 375000.00, 250000.00, 4375000.00, 750000.00, 250000.00),
(572, 12000000.00, 0.00, 0.00, NULL, 0.00, -130000.00, '2025-11', 4, 1130000.00, 1260000.00, 0.00, -16260000.00, 0, 0.00, 0.00, 1130000.00, 12000000.00, 960000.00, 180000.00, 120000.00, 2100000.00, 360000.00, 120000.00),
(573, 22000000.00, 0.00, 0.00, NULL, 0.00, 2266153.85, '2025-11', 5, 4576153.85, 2310000.00, 0.00, -18263846.15, 1, 0.00, 0.00, 3730000.00, 22000000.00, 1760000.00, 330000.00, 220000.00, 3850000.00, 660000.00, 220000.00),
(574, 10000000.00, 0.00, 200000.00, NULL, 0.00, 749230.77, '2025-11', 6, 1999230.77, 1050000.00, 0.00, -15680769.23, 2, 0.00, 0.00, 1230000.00, 10000000.00, 800000.00, 150000.00, 100000.00, 1750000.00, 300000.00, 100000.00),
(575, 20000000.00, 0.00, 0.00, NULL, 0.00, 1630000.00, '2025-11', 7, 3730000.00, 2100000.00, 0.00, -14500000.00, 0, 0.00, 0.00, 3730000.00, 20000000.00, 1600000.00, 300000.00, 200000.00, 3500000.00, 600000.00, 200000.00),
(576, 9000000.00, 2000000.00, 0.00, NULL, 0.00, 2631153.85, '2025-11', 8, 3576153.85, 945000.00, 0.00, -15998846.15, 1, 0.00, 0.00, 1230000.00, 9000000.00, 720000.00, 135000.00, 90000.00, 1575000.00, 270000.00, 90000.00),
(577, 18000000.00, 0.00, 0.00, NULL, 0.00, 5070000.00, '2025-11', 9, 6960000.00, 1890000.00, 0.00, -16690000.00, 0, 0.00, 0.00, 6960000.00, 18000000.00, 1440000.00, 270000.00, 180000.00, 3150000.00, 540000.00, 180000.00),
(578, 9000000.00, 0.00, 0.00, NULL, 0.00, 515000.00, '2025-11', 10, 1460000.00, 945000.00, 0.00, -16345000.00, 0, 0.00, 0.00, 1460000.00, 9000000.00, 720000.00, 135000.00, 90000.00, 1575000.00, 270000.00, 90000.00),
(579, 17000000.00, 0.00, 0.00, NULL, 0.00, 2345000.00, '2025-11', 11, 4130000.00, 1785000.00, 0.00, -13785000.00, 0, 0.00, 0.00, 4130000.00, 17000000.00, 1360000.00, 255000.00, 170000.00, 2975000.00, 510000.00, 170000.00),
(580, 8000000.00, 0.00, 0.00, NULL, 0.00, 597692.31, '2025-11', 12, 1437692.31, 840000.00, 0.00, -15532307.69, 1, 0.00, 0.00, 1130000.00, 8000000.00, 640000.00, 120000.00, 80000.00, 1400000.00, 240000.00, 80000.00),
(581, 14000000.00, 0.00, 0.00, NULL, 0.00, -340000.00, '2025-11', 13, 1130000.00, 1470000.00, 0.00, -16470000.00, 0, 0.00, 0.00, 1130000.00, 14000000.00, 1120000.00, 210000.00, 140000.00, 2450000.00, 420000.00, 140000.00),
(582, 5000000.00, 0.00, 0.00, NULL, 0.00, 1130000.00, '2025-11', 14, 1130000.00, 0.00, 0.00, -15000000.00, 0, 0.00, 0.00, 1130000.00, 0.00, 0.00, 0.00, 0.00, 0.00, 0.00, 0.00),
(583, 9500000.00, 0.00, 0.00, NULL, 0.00, -267500.00, '2025-11', 15, 730000.00, 997500.00, 0.00, -16397500.00, 0, 0.00, 0.00, 730000.00, 9500000.00, 760000.00, 142500.00, 95000.00, 1662500.00, 285000.00, 95000.00),
(584, 9200000.00, 0.00, 1000000.00, NULL, 0.00, -1236000.00, '2025-11', 16, 730000.00, 966000.00, 0.00, -16366000.00, 0, 0.00, 0.00, 730000.00, 9200000.00, 736000.00, 138000.00, 92000.00, 1610000.00, 276000.00, 92000.00),
(585, 8800000.00, 0.00, 0.00, NULL, 0.00, 306000.00, '2025-11', 17, 1230000.00, 924000.00, 0.00, -16324000.00, 0, 0.00, 0.00, 1230000.00, 8800000.00, 704000.00, 132000.00, 88000.00, 1540000.00, 264000.00, 88000.00),
(586, 15000000.00, 0.00, 0.00, NULL, 0.00, -1575000.00, '2025-11', 18, 0.00, 1575000.00, 0.00, -16975000.00, 0, 0.00, 0.00, 0.00, 15000000.00, 1200000.00, 225000.00, 150000.00, 2625000.00, 450000.00, 150000.00),
(587, 15000000.00, 0.00, 0.00, NULL, 0.00, -1575000.00, '2025-11', 19, 0.00, 1575000.00, 0.00, -16975000.00, 0, 0.00, 0.00, 0.00, 15000000.00, 1200000.00, 225000.00, 150000.00, 2625000.00, 450000.00, 150000.00),
(588, 7500000.00, 0.00, 0.00, NULL, 0.00, 730000.00, '2025-11', 20, 730000.00, 0.00, 0.00, -11000000.00, 0, 0.00, 0.00, 730000.00, 0.00, 0.00, 0.00, 0.00, 0.00, 0.00, 0.00),
(589, 15000000.00, 0.00, 0.00, NULL, 0.00, 10540384.62, '2025-11', 21, 12115384.62, 1575000.00, 0.00, -459615.38, 21, 0.00, 0.00, 0.00, 15000000.00, 1200000.00, 225000.00, 150000.00, 2625000.00, 450000.00, 150000.00);

-- --------------------------------------------------------

--
-- Cấu trúc bảng cho bảng `permissions`
--

DROP TABLE IF EXISTS `permissions`;
CREATE TABLE IF NOT EXISTS `permissions` (
  `permissionID` int NOT NULL AUTO_INCREMENT,
  `permissionname` varchar(255) COLLATE utf8mb4_unicode_ci NOT NULL,
  `description` text COLLATE utf8mb4_unicode_ci,
  PRIMARY KEY (`permissionID`),
  UNIQUE KEY `permissionname` (`permissionname`)
) ENGINE=InnoDB AUTO_INCREMENT=10 DEFAULT CHARSET=utf8mb4 COLLATE=utf8mb4_unicode_ci;

--
-- Đang đổ dữ liệu cho bảng `permissions`
--

INSERT INTO `permissions` (`permissionID`, `permissionname`, `description`) VALUES
(1, 'manage_all_users', 'Tạo, sửa, xóa tất cả người dùng'),
(2, 'manage_department_users', 'Quản lý người dùng trong phòng ban của mình'),
(3, 'manage_payroll', 'Quản lý, tính toán lương cho mọi người'),
(4, 'view_own_payroll', 'Chỉ xem được bảng lương của bản thân'),
(5, 'manage_leave_requests', 'Duyệt/từ chối đơn nghỉ phép của mọi người'),
(6, 'approve_leave_requests', 'Duyệt/tối chối đơn của phòng ban mình'),
(7, 'request_leave', 'Tạo đơn xin nghỉ phép'),
(8, 'manage_attendance', 'Quản lý chấm công của mọi người'),
(9, 'view_own_attendance', 'Xem chấm công của bản thân');

-- --------------------------------------------------------

--
-- Cấu trúc bảng cho bảng `requirementrules`
--

DROP TABLE IF EXISTS `requirementrules`;
CREATE TABLE IF NOT EXISTS `requirementrules` (
  `ruleID` int NOT NULL AUTO_INCREMENT COMMENT 'Khóa chính',
  `requirementID` int NOT NULL COMMENT 'Liên kết tới schedule_requirements',
  `requiredskillGrade` int NOT NULL COMMENT 'Cấp kỹ năng yêu cầu (ví dụ: 3)',
  `minstaffcount` int NOT NULL DEFAULT '1' COMMENT 'Số lượng nhân viên TỐI THIỂU phải có kỹ năng này (ví dụ: 1)',
  PRIMARY KEY (`ruleID`),
  KEY `FK_rule_req` (`requirementID`)
) ENGINE=InnoDB AUTO_INCREMENT=17 DEFAULT CHARSET=utf8mb4 COLLATE=utf8mb4_unicode_ci COMMENT='Quy tắc kỹ năng chi tiết cho một yêu cầu nhân sự';

--
-- Đang đổ dữ liệu cho bảng `requirementrules`
--

INSERT INTO `requirementrules` (`ruleID`, `requirementID`, `requiredskillGrade`, `minstaffcount`) VALUES
(7, 2, 3, 1),
(9, 3, 3, 1),
(11, 7, 1, 1),
(12, 6, 3, 0),
(14, 12, 3, 2),
(15, 12, 1, 1),
(16, 14, 1, 1);

-- --------------------------------------------------------

--
-- Cấu trúc bảng cho bảng `rewardpunishmentdecisions`
--

DROP TABLE IF EXISTS `rewardpunishmentdecisions`;
CREATE TABLE IF NOT EXISTS `rewardpunishmentdecisions` (
  `DecisionID` int NOT NULL AUTO_INCREMENT,
  `UserID` int NOT NULL,
  `Type` enum('REWARD','PUNISHMENT') COLLATE utf8mb4_unicode_ci NOT NULL COMMENT 'Khen thưởng hoặc Kỷ luật',
  `Reason` text CHARACTER SET utf8mb4 COLLATE utf8mb4_unicode_ci NOT NULL COMMENT 'Lý do',
  `DecisionDate` date NOT NULL COMMENT 'Ngày ra quyết định',
  `Amount` decimal(15,2) DEFAULT '0.00' COMMENT 'Số tiền',
  `IsTaxExempt` tinyint(1) DEFAULT '0' COMMENT '1=Miễn thuế TNCN, 0=Chịu thuế',
  `Status` enum('PENDING','APPROVED','PROCESSED','CANCELLED') COLLATE utf8mb4_unicode_ci DEFAULT 'PENDING' COMMENT 'Processed=Đã tính vào lương',
  PRIMARY KEY (`DecisionID`),
  KEY `FK_Decision_User` (`UserID`)
) ENGINE=InnoDB AUTO_INCREMENT=11 DEFAULT CHARSET=utf8mb4 COLLATE=utf8mb4_unicode_ci;

--
-- Đang đổ dữ liệu cho bảng `rewardpunishmentdecisions`
--

INSERT INTO `rewardpunishmentdecisions` (`DecisionID`, `UserID`, `Type`, `Reason`, `DecisionDate`, `Amount`, `IsTaxExempt`, `Status`) VALUES
(1, 10, 'PUNISHMENT', 'Vi phạm quy trình vận hành máy in làm hỏng vật tư', '2025-11-05', 500000.00, 0, 'PROCESSED'),
(2, 10, 'REWARD', 'Đạt thành tích nhân viên xuất sắc tháng 11', '2025-11-28', 1000000.00, 1, 'PROCESSED'),
(3, 6, 'PUNISHMENT', 'Đi muộn 3 lần trong tháng 11', '2025-11-25', 200000.00, 0, 'APPROVED'),
(4, 16, 'PUNISHMENT', 'Làm hỏng bản in số lượng lớn (Lỗi vận hành)', '2025-11-20', 1000000.00, 0, 'APPROVED'),
(5, 12, 'REWARD', 'Nhân viên CSKH có phản hồi tốt nhất tháng', '2025-11-30', 500000.00, 1, 'APPROVED'),
(6, 8, 'REWARD', 'Sáng kiến cải tiến quy trình đóng gói', '2025-11-15', 2000000.00, 1, 'APPROVED'),
(7, 5, 'REWARD', 'Hoàn thành dự án bảo trì sớm hạn', '2025-11-28', 3000000.00, 1, 'APPROVED'),
(8, 6, 'REWARD', 'Thưởng chuyên cần tháng 09/2025', '2025-09-30', 500000.00, 1, 'PROCESSED'),
(9, 8, 'REWARD', 'Thưởng vượt năng suất tháng 09/2025', '2025-09-30', 200000.00, 1, 'PROCESSED'),
(10, 8, 'PUNISHMENT', 'Vi phạm quy định giờ giấc (Đi trễ)', '2025-09-15', 100000.00, 0, 'PROCESSED');

-- --------------------------------------------------------

--
-- Cấu trúc bảng cho bảng `roles`
--

DROP TABLE IF EXISTS `roles`;
CREATE TABLE IF NOT EXISTS `roles` (
  `roleID` int NOT NULL AUTO_INCREMENT,
  `rolename` varchar(100) COLLATE utf8mb4_unicode_ci NOT NULL,
  PRIMARY KEY (`roleID`),
  UNIQUE KEY `rolename` (`rolename`)
) ENGINE=InnoDB AUTO_INCREMENT=5 DEFAULT CHARSET=utf8mb4 COLLATE=utf8mb4_unicode_ci;

--
-- Đang đổ dữ liệu cho bảng `roles`
--

INSERT INTO `roles` (`roleID`, `rolename`) VALUES
(1, 'Admin'),
(4, 'Employee'),
(2, 'HR'),
(3, 'Manager');

-- --------------------------------------------------------

--
-- Cấu trúc bảng cho bảng `rolespermissions`
--

DROP TABLE IF EXISTS `rolespermissions`;
CREATE TABLE IF NOT EXISTS `rolespermissions` (
  `roleID` int NOT NULL,
  `permissionID` int NOT NULL,
  PRIMARY KEY (`roleID`,`permissionID`),
  KEY `permissionID` (`permissionID`)
) ENGINE=InnoDB DEFAULT CHARSET=utf8mb4 COLLATE=utf8mb4_unicode_ci;

--
-- Đang đổ dữ liệu cho bảng `rolespermissions`
--

INSERT INTO `rolespermissions` (`roleID`, `permissionID`) VALUES
(1, 1),
(2, 1),
(3, 2),
(1, 3),
(2, 3),
(2, 4),
(3, 4),
(4, 4),
(1, 5),
(2, 5),
(3, 6),
(2, 7),
(3, 7),
(4, 7),
(1, 8),
(2, 8),
(2, 9),
(3, 9),
(4, 9);

-- --------------------------------------------------------

--
-- Cấu trúc bảng cho bảng `salaryformulas`
--

DROP TABLE IF EXISTS `salaryformulas`;
CREATE TABLE IF NOT EXISTS `salaryformulas` (
  `FormulaID` int NOT NULL AUTO_INCREMENT,
  `Name` varchar(100) COLLATE utf8mb4_unicode_ci NOT NULL,
  `Code` varchar(50) COLLATE utf8mb4_unicode_ci NOT NULL,
  `Calculation` text COLLATE utf8mb4_unicode_ci NOT NULL,
  `Type` enum('INCOME','DEDUCTION','TAX','NET') COLLATE utf8mb4_unicode_ci NOT NULL,
  `Priority` int DEFAULT '0',
  `IsActive` tinyint(1) DEFAULT '1',
  PRIMARY KEY (`FormulaID`),
  UNIQUE KEY `Code` (`Code`)
) ENGINE=InnoDB AUTO_INCREMENT=15 DEFAULT CHARSET=utf8mb4 COLLATE=utf8mb4_unicode_ci;

--
-- Đang đổ dữ liệu cho bảng `salaryformulas`
--

INSERT INTO `salaryformulas` (`FormulaID`, `Name`, `Code`, `Calculation`, `Type`, `Priority`, `IsActive`) VALUES
(1, 'Lương ngày công', 'WORK_SALARY', '([BASE_SALARY] / [STD_DAYS]) * [REAL_WORK_DAYS]', 'INCOME', 1, 1),
(2, 'Lương làm thêm giờ', 'OT_INCOME', '([BASE_SALARY] / [STD_DAYS] / 8) * [OT_HOURS] * 1.5', 'INCOME', 2, 1),
(3, 'Tổng thu nhập', 'TOTAL_INCOME', '[WORK_SALARY] + [TOTAL_ALLOWANCE] + [OT_INCOME] + [TOTAL_REWARD]', 'INCOME', 3, 1),
(4, 'Khấu trừ Bảo hiểm', 'INSURANCE_AMT', '[BHXH_EMP] + [BHYT_EMP] + [BHTN_EMP]', 'DEDUCTION', 4, 1),
(5, 'Thu nhập tính thuế', 'TAXABLE_INCOME', '[TOTAL_INCOME] - [TAX_EXEMPT_INCOME] - [OT_TAX_EXEMPT] - [INSURANCE_AMT] - [FAMILY_DEDUCTION]', 'INCOME', 5, 1),
(6, 'Thuế TNCN', 'PIT_TAX', '0', 'TAX', 6, 1),
(7, 'Thực lĩnh (NET)', 'NET_SALARY', '[TOTAL_INCOME] - [INSURANCE_AMT] - [PIT_TAX] - [TOTAL_PENALTY]', 'NET', 99, 1),
(8, 'Phần OT miễn thuế', 'OT_TAX_EXEMPT', '[OT_INCOME] - ([OT_HOURS] * ([BASE_SALARY] / [STD_DAYS] / 8))', 'INCOME', 3, 1),
(9, 'BHXH Nhân viên (8%)', 'BHXH_EMP', 'min([INSURANCE_SALARY], [BASIC_SALARY_STATE] * [INSURANCE_CAP_MULTIPLIER]) * 0.08', 'DEDUCTION', 4, 1),
(10, 'BHYT Nhân viên (1.5%)', 'BHYT_EMP', 'min([INSURANCE_SALARY], [BASIC_SALARY_STATE] * [INSURANCE_CAP_MULTIPLIER]) * 0.015', 'DEDUCTION', 4, 1),
(11, 'BHTN Nhân viên (1%)', 'BHTN_EMP', 'min([INSURANCE_SALARY], [REGION_MIN_SALARY] * [INSURANCE_CAP_MULTIPLIER]) * 0.01', 'DEDUCTION', 4, 1),
(12, 'BHXH Công ty (17.5%)', 'BHXH_COMP', 'min([INSURANCE_SALARY], [BASIC_SALARY_STATE] * [INSURANCE_CAP_MULTIPLIER]) * 0.175', 'DEDUCTION', 4, 1),
(13, 'BHYT Công ty (3%)', 'BHYT_COMP', 'min([INSURANCE_SALARY], [BASIC_SALARY_STATE] * [INSURANCE_CAP_MULTIPLIER]) * 0.03', 'DEDUCTION', 4, 1),
(14, 'BHTN Công ty (1%)', 'BHTN_COMP', 'min([INSURANCE_SALARY], [REGION_MIN_SALARY] * [INSURANCE_CAP_MULTIPLIER]) * 0.01', 'DEDUCTION', 4, 1);

-- --------------------------------------------------------

--
-- Cấu trúc bảng cho bảng `salaryvariables`
--

DROP TABLE IF EXISTS `salaryvariables`;
CREATE TABLE IF NOT EXISTS `salaryvariables` (
  `VariableID` int NOT NULL AUTO_INCREMENT,
  `Name` varchar(100) COLLATE utf8mb4_unicode_ci NOT NULL,
  `Code` varchar(50) COLLATE utf8mb4_unicode_ci NOT NULL,
  `Description` text COLLATE utf8mb4_unicode_ci,
  `SQLQuery` text COLLATE utf8mb4_unicode_ci COMMENT 'Câu lệnh Native SQL để lấy giá trị',
  PRIMARY KEY (`VariableID`),
  UNIQUE KEY `Code` (`Code`)
) ENGINE=InnoDB AUTO_INCREMENT=18 DEFAULT CHARSET=utf8mb4 COLLATE=utf8mb4_unicode_ci;

--
-- Đang đổ dữ liệu cho bảng `salaryvariables`
--

INSERT INTO `salaryvariables` (`VariableID`, `Name`, `Code`, `Description`, `SQLQuery`) VALUES
(1, 'Lương cơ bản (HĐLĐ)', 'BASE_SALARY', 'Lấy từ bảng Contracts', 'SELECT COALESCE(basesalary, 0) FROM contracts WHERE userID = :userId AND Status = \'ACTIVE\' LIMIT 1'),
(2, 'Ngày công chuẩn tháng', 'STD_DAYS', 'Lấy từ MonthlyPayrollConfigs', 'SELECT StandardWorkDays FROM monthlypayrollconfigs WHERE Month = :month AND Year = :year'),
(3, 'Ngày công đi làm thực tế', 'REAL_WORK_DAYS', 'Tổng số ngày có mặt + Nghỉ phép có lương', 'SELECT COALESCE(COUNT(*), 0) FROM attendances WHERE userID = :userId AND date BETWEEN :startDate AND :endDate AND status = \'PRESENT\''),
(4, 'Tổng tiền Phụ cấp', 'TOTAL_ALLOWANCE', 'Tổng bảng ContractAllowances', 'SELECT COALESCE(SUM(Amount), 0) FROM contractallowances ca JOIN contracts c ON ca.ContractID = c.contractID WHERE c.userID = :userId AND c.Status = \'ACTIVE\''),
(5, 'Tổng tiền Thưởng', 'TOTAL_REWARD', 'Tổng RewardPunishmentDecisions loại REWARD', 'SELECT COALESCE(SUM(Amount), 0) FROM rewardpunishmentdecisions WHERE UserID = :userId AND Type = \'REWARD\' AND Status = \'APPROVED\' AND DecisionDate BETWEEN :startDate AND :endDate'),
(6, 'Tổng tiền Phạt', 'TOTAL_PENALTY', 'Tổng RewardPunishmentDecisions loại PUNISHMENT', 'SELECT COALESCE(SUM(Amount), 0) FROM rewardpunishmentdecisions WHERE UserID = :userId AND Type = \'PUNISHMENT\' AND Status = \'APPROVED\' AND DecisionDate BETWEEN :startDate AND :endDate'),
(7, 'Giờ tăng ca', 'OT_HOURS', 'Tổng số giờ làm thêm', 'SELECT COALESCE(SUM(hours), 0) FROM overtime WHERE userid = :userId AND date BETWEEN :startDate AND :endDate AND status = \'APPROVED\''),
(8, 'Lương đóng bảo hiểm', 'INSURANCE_SALARY', 'Lấy từ bảng Contracts', 'SELECT COALESCE(InsuranceSalary, 0) FROM contracts WHERE userID = :userId AND Status = \'ACTIVE\' LIMIT 1'),
(9, 'Tổng thu nhập chịu thuế', 'TAXABLE_INCOME', 'Tổng thu nhập - Các khoản miễn thuế', NULL),
(10, 'Tổng thu nhập miễn thuế', 'TAX_EXEMPT_INCOME', 'Tổng TaxFreeAmount + Chênh lệch OT', '\nSELECT \n    (SELECT COALESCE(SUM(TaxFreeAmount), 0) FROM contractallowances ca JOIN contracts c ON ca.ContractID = c.contractID WHERE c.userID = :userId AND c.Status = \'ACTIVE\')\n    +\n    (SELECT COALESCE(SUM(Amount), 0) FROM rewardpunishmentdecisions WHERE UserID = :userId AND Type = \'REWARD\' AND Status = \'APPROVED\' AND IsTaxExempt = 1 AND DecisionDate BETWEEN :startDate AND :endDate)\n'),
(11, 'Giảm trừ gia cảnh', 'FAMILY_DEDUCTION', '11tr + (Người phụ thuộc * 4.4tr)', '\nSELECT \n    (SELECT Value FROM taxsettings WHERE SettingKey = \'PERSONAL_DEDUCTION\' ORDER BY EffectiveDate DESC LIMIT 1) \n    + \n    (\n      (SELECT COALESCE(COUNT(*), 0) FROM dependents WHERE userID = :userId AND istaxdeductible = 1) \n      * (SELECT Value FROM taxsettings WHERE SettingKey = \'DEPENDENT_DEDUCTION\' ORDER BY EffectiveDate DESC LIMIT 1)\n    )\n'),
(12, 'Thu nhập tính thuế', 'ASSESSABLE_INCOME', 'Thu nhập chịu thuế - Bảo hiểm - Giảm trừ gia cảnh', NULL),
(13, 'Số người phụ thuộc', 'DEPENDENT_COUNT', 'Lấy từ bảng dependents', 'SELECT COALESCE(COUNT(*), 0) FROM dependents WHERE userID = :userId AND istaxdeductible = 1'),
(14, 'Lương cơ sở nhà nước', 'BASIC_SALARY_STATE', 'Lấy từ bảng TaxSettings', 'SELECT Value FROM taxsettings WHERE SettingKey = \'BASIC_SALARY_STATE\' AND EffectiveDate <= :endDate ORDER BY EffectiveDate DESC LIMIT 1'),
(15, 'Lương tối thiểu vùng', 'REGION_MIN_SALARY', 'Lấy từ bảng TaxSettings', 'SELECT Value FROM taxsettings WHERE SettingKey = \'REGION_MIN_SALARY\' AND EffectiveDate <= :endDate ORDER BY EffectiveDate DESC LIMIT 1'),
(16, 'Hệ số trần bảo hiểm', 'INSURANCE_CAP_MULTIPLIER', 'Lấy từ bảng TaxSettings (thường là 20 lần)', 'SELECT Value FROM taxsettings WHERE SettingKey = \'INSURANCE_CAP_MULTIPLIER\' AND EffectiveDate <= :endDate ORDER BY EffectiveDate DESC LIMIT 1'),
(17, 'Giới hạn ăn ca miễn thuế', 'LUNCH_ALLOWANCE_LIMIT', 'Lấy từ bảng TaxSettings', 'SELECT Value FROM taxsettings WHERE SettingKey = \'LUNCH_ALLOWANCE_LIMIT\' AND EffectiveDate <= :endDate ORDER BY EffectiveDate DESC LIMIT 1');

-- --------------------------------------------------------

--
-- Cấu trúc bảng cho bảng `schedulerequirements`
--

DROP TABLE IF EXISTS `schedulerequirements`;
CREATE TABLE IF NOT EXISTS `schedulerequirements` (
  `requirementID` int NOT NULL AUTO_INCREMENT COMMENT 'Khóa chính',
  `departmentID` int NOT NULL COMMENT 'FK - Áp dụng cho phòng ban nào (ví dụ: In ấn)',
  `shiftID` int NOT NULL COMMENT 'FK - Áp dụng cho ca nào (ví dụ: C808)',
  `totalstaffneeded` int NOT NULL DEFAULT '0' COMMENT 'Tổng số nhân viên cần (ví dụ: 3)',
  PRIMARY KEY (`requirementID`),
  UNIQUE KEY `UQ_Dept_Shift` (`departmentID`,`shiftID`) COMMENT 'Mỗi phòng ban/ca chỉ có 1 yêu cầu',
  KEY `FK_schedule_req_shift` (`shiftID`)
) ENGINE=InnoDB AUTO_INCREMENT=16 DEFAULT CHARSET=utf8mb4 COLLATE=utf8mb4_unicode_ci COMMENT='Nhu cầu nhân sự cơ bản cho ca làm việc của phòng ban';

--
-- Đang đổ dữ liệu cho bảng `schedulerequirements`
--

INSERT INTO `schedulerequirements` (`requirementID`, `departmentID`, `shiftID`, `totalstaffneeded`) VALUES
(2, 5, 36, 3),
(3, 5, 41, 3),
(6, 4, 41, 3),
(7, 4, 36, 1),
(12, 3, 36, 2),
(14, 3, 41, 1);

-- --------------------------------------------------------

--
-- Cấu trúc bảng cho bảng `shifts`
--

DROP TABLE IF EXISTS `shifts`;
CREATE TABLE IF NOT EXISTS `shifts` (
  `shiftID` int NOT NULL AUTO_INCREMENT,
  `shiftname` varchar(100) COLLATE utf8mb4_unicode_ci NOT NULL,
  `starttime` time NOT NULL,
  `endtime` time NOT NULL,
  `durationhours` int NOT NULL,
  PRIMARY KEY (`shiftID`)
) ENGINE=InnoDB AUTO_INCREMENT=58 DEFAULT CHARSET=utf8mb4 COLLATE=utf8mb4_unicode_ci;

--
-- Đang đổ dữ liệu cho bảng `shifts`
--

INSERT INTO `shifts` (`shiftID`, `shiftname`, `starttime`, `endtime`, `durationhours`) VALUES
(1, 'Hành chính', '08:00:00', '17:00:00', 0),
(2, 'Ca Sáng (SX)', '06:00:00', '14:00:00', 0),
(3, 'Ca Chiều (SX)', '14:00:00', '22:00:00', 0),
(4, 'Ca Đêm (SX)', '22:00:00', '06:00:00', 0),
(5, 'C601', '01:00:00', '07:00:00', 6),
(6, 'C602', '02:00:00', '08:00:00', 6),
(7, 'C603', '03:00:00', '09:00:00', 6),
(8, 'C604', '04:00:00', '10:00:00', 6),
(9, 'C605', '05:00:00', '11:00:00', 6),
(10, 'C606', '06:00:00', '12:00:00', 6),
(11, 'C607', '07:00:00', '13:00:00', 6),
(12, 'C608', '08:00:00', '14:00:00', 6),
(13, 'C609', '09:00:00', '15:00:00', 6),
(14, 'C610', '10:00:00', '16:00:00', 6),
(15, 'C611', '11:00:00', '17:00:00', 6),
(16, 'C612', '12:00:00', '18:00:00', 6),
(17, 'C613', '13:00:00', '19:00:00', 6),
(18, 'C614', '14:00:00', '20:00:00', 6),
(19, 'C615', '15:00:00', '21:00:00', 6),
(20, 'C616', '16:00:00', '22:00:00', 6),
(21, 'C617', '17:00:00', '23:00:00', 6),
(22, 'C618', '18:00:00', '00:00:00', 6),
(23, 'C619', '19:00:00', '01:00:00', 6),
(24, 'C620', '20:00:00', '02:00:00', 6),
(25, 'C621', '21:00:00', '03:00:00', 6),
(26, 'C622', '22:00:00', '04:00:00', 6),
(27, 'C623', '23:00:00', '05:00:00', 6),
(28, 'C624', '00:00:00', '06:00:00', 6),
(29, 'C801', '01:00:00', '10:00:00', 8),
(30, 'C802', '02:00:00', '11:00:00', 8),
(31, 'C803', '03:00:00', '12:00:00', 8),
(32, 'C804', '04:00:00', '13:00:00', 8),
(33, 'C805', '05:00:00', '14:00:00', 8),
(34, 'C806', '06:00:00', '15:00:00', 8),
(35, 'C807', '07:00:00', '16:00:00', 8),
(36, 'C808', '08:00:00', '17:00:00', 8),
(37, 'C809', '09:00:00', '18:00:00', 8),
(38, 'C810', '10:00:00', '19:00:00', 8),
(39, 'C811', '11:00:00', '20:00:00', 8),
(40, 'C812', '12:00:00', '21:00:00', 8),
(41, 'C813', '13:00:00', '22:00:00', 8),
(42, 'C814', '14:00:00', '23:00:00', 8),
(43, 'C815', '15:00:00', '00:00:00', 8),
(44, 'C816', '16:00:00', '01:00:00', 8),
(45, 'C817', '17:00:00', '02:00:00', 8),
(46, 'C818', '18:00:00', '03:00:00', 8),
(47, 'C819', '19:00:00', '04:00:00', 8),
(48, 'C820', '20:00:00', '05:00:00', 8),
(49, 'C821', '21:00:00', '06:00:00', 8),
(50, 'C822', '22:00:00', '07:00:00', 8),
(51, 'C823', '23:00:00', '08:00:00', 8),
(52, 'C824', '00:00:00', '09:00:00', 8),
(53, 'AL (Anually Leave)', '00:00:00', '00:00:00', 0),
(54, 'SL (Sick Leave)', '00:00:00', '00:00:00', 0),
(55, 'PL (Paternity Leave)', '00:00:00', '00:00:00', 0),
(56, 'ML (Maternity Leave)', '00:00:00', '00:00:00', 0),
(57, 'UL (Unpaid Leave)', '00:00:00', '00:00:00', 0);

-- --------------------------------------------------------

--
-- Cấu trúc bảng cho bảng `taxbrackets`
--

DROP TABLE IF EXISTS `taxbrackets`;
CREATE TABLE IF NOT EXISTS `taxbrackets` (
  `BracketID` int NOT NULL AUTO_INCREMENT,
  `Level` int NOT NULL,
  `MinIncome` decimal(15,2) NOT NULL,
  `MaxIncome` decimal(15,2) DEFAULT NULL,
  `TaxRate` decimal(5,2) NOT NULL,
  `SubtractionAmount` decimal(15,2) DEFAULT '0.00',
  `EffectiveDate` date NOT NULL,
  PRIMARY KEY (`BracketID`)
) ENGINE=InnoDB AUTO_INCREMENT=8 DEFAULT CHARSET=utf8mb4 COLLATE=utf8mb4_unicode_ci;

--
-- Đang đổ dữ liệu cho bảng `taxbrackets`
--

INSERT INTO `taxbrackets` (`BracketID`, `Level`, `MinIncome`, `MaxIncome`, `TaxRate`, `SubtractionAmount`, `EffectiveDate`) VALUES
(1, 1, 0.00, 5000000.00, 5.00, 0.00, '2025-01-01'),
(2, 2, 5000001.00, 10000000.00, 10.00, 250000.00, '2025-01-01'),
(3, 3, 10000001.00, 18000000.00, 15.00, 750000.00, '2025-01-01'),
(4, 4, 18000001.00, 32000000.00, 20.00, 1650000.00, '2025-01-01'),
(5, 5, 32000001.00, 52000000.00, 25.00, 3250000.00, '2025-01-01'),
(6, 6, 52000001.00, 80000000.00, 30.00, 5850000.00, '2025-01-01'),
(7, 7, 80000001.00, NULL, 35.00, 9850000.00, '2025-01-01');

-- --------------------------------------------------------

--
-- Cấu trúc bảng cho bảng `taxsettings`
--

DROP TABLE IF EXISTS `taxsettings`;
CREATE TABLE IF NOT EXISTS `taxsettings` (
  `SettingID` int NOT NULL AUTO_INCREMENT,
  `SettingKey` enum('PERSONAL_DEDUCTION','DEPENDENT_DEDUCTION','BASIC_SALARY_STATE','REGION_MIN_SALARY','LUNCH_ALLOWANCE_LIMIT','INSURANCE_CAP_MULTIPLIER','HOURS_PER_WORKDAY') COLLATE utf8mb4_unicode_ci NOT NULL,
  `Value` decimal(15,2) NOT NULL,
  `EffectiveDate` date NOT NULL,
  `IsActive` tinyint(1) NOT NULL DEFAULT '1',
  `Description` varchar(255) COLLATE utf8mb4_unicode_ci DEFAULT NULL COMMENT 'Mô tả chi tiết về tham số',
  PRIMARY KEY (`SettingID`),
  UNIQUE KEY `uk_setting_date` (`SettingKey`,`EffectiveDate`)
) ENGINE=MyISAM AUTO_INCREMENT=8 DEFAULT CHARSET=utf8mb4 COLLATE=utf8mb4_unicode_ci;

--
-- Đang đổ dữ liệu cho bảng `taxsettings`
--

INSERT INTO `taxsettings` (`SettingID`, `SettingKey`, `Value`, `EffectiveDate`, `IsActive`, `Description`) VALUES
(1, 'PERSONAL_DEDUCTION', 11000000.00, '2024-01-01', 1, 'Giảm trừ bản thân (VN)'),
(2, 'DEPENDENT_DEDUCTION', 4400000.00, '2024-01-01', 1, 'Giảm trừ người phụ thuộc (VN)'),
(3, 'BASIC_SALARY_STATE', 2340000.00, '2024-01-01', 1, 'Lương cơ sở nhà nước'),
(4, 'REGION_MIN_SALARY', 4960000.00, '2024-01-01', 1, 'Lương tối thiểu vùng I'),
(5, 'LUNCH_ALLOWANCE_LIMIT', 1000000.00, '2024-01-01', 1, 'Tiền ăn ca tối đa không chịu thuế TNCN'),
(6, 'INSURANCE_CAP_MULTIPLIER', 20.00, '2024-01-01', 1, 'Số lần lương cơ sở để tính trần BHXH/BHYT'),
(7, 'HOURS_PER_WORKDAY', 8.00, '2024-01-01', 1, 'Số giờ làm việc chuẩn trong 1 ngày (dùng tính overtime)');

-- --------------------------------------------------------

--
-- Cấu trúc bảng cho bảng `userpermissions`
--

DROP TABLE IF EXISTS `userpermissions`;
CREATE TABLE IF NOT EXISTS `userpermissions` (
  `userID` int NOT NULL,
  `permissionID` int NOT NULL,
  `activepermission` tinyint(1) DEFAULT '1',
  PRIMARY KEY (`userID`,`permissionID`),
  KEY `permissionID` (`permissionID`)
) ENGINE=InnoDB DEFAULT CHARSET=utf8mb4 COLLATE=utf8mb4_unicode_ci;

-- --------------------------------------------------------

--
-- Cấu trúc bảng cho bảng `users`
--

DROP TABLE IF EXISTS `users`;
CREATE TABLE IF NOT EXISTS `users` (
  `userID` int NOT NULL AUTO_INCREMENT,
  `username` varchar(100) COLLATE utf8mb4_unicode_ci NOT NULL,
  `password` varchar(255) COLLATE utf8mb4_unicode_ci NOT NULL,
  `fullname` varchar(255) COLLATE utf8mb4_unicode_ci NOT NULL,
  `cccd` varchar(20) COLLATE utf8mb4_unicode_ci DEFAULT NULL,
  `email` varchar(255) COLLATE utf8mb4_unicode_ci DEFAULT NULL,
  `phonenumber` varchar(20) COLLATE utf8mb4_unicode_ci DEFAULT NULL,
  `birth` date DEFAULT NULL,
  `gender` tinyint(1) DEFAULT NULL,
  `address` varchar(255) COLLATE utf8mb4_unicode_ci DEFAULT NULL,
  `bankaccount` varchar(50) COLLATE utf8mb4_unicode_ci DEFAULT NULL,
  `bankname` varchar(100) COLLATE utf8mb4_unicode_ci DEFAULT NULL,
  `hiredate` date DEFAULT NULL,
  `status` enum('active','inactive','on_leave') COLLATE utf8mb4_unicode_ci NOT NULL DEFAULT 'active',
  `roleID` int DEFAULT NULL,
  `departmentID` int DEFAULT NULL,
  `skillGrade` int DEFAULT '1',
  `jobtype` varchar(100) COLLATE utf8mb4_unicode_ci NOT NULL DEFAULT 'NORMAL',
  PRIMARY KEY (`userID`),
  UNIQUE KEY `username` (`username`),
  UNIQUE KEY `email` (`email`),
  KEY `roleID` (`roleID`),
  KEY `departmentID` (`departmentID`)
) ENGINE=InnoDB AUTO_INCREMENT=22 DEFAULT CHARSET=utf8mb4 COLLATE=utf8mb4_unicode_ci;

--
-- Đang đổ dữ liệu cho bảng `users`
--

INSERT INTO `users` (`userID`, `username`, `password`, `fullname`, `cccd`, `email`, `phonenumber`, `birth`, `gender`, `address`, `bankaccount`, `bankname`, `hiredate`, `status`, `roleID`, `departmentID`, `skillGrade`, `jobtype`) VALUES
(1, 'admin', '$2a$10$2sQzJxjvMcMeSNOSsysqjOQZzWIpwvHKIdwdeZ.EqQDM6QKcufj0q', 'Phạm Minh Anh', '12345678987', 'admin@manaplastic.com', '0123456789', NULL, 1, NULL, NULL, NULL, '2023-01-01', 'active', 1, 2, 3, 'NORMAL'),
(2, 'it_support', '$2a$10$skyfJgN4n.Z2GMTP7GLnneUFL4cSm1DWoJdSsYGvF06flQTGz1GBC', 'Lê Hỗ Trợ IT', NULL, 'it.support@manaplastic.com', NULL, NULL, 1, NULL, NULL, NULL, '2023-05-10', 'active', 1, 2, 3, 'NORMAL'),
(3, 'hr_manager', '$2a$10$yVs4Kv0e36Kcb8wesofM3enjSu/Kicj5TFJm6YavsG5TDd2kLtsqy', 'Nguyễn Thị Nhân Sự', '012345678906', 'hr.manager@manaplastic.com', '0123456789', '2006-03-02', 0, '123 Cao Lỗ', '1028123123', 'vietcombank', '2023-02-15', 'active', 2, 1, 1, 'NORMAL'),
(4, 'hr_staff', '$2a$10$wnTMZHPSgAkKLfwNCY3cE.ufDKVPHrdWvaJ5oL.o0dKj7kxBMJNXG', 'Phạm Văn Tuyển Dụng', NULL, 'hr.staff@manaplastic.com', NULL, NULL, 1, NULL, NULL, NULL, '2023-08-01', 'active', 2, 1, 1, 'NORMAL'),
(5, 'kythuat_lead', '$2a$10$QP/JCd6cnNgRkFr3BYzbKOSRMIbdI6Y1fE6D.w.p1xfbvQV9y5UJe', 'Võ Văn Kỹ Thuật', NULL, 'kythuat.lead@manaplastic.com', NULL, NULL, 0, NULL, NULL, NULL, '2023-03-01', 'active', 3, 3, 3, 'NORMAL'),
(6, 'kythuat_staff', '$2a$10$TXgpVb3lT7f/1YQxy2i/he2wiepriI6XqcPO2WcxG2xBLt0V9T8HO', 'Hoàng Thị Máy Móc', '012345678911', 'kythuat.staff@manaplastic.com', '0123456789', NULL, 1, NULL, NULL, NULL, '2023-09-10', 'active', 4, 3, 1, 'NORMAL'),
(7, 'sanxuat_lead', '$2a$10$4b25FwYYUWVDgrItKmyyJ.ntqK6S6SJFqLHabuDL.xsoP/yScAov.', 'Trịnh Hữu Sản Xuất', '01234568900', 'sanxuat.lead@manaplastic.com', NULL, NULL, 1, NULL, NULL, NULL, '2023-03-02', 'active', 3, 4, 3, 'NORMAL'),
(8, 'sanxuat_staff', '$2a$10$TxHjoxC0uVKLIDznDhNWmuF73p7LTpVr1Lf1uGdn1lw2lo8gR0ApS', 'Đặng Văn Vận Hành', '09876543211', 'sanxuat.staff@manaplastic.com', NULL, NULL, 0, NULL, NULL, NULL, '2023-09-15', 'active', 4, 4, 1, 'NORMAL'),
(9, 'inan_lead', '$2a$10$6v5RYvb1wRZZ333NkxGDLuVRAgXeG0xHcfsxiBQHV0tXRpvai2yYS', 'Bùi Văn Mực', '123456789876', 'inan.lead@manaplastic.com', NULL, NULL, 0, '123 Cao Lỗ', NULL, 'Vietcombankkkkkkkkkk', '2023-04-01', 'active', 3, 5, 3, 'NORMAL'),
(10, 'inan_staff', '$2a$10$JN0oA3nYZmxvy4FXcXyMHuTBXs4xWWzcoFkXTgSbwgoqyHGmEG3Pm', 'Lý Thị In', '098765432111', 'inan.staff@manaplastic.com', NULL, NULL, 1, NULL, NULL, NULL, '2023-10-01', 'active', 4, 5, 1, 'DANGER'),
(11, 'cskh_lead', '$2a$10$bm/qxbS1udqc01zrB/p/HuNdfz1kH9oFBVpfuLoTaGFLZKEuysMF.', 'Đỗ Thị Khách Hàng', NULL, 'cskh.lead@manaplastic.com', NULL, NULL, 1, NULL, NULL, NULL, '2023-05-01', 'active', 3, 6, 3, 'NORMAL'),
(12, 'cskh_staff', '$2a$10$tHV/qqOG68rkmYyYL82LIe5v1hnm.lzY.SlZclzOZoV6j13l6LtD.', 'Mạc Văn Hài Lòng', NULL, 'cskh.staff@manaplastic.com', NULL, NULL, 0, NULL, NULL, NULL, '2023-11-01', 'active', 4, 6, 1, 'NORMAL'),
(13, '57540101', '$2a$10$xPIdXJigdb91ZNCAFFtTu.4RLJpIYAaQGJ70VlaE2wSblfQznOlDi', 'Phạm Minh Anh HR', '123456789876', NULL, NULL, NULL, 0, NULL, NULL, NULL, '2024-04-28', 'active', 2, 1, 3, 'NORMAL'),
(14, '52082901', '$2a$10$jeaJPcpV3IQMoxGHBLw2teRExwzuD0ZB9ubxat7yzrqgAgfWn.CvS', 'testAddAccountHR', '79203031165', NULL, NULL, NULL, 1, NULL, NULL, NULL, '2023-02-09', 'active', 2, 1, 3, 'NORMAL'),
(15, '71939801', '$2a$10$U0qh1Bel43Hp2K6CbsOCXefQQRgRqPJMU5Sah3eIflWTGeSkZlrPG', 'testAddAccountNV', '79203031168', 'test@gmail.com', NULL, NULL, 0, NULL, NULL, NULL, '2023-02-23', 'active', 4, 5, 3, 'NORMAL'),
(16, '83637905', '$2a$10$IHOeCVrioPATwf9X9s3wh.zNbCKAEHubkZxk8uPfqEWrmUb8mJCGm', 'Phạm Nhân Viên', '12345678922', NULL, '0123456789', NULL, 0, NULL, NULL, NULL, '2024-10-13', 'active', 4, 5, 2, 'NORMAL'),
(17, '72001905', '$2a$10$eQmfti7ZY3a5TXk4xqfSaOc25bW6d1.bScjcFq5pabC7b6D5WTtSK', 'testAddAccountNVinan', '123456789000', NULL, NULL, NULL, 0, NULL, NULL, NULL, '2023-08-03', 'active', 4, 5, 1, 'NORMAL'),
(18, '56885905', '$2a$10$4WtXYERXuVRu89Fh1KVm4uc0PuMsuHbwMg7/32dl9/qbrsFZvin3m', 'testAddAccountNVinan', '12345678900', 'pminhanh1106@gmail.com', NULL, NULL, 0, NULL, NULL, NULL, '2024-02-17', 'active', 4, 5, 2, 'NORMAL'),
(19, '79753710', '$2a$10$vHtQqmnZ0POJYFnxD42L4O./uv5SHW5viV3DZdBCXAa8vpYdD1MQG', 'Phạm Minh Anh Test Pass', '12345678922', 'phamminhanh11623@gmail.com', '0395168006', '2003-06-11', 1, NULL, '1023765488', NULL, '2024-11-27', 'active', 2, 1, 1, 'NORMAL'),
(20, '000020', '$2a$10$gFUhtqQKDR2Lxwp71TlleONgBBbuc7ND.rIf/lhNhksN1lfEEJrbS', 'testAddAccountNVinan logic mới', '012345678900', NULL, NULL, NULL, NULL, NULL, NULL, NULL, '2025-11-15', 'active', 4, 5, 1, 'NORMAL'),
(21, '000021', '$2a$10$hbZy3M1bMaLduAoQQ5g0eOEpoo6CtNZp5P1zi3GofCnBbMNlJnSjO', 'Phạm Minh Anh Kỹ Thuật', '12345678900', 'darkpic1106@gmail.com', '0395168006', '2003-06-11', 1, '123 Cao Lỗ', '1028792003', 'Vietcombank', '2025-11-28', 'active', 3, 3, 1, 'NORMAL');

--
-- Các ràng buộc cho các bảng đã đổ
--

--
-- Các ràng buộc cho bảng `activitylogs`
--
ALTER TABLE `activitylogs`
  ADD CONSTRAINT `activitylogs_ibfk_1` FOREIGN KEY (`userID`) REFERENCES `users` (`userID`) ON DELETE SET NULL ON UPDATE CASCADE;

--
-- Các ràng buộc cho bảng `attendancelogs`
--
ALTER TABLE `attendancelogs`
  ADD CONSTRAINT `attendancelogs_ibfk_1` FOREIGN KEY (`userID`) REFERENCES `users` (`userID`) ON DELETE SET NULL ON UPDATE CASCADE;

--
-- Các ràng buộc cho bảng `attendances`
--
ALTER TABLE `attendances`
  ADD CONSTRAINT `attendances_ibfk_1` FOREIGN KEY (`shiftID`) REFERENCES `shifts` (`shiftID`) ON UPDATE CASCADE,
  ADD CONSTRAINT `attendances_ibfk_2` FOREIGN KEY (`userID`) REFERENCES `users` (`userID`) ON DELETE CASCADE ON UPDATE CASCADE,
  ADD CONSTRAINT `FK_Attendance_CheckInLog` FOREIGN KEY (`checkInLogID`) REFERENCES `attendancelogs` (`attendanceLogID`) ON DELETE SET NULL ON UPDATE CASCADE,
  ADD CONSTRAINT `FK_Attendance_CheckOutLog` FOREIGN KEY (`checkOutLogID`) REFERENCES `attendancelogs` (`attendanceLogID`) ON DELETE SET NULL ON UPDATE CASCADE;

--
-- Các ràng buộc cho bảng `contractallowances`
--
ALTER TABLE `contractallowances`
  ADD CONSTRAINT `FK_Allowance_Contract` FOREIGN KEY (`ContractID`) REFERENCES `contracts` (`contractID`) ON DELETE CASCADE ON UPDATE CASCADE;

--
-- Các ràng buộc cho bảng `contracts`
--
ALTER TABLE `contracts`
  ADD CONSTRAINT `contracts_ibfk_1` FOREIGN KEY (`userID`) REFERENCES `users` (`userID`) ON DELETE CASCADE ON UPDATE CASCADE;

--
-- Các ràng buộc cho bảng `departments`
--
ALTER TABLE `departments`
  ADD CONSTRAINT `FK_Department_Manager` FOREIGN KEY (`managerID`) REFERENCES `users` (`userID`) ON DELETE SET NULL ON UPDATE CASCADE;

--
-- Các ràng buộc cho bảng `dependents`
--
ALTER TABLE `dependents`
  ADD CONSTRAINT `FK_dependent_User` FOREIGN KEY (`userID`) REFERENCES `users` (`userID`) ON DELETE CASCADE ON UPDATE CASCADE;

--
-- Các ràng buộc cho bảng `employeedraftschedule`
--
ALTER TABLE `employeedraftschedule`
  ADD CONSTRAINT `FK_preferences_shift` FOREIGN KEY (`shiftID`) REFERENCES `shifts` (`shiftID`) ON DELETE SET NULL ON UPDATE CASCADE,
  ADD CONSTRAINT `FK_preferences_user` FOREIGN KEY (`employeeID`) REFERENCES `users` (`userID`) ON DELETE CASCADE ON UPDATE CASCADE;

--
-- Các ràng buộc cho bảng `employeeofficialschedule`
--
ALTER TABLE `employeeofficialschedule`
  ADD CONSTRAINT `FK_schedule_manager` FOREIGN KEY (`approvedbymanagerID`) REFERENCES `users` (`userID`) ON DELETE SET NULL ON UPDATE CASCADE,
  ADD CONSTRAINT `FK_schedule_shift` FOREIGN KEY (`shiftID`) REFERENCES `shifts` (`shiftID`) ON DELETE SET NULL ON UPDATE CASCADE,
  ADD CONSTRAINT `FK_schedule_user` FOREIGN KEY (`employeeID`) REFERENCES `users` (`userID`) ON DELETE CASCADE ON UPDATE CASCADE;

--
-- Các ràng buộc cho bảng `leavebalance`
--
ALTER TABLE `leavebalance`
  ADD CONSTRAINT `FK_leavebalance_Shift` FOREIGN KEY (`leavetypeid`) REFERENCES `shifts` (`shiftID`) ON DELETE CASCADE ON UPDATE CASCADE,
  ADD CONSTRAINT `FK_leavebalance_User` FOREIGN KEY (`userID`) REFERENCES `users` (`userID`) ON DELETE CASCADE ON UPDATE CASCADE;

--
-- Các ràng buộc cho bảng `leavepolicy`
--
ALTER TABLE `leavepolicy`
  ADD CONSTRAINT `FK_Policy_Shift` FOREIGN KEY (`leavetypeid`) REFERENCES `shifts` (`shiftID`) ON DELETE CASCADE ON UPDATE CASCADE;

--
-- Các ràng buộc cho bảng `leaverequests`
--
ALTER TABLE `leaverequests`
  ADD CONSTRAINT `FK_Request_Shift` FOREIGN KEY (`shiftID`) REFERENCES `shifts` (`shiftID`) ON DELETE SET NULL ON UPDATE CASCADE,
  ADD CONSTRAINT `leaverequests_ibfk_1` FOREIGN KEY (`userID`) REFERENCES `users` (`userID`) ON DELETE CASCADE ON UPDATE CASCADE;

--
-- Các ràng buộc cho bảng `overtime`
--
ALTER TABLE `overtime`
  ADD CONSTRAINT `fk_overtime_type` FOREIGN KEY (`overtimetypeid`) REFERENCES `overtimetypes` (`OvertimeTypeID`),
  ADD CONSTRAINT `fk_overtime_users` FOREIGN KEY (`userid`) REFERENCES `users` (`userID`);

--
-- Các ràng buộc cho bảng `payrolldetails`
--
ALTER TABLE `payrolldetails`
  ADD CONSTRAINT `payrolldetails_ibfk_1` FOREIGN KEY (`payID`) REFERENCES `payrolls` (`payID`) ON DELETE CASCADE ON UPDATE CASCADE;

--
-- Các ràng buộc cho bảng `payrolls`
--
ALTER TABLE `payrolls`
  ADD CONSTRAINT `payrolls_ibfk_1` FOREIGN KEY (`userID`) REFERENCES `users` (`userID`) ON DELETE CASCADE ON UPDATE CASCADE;

--
-- Các ràng buộc cho bảng `requirementrules`
--
ALTER TABLE `requirementrules`
  ADD CONSTRAINT `FK_rule_req` FOREIGN KEY (`requirementID`) REFERENCES `schedulerequirements` (`requirementID`) ON DELETE CASCADE ON UPDATE CASCADE;

--
-- Các ràng buộc cho bảng `rewardpunishmentdecisions`
--
ALTER TABLE `rewardpunishmentdecisions`
  ADD CONSTRAINT `FK_Decision_User` FOREIGN KEY (`UserID`) REFERENCES `users` (`userID`) ON DELETE CASCADE ON UPDATE CASCADE;

--
-- Các ràng buộc cho bảng `rolespermissions`
--
ALTER TABLE `rolespermissions`
  ADD CONSTRAINT `rolespermissions_ibfk_1` FOREIGN KEY (`roleID`) REFERENCES `roles` (`roleID`) ON DELETE CASCADE ON UPDATE CASCADE,
  ADD CONSTRAINT `rolespermissions_ibfk_2` FOREIGN KEY (`permissionID`) REFERENCES `permissions` (`permissionID`) ON DELETE CASCADE ON UPDATE CASCADE;

--
-- Các ràng buộc cho bảng `schedulerequirements`
--
ALTER TABLE `schedulerequirements`
  ADD CONSTRAINT `FK_schedule_req_dept` FOREIGN KEY (`departmentID`) REFERENCES `departments` (`departmentID`) ON DELETE CASCADE ON UPDATE CASCADE,
  ADD CONSTRAINT `FK_schedule_req_shift` FOREIGN KEY (`shiftID`) REFERENCES `shifts` (`shiftID`) ON DELETE CASCADE ON UPDATE CASCADE;

--
-- Các ràng buộc cho bảng `userpermissions`
--
ALTER TABLE `userpermissions`
  ADD CONSTRAINT `userpermissions_ibfk_1` FOREIGN KEY (`userID`) REFERENCES `users` (`userID`) ON DELETE CASCADE ON UPDATE CASCADE,
  ADD CONSTRAINT `userpermissions_ibfk_2` FOREIGN KEY (`permissionID`) REFERENCES `permissions` (`permissionID`) ON DELETE CASCADE ON UPDATE CASCADE;

--
-- Các ràng buộc cho bảng `users`
--
ALTER TABLE `users`
  ADD CONSTRAINT `users_ibfk_1` FOREIGN KEY (`roleID`) REFERENCES `roles` (`roleID`) ON UPDATE CASCADE,
  ADD CONSTRAINT `users_ibfk_2` FOREIGN KEY (`departmentID`) REFERENCES `departments` (`departmentID`) ON UPDATE CASCADE;
COMMIT;

/*!40101 SET CHARACTER_SET_CLIENT=@OLD_CHARACTER_SET_CLIENT */;
/*!40101 SET CHARACTER_SET_RESULTS=@OLD_CHARACTER_SET_RESULTS */;
/*!40101 SET COLLATION_CONNECTION=@OLD_COLLATION_CONNECTION */;
