-- phpMyAdmin SQL Dump
-- version 5.2.1
-- https://www.phpmyadmin.net/
--
-- MĂĄy chá»§: 127.0.0.1:3306
-- Thá»i gian ÄĂŁ táșĄo: Th12 16, 2025 lĂșc 06:38 PM
-- PhiĂȘn báșŁn mĂĄy phá»„c vá»„: 8.2.0
-- PhiĂȘn báșŁn PHP: 8.2.13

SET SQL_MODE = "NO_AUTO_VALUE_ON_ZERO";
START TRANSACTION;
SET time_zone = "+00:00";


/*!40101 SET @OLD_CHARACTER_SET_CLIENT=@@CHARACTER_SET_CLIENT */;
/*!40101 SET @OLD_CHARACTER_SET_RESULTS=@@CHARACTER_SET_RESULTS */;
/*!40101 SET @OLD_COLLATION_CONNECTION=@@COLLATION_CONNECTION */;
/*!40101 SET NAMES utf8mb4 */;

--
-- CÆĄ sá» dá»Ż liá»u: `manaplastic_hr`
--

-- --------------------------------------------------------

--
-- Cáș„u trĂșc báșŁng cho báșŁng `activitylogs`
--

DROP TABLE IF EXISTS `activitylogs`;
CREATE TABLE IF NOT EXISTS `activitylogs` (
  `logID` int NOT NULL AUTO_INCREMENT,
  `action` varchar(255) COLLATE utf8mb4_unicode_ci NOT NULL,
  `logType` enum('INFO','WARNING','ERROR','DANGER') CHARACTER SET utf8mb4 COLLATE utf8mb4_unicode_ci DEFAULT 'INFO',
  `details` text CHARACTER SET utf8mb4 COLLATE utf8mb4_unicode_ci,
  `actiontime` datetime DEFAULT CURRENT_TIMESTAMP,
  `userID` int DEFAULT NULL,
  PRIMARY KEY (`logID`),
  KEY `userID` (`userID`)
) ENGINE=InnoDB AUTO_INCREMENT=4 DEFAULT CHARSET=utf8mb4 COLLATE=utf8mb4_unicode_ci;

--
-- Äang Äá» dá»Ż liá»u cho báșŁng `activitylogs`
--

INSERT INTO `activitylogs` (`logID`, `action`, `logType`, `details`, `actiontime`, `userID`) VALUES
(1, 'SELF_APPROVAL_SCHEDULE', 'WARNING', 'CáșąNH BĂO: QuáșŁn lĂœ BĂči VÄn Má»±c ÄĂŁ tá»± duyá»t yĂȘu cáș§u Äá»i ca. LĂœ do: Em báș­n viá»c gia ÄĂŹnh buá»i sĂĄng nĂȘn xin Äá»i sang ca chiá»u', '2025-12-11 09:54:17', 9),
(2, 'SELF_APPROVAL_SCHEDULE', 'WARNING', 'CáșąNH BĂO: QuáșŁn lĂœ BĂči VÄn Má»±c ÄĂŁ tá»± duyá»t yĂȘu cáș§u Äá»i ca. LĂœ do: Em báș­n viá»c gia ÄĂŹnh buá»i sĂĄng nĂȘn xin Äá»i sang ca sĂĄng', '2025-12-11 09:55:01', 9),
(3, 'APPROVE_SHIFT_CHANGE', 'INFO', 'Duyá»t Äá»i ca cho nhĂąn viĂȘn: testAddAccountNVinan logic má»i', '2025-12-15 09:14:05', 9);

-- --------------------------------------------------------

--
-- Cáș„u trĂșc báșŁng cho báșŁng `attendancelogs`
--

DROP TABLE IF EXISTS `attendancelogs`;
CREATE TABLE IF NOT EXISTS `attendancelogs` (
  `attendanceLogID` int NOT NULL AUTO_INCREMENT,
  `timestamp` datetime NOT NULL,
  `imgurl` varchar(255) COLLATE utf8mb4_unicode_ci DEFAULT NULL,
  `userID` int DEFAULT NULL,
  PRIMARY KEY (`attendanceLogID`),
  KEY `userID` (`userID`)
) ENGINE=InnoDB AUTO_INCREMENT=18 DEFAULT CHARSET=utf8mb4 COLLATE=utf8mb4_unicode_ci;

--
-- Äang Äá» dá»Ż liá»u cho báșŁng `attendancelogs`
--

INSERT INTO `attendancelogs` (`attendanceLogID`, `timestamp`, `imgurl`, `userID`) VALUES
(1, '2025-11-01 07:58:15', 'https://img.url/checkin_6_1.jpg', 6),
(2, '2025-11-01 17:02:30', 'https://img.url/checkout_6_1.jpg', 6),
(3, '2025-11-01 05:55:10', 'https://img.url/checkin_8_1.jpg', 8),
(4, '2025-11-01 11:30:00', 'https://img.url/scan_mid.jpg', 8),
(5, '2025-11-01 14:01:00', 'https://img.url/checkout_8_1.jpg', 8),
(6, '2025-11-01 08:22:45', 'https://img.url/checkin_12_1.jpg', 12),
(7, '2025-11-01 17:01:00', 'https://img.url/checkout_12_1.jpg', 12),
(8, '2025-11-01 08:10:00', 'https://img.url/checkin_5_1.jpg', 5),
(9, '2025-11-01 16:45:00', 'https://img.url/checkout_5_1.jpg', 5),
(10, '2025-11-02 05:59:00', 'https://img.url/checkin_8_3.jpg', 8),
(11, '2025-11-02 17:05:00', 'https://img.url/checkout_9_1.jpg', 9),
(16, '2025-11-19 11:00:12', '/uploads/47358d64-7cf1-4a33-8e1c-c5efbb7553d0.jpg', 20),
(17, '2025-11-19 11:02:27', '/uploads/238acd2f-fd35-46f8-a36f-c4bfbe93b13d.jpg', 20);

-- --------------------------------------------------------

--
-- Cáș„u trĂșc báșŁng cho báșŁng `attendances`
--

DROP TABLE IF EXISTS `attendances`;
CREATE TABLE IF NOT EXISTS `attendances` (
  `attendanceID` int NOT NULL AUTO_INCREMENT,
  `date` date NOT NULL,
  `checkin` datetime DEFAULT NULL,
  `checkout` datetime DEFAULT NULL,
  `checkinimgurl` varchar(255) COLLATE utf8mb4_unicode_ci DEFAULT NULL,
  `checkoutimgurl` varchar(255) COLLATE utf8mb4_unicode_ci DEFAULT NULL,
  `status` enum('PRESENT','ABSENT','LATE_AND_EARLY','ON_LEAVE','MISSING_OUTPUT_DATA','MISSING_INPUT_DATA') COLLATE utf8mb4_unicode_ci NOT NULL DEFAULT 'ABSENT',
  `shiftID` int DEFAULT NULL,
  `userID` int DEFAULT NULL,
  `checkInLogID` int DEFAULT NULL,
  `checkOutLogID` int DEFAULT NULL,
  PRIMARY KEY (`attendanceID`),
  UNIQUE KEY `UQ_User_Date` (`userID`,`date`),
  KEY `shiftID` (`shiftID`),
  KEY `FK_Attendance_CheckInLog` (`checkInLogID`),
  KEY `FK_Attendance_CheckOutLog` (`checkOutLogID`)
) ENGINE=InnoDB AUTO_INCREMENT=50 DEFAULT CHARSET=utf8mb4 COLLATE=utf8mb4_unicode_ci;

--
-- Äang Äá» dá»Ż liá»u cho báșŁng `attendances`
--

INSERT INTO `attendances` (`attendanceID`, `date`, `checkin`, `checkout`, `checkinimgurl`, `checkoutimgurl`, `status`, `shiftID`, `userID`, `checkInLogID`, `checkOutLogID`) VALUES
(6, '2025-11-01', '2025-11-01 07:58:15', '2025-11-01 17:02:30', 'https://img.url/checkin_6_1.jpg', 'https://img.url/checkout_6_1.jpg', 'PRESENT', 1, 6, 1, 2),
(7, '2025-11-01', '2025-11-01 05:55:10', '2025-11-01 14:01:00', 'https://img.url/checkin_8_1.jpg', 'https://img.url/checkout_8_1.jpg', 'PRESENT', 2, 8, 3, 5),
(8, '2025-11-01', '2025-11-01 08:22:45', '2025-11-01 17:01:00', 'https://img.url/checkin_12_1.jpg', 'https://img.url/checkout_12_1.jpg', 'PRESENT', 1, 12, 6, 7),
(9, '2025-11-01', '2025-11-01 08:10:00', '2025-11-01 16:45:00', 'https://img.url/checkin_5_1.jpg', 'https://img.url/checkout_5_1.jpg', 'PRESENT', 1, 5, 8, 9),
(10, '2025-11-02', '2025-11-02 05:59:00', NULL, 'https://img.url/checkin_8_3.jpg', NULL, 'MISSING_OUTPUT_DATA', 2, 8, 10, NULL),
(11, '2025-11-02', NULL, '2025-11-02 17:05:00', NULL, 'https://img.url/checkout_9_1.jpg', 'MISSING_INPUT_DATA', 1, 9, NULL, 11),
(12, '2025-11-02', NULL, NULL, NULL, NULL, 'ABSENT', 1, 6, NULL, NULL),
(13, '2025-11-02', NULL, NULL, NULL, NULL, 'ON_LEAVE', 1, 10, NULL, NULL),
(14, '2025-11-04', '2025-11-04 08:00:00', '2025-11-04 17:00:00', NULL, NULL, 'PRESENT', 1, 6, NULL, NULL),
(15, '2025-11-04', '2025-11-04 08:30:00', NULL, NULL, NULL, 'MISSING_OUTPUT_DATA', 2, 8, NULL, NULL),
(21, '2025-11-01', '2025-11-01 07:55:00', '2025-11-01 17:05:00', NULL, NULL, 'PRESENT', 36, 21, NULL, NULL),
(22, '2025-11-03', '2025-11-03 07:50:00', '2025-11-03 17:00:00', NULL, NULL, 'PRESENT', 36, 21, NULL, NULL),
(23, '2025-11-04', '2025-11-04 07:55:00', '2025-11-04 17:10:00', NULL, NULL, 'PRESENT', 36, 21, NULL, NULL),
(24, '2025-11-05', '2025-11-05 07:58:00', '2025-11-05 17:05:00', NULL, NULL, 'PRESENT', 36, 21, NULL, NULL),
(25, '2025-11-06', '2025-11-06 07:45:00', '2025-11-06 17:00:00', NULL, NULL, 'PRESENT', 36, 21, NULL, NULL),
(26, '2025-11-07', '2025-11-07 07:55:00', '2025-11-07 17:05:00', NULL, NULL, 'PRESENT', 36, 21, NULL, NULL),
(27, '2025-11-08', '2025-11-08 07:59:00', '2025-11-08 17:00:00', NULL, NULL, 'PRESENT', 36, 21, NULL, NULL),
(28, '2025-11-10', '2025-11-10 07:55:00', '2025-11-10 17:05:00', NULL, NULL, 'PRESENT', 36, 21, NULL, NULL),
(29, '2025-11-11', '2025-11-11 07:52:00', '2025-11-11 17:00:00', NULL, NULL, 'PRESENT', 36, 21, NULL, NULL),
(30, '2025-11-12', '2025-11-12 07:55:00', '2025-11-12 17:15:00', NULL, NULL, 'PRESENT', 36, 21, NULL, NULL),
(31, '2025-11-13', '2025-11-13 08:00:00', '2025-11-13 17:05:00', NULL, NULL, 'PRESENT', 36, 21, NULL, NULL),
(32, '2025-11-14', '2025-11-14 07:55:00', '2025-11-14 17:00:00', NULL, NULL, 'PRESENT', 36, 21, NULL, NULL),
(33, '2025-11-15', '2025-11-15 07:55:00', '2025-11-15 17:05:00', NULL, NULL, 'PRESENT', 36, 21, NULL, NULL),
(34, '2025-11-17', '2025-11-17 07:50:00', '2025-11-17 17:00:00', NULL, NULL, 'PRESENT', 36, 21, NULL, NULL),
(35, '2025-11-18', '2025-11-18 07:55:00', '2025-11-18 17:10:00', NULL, NULL, 'PRESENT', 36, 21, NULL, NULL),
(36, '2025-11-19', '2025-11-19 07:55:00', '2025-11-19 17:05:00', NULL, NULL, 'PRESENT', 36, 21, NULL, NULL),
(37, '2025-11-20', '2025-11-20 07:45:00', '2025-11-20 17:00:00', NULL, NULL, 'PRESENT', 36, 21, NULL, NULL),
(38, '2025-11-21', '2025-11-21 07:55:00', '2025-11-21 17:05:00', NULL, NULL, 'PRESENT', 36, 21, NULL, NULL),
(39, '2025-11-22', '2025-11-22 07:59:00', '2025-11-22 17:00:00', NULL, NULL, 'PRESENT', 36, 21, NULL, NULL),
(40, '2025-11-24', '2025-11-24 07:55:00', '2025-11-24 17:05:00', NULL, NULL, 'PRESENT', 36, 21, NULL, NULL),
(41, '2025-11-25', '2025-11-25 07:52:00', '2025-11-25 17:00:00', NULL, NULL, 'PRESENT', 36, 21, NULL, NULL),
(42, '2025-11-26', '2025-11-26 07:55:00', '2025-11-26 17:15:00', NULL, NULL, 'PRESENT', 36, 21, NULL, NULL),
(43, '2025-11-27', '2025-11-27 08:00:00', '2025-11-27 17:05:00', NULL, NULL, 'PRESENT', 36, 21, NULL, NULL),
(44, '2025-11-28', '2025-11-28 07:55:00', '2025-11-28 17:00:00', NULL, NULL, 'PRESENT', 36, 21, NULL, NULL),
(45, '2025-11-29', '2025-11-29 07:55:00', '2025-11-29 17:05:00', NULL, NULL, 'PRESENT', 36, 21, NULL, NULL),
(46, '2025-11-30', '2025-11-30 07:55:00', '2025-11-30 17:05:00', NULL, NULL, 'PRESENT', 36, 21, NULL, NULL),
(47, '2025-12-01', '2025-12-01 07:55:00', '2025-12-01 17:00:00', NULL, NULL, 'PRESENT', 36, 20, NULL, NULL),
(48, '2025-12-02', '2025-12-02 21:50:00', '2025-12-03 06:10:00', NULL, NULL, 'PRESENT', 50, 20, NULL, NULL),
(49, '2025-12-03', '2025-12-03 07:58:00', '2025-12-03 17:05:00', NULL, NULL, 'PRESENT', 36, 20, NULL, NULL);

-- --------------------------------------------------------

--
-- Cáș„u trĂșc báșŁng cho báșŁng `contractallowances`
--

DROP TABLE IF EXISTS `contractallowances`;
CREATE TABLE IF NOT EXISTS `contractallowances` (
  `ContractAllowanceID` int NOT NULL AUTO_INCREMENT,
  `ContractID` int NOT NULL,
  `AllowanceName` varchar(100) CHARACTER SET utf8mb4 COLLATE utf8mb4_unicode_ci NOT NULL COMMENT 'TĂȘn phá»„ cáș„p',
  `AllowanceType` varchar(50) COLLATE utf8mb4_unicode_ci DEFAULT 'OTHER' COMMENT 'LoáșĄi phá»„ cáș„p: MEAL, RESPONSIBILITY, TOXIC, PHONE, OTHER',
  `Amount` decimal(15,2) NOT NULL DEFAULT '0.00',
  `IsTaxable` tinyint(1) DEFAULT '1' COMMENT '1=Chá»u thuáșż, 0=KhĂŽng',
  `IsInsuranceBase` tinyint(1) DEFAULT '0' COMMENT '1=TĂ­nh ÄĂłng BHXH, 0=KhĂŽng',
  `TaxFreeAmount` decimal(15,2) DEFAULT '0.00' COMMENT 'Sá» tiá»n miá»n thuáșż trong khoáșŁn phá»„ cáș„p nĂ y',
  PRIMARY KEY (`ContractAllowanceID`),
  KEY `FK_Allowance_Contract` (`ContractID`),
  KEY `idx_allowance_type` (`AllowanceType`)
) ENGINE=InnoDB AUTO_INCREMENT=58 DEFAULT CHARSET=utf8mb4 COLLATE=utf8mb4_unicode_ci;

--
-- Äang Äá» dá»Ż liá»u cho báșŁng `contractallowances`
--

INSERT INTO `contractallowances` (`ContractAllowanceID`, `ContractID`, `AllowanceName`, `AllowanceType`, `Amount`, `IsTaxable`, `IsInsuranceBase`, `TaxFreeAmount`) VALUES
(1, 9, 'Phá»„ cáș„p trĂĄch nhiá»m', 'RESPONSIBILITY', 2000000.00, 1, 1, 0.00),
(2, 9, 'Há» trá»Ł Än ca', 'MEAL', 730000.00, 0, 0, 730000.00),
(3, 9, 'Phá»„ cáș„p Äá»c háșĄi (Tiá»n máș·t)', 'TOXIC', 500000.00, 1, 0, 500000.00),
(4, 1, 'Há» trá»Ł Än ca', 'MEAL', 730000.00, 0, 0, 730000.00),
(5, 2, 'Há» trá»Ł Än ca', 'MEAL', 730000.00, 0, 0, 730000.00),
(6, 3, 'Há» trá»Ł Än ca', 'MEAL', 730000.00, 0, 0, 730000.00),
(7, 4, 'Há» trá»Ł Än ca', 'MEAL', 730000.00, 0, 0, 730000.00),
(8, 5, 'Há» trá»Ł Än ca', 'MEAL', 730000.00, 0, 0, 730000.00),
(9, 6, 'Há» trá»Ł Än ca', 'MEAL', 730000.00, 0, 0, 730000.00),
(10, 7, 'Há» trá»Ł Än ca', 'MEAL', 730000.00, 0, 0, 730000.00),
(11, 8, 'Há» trá»Ł Än ca', 'MEAL', 730000.00, 0, 0, 730000.00),
(12, 9, 'Há» trá»Ł Än ca', 'MEAL', 730000.00, 0, 0, 730000.00),
(13, 10, 'Há» trá»Ł Än ca', 'MEAL', 730000.00, 0, 0, 730000.00),
(14, 11, 'Há» trá»Ł Än ca', 'MEAL', 730000.00, 0, 0, 730000.00),
(15, 12, 'Há» trá»Ł Än ca', 'MEAL', 730000.00, 0, 0, 730000.00),
(16, 13, 'Há» trá»Ł Än ca', 'MEAL', 730000.00, 0, 0, 730000.00),
(17, 14, 'Há» trá»Ł Än ca', 'MEAL', 730000.00, 0, 0, 730000.00),
(18, 15, 'Há» trá»Ł Än ca', 'MEAL', 730000.00, 0, 0, 730000.00),
(19, 16, 'Há» trá»Ł Än ca', 'MEAL', 730000.00, 0, 0, 730000.00),
(20, 17, 'Há» trá»Ł Än ca', 'MEAL', 730000.00, 0, 0, 730000.00),
(21, 18, 'Há» trá»Ł Än ca', 'MEAL', 730000.00, 0, 0, 730000.00),
(22, 19, 'Há» trá»Ł Än ca', 'MEAL', 730000.00, 0, 0, 730000.00),
(23, 20, 'Há» trá»Ł Än ca', 'MEAL', 730000.00, 0, 0, 730000.00),
(35, 1, 'Phá»„ cáș„p trĂĄch nhiá»m', 'RESPONSIBILITY', 3000000.00, 1, 1, 0.00),
(36, 3, 'Phá»„ cáș„p trĂĄch nhiá»m', 'RESPONSIBILITY', 3000000.00, 1, 1, 0.00),
(37, 5, 'Phá»„ cáș„p trĂĄch nhiá»m', 'RESPONSIBILITY', 3000000.00, 1, 1, 0.00),
(38, 7, 'Phá»„ cáș„p trĂĄch nhiá»m', 'RESPONSIBILITY', 3000000.00, 1, 1, 0.00),
(39, 9, 'Phá»„ cáș„p trĂĄch nhiá»m', 'RESPONSIBILITY', 3000000.00, 1, 1, 0.00),
(40, 11, 'Phá»„ cáș„p trĂĄch nhiá»m', 'RESPONSIBILITY', 3000000.00, 1, 1, 0.00),
(42, 6, 'Phá»„ cáș„p Äá»c háșĄi (Tiá»n máș·t)', 'TOXIC', 500000.00, 1, 0, 500000.00),
(43, 8, 'Phá»„ cáș„p Äá»c háșĄi (Tiá»n máș·t)', 'TOXIC', 500000.00, 1, 0, 500000.00),
(44, 17, 'Phá»„ cáș„p Äá»c háșĄi (Tiá»n máș·t)', 'TOXIC', 500000.00, 1, 0, 500000.00),
(45, 18, 'Phá»„ cáș„p Äá»c háșĄi (Tiá»n máș·t)', 'TOXIC', 500000.00, 1, 0, 500000.00),
(49, 4, 'Há» trá»Ł Äiá»n thoáșĄi & XÄng xe', 'MEAL', 400000.00, 1, 0, 0.00),
(50, 11, 'Há» trá»Ł Äiá»n thoáșĄi & XÄng xe', 'MEAL', 400000.00, 1, 0, 0.00),
(51, 12, 'Há» trá»Ł Äiá»n thoáșĄi & XÄng xe', 'MEAL', 400000.00, 1, 0, 0.00),
(52, 13, 'Há» trá»Ł Äiá»n thoáșĄi & XÄng xe', 'MEAL', 400000.00, 1, 0, 0.00),
(53, 14, 'Há» trá»Ł Äiá»n thoáșĄi & XÄng xe', 'MEAL', 400000.00, 1, 0, 0.00),
(54, 19, 'Há» trá»Ł Äiá»n thoáșĄi & XÄng xe', 'MEAL', 400000.00, 1, 0, 0.00),
(56, 10, 'Há» trá»Ł Än ca', 'MEAL', 730000.00, 0, 0, 730000.00);

-- --------------------------------------------------------

--
-- Cáș„u trĂșc báșŁng cho báșŁng `contracts`
--

DROP TABLE IF EXISTS `contracts`;
CREATE TABLE IF NOT EXISTS `contracts` (
  `contractID` int NOT NULL AUTO_INCREMENT,
  `contractname` varchar(255) COLLATE utf8mb4_unicode_ci NOT NULL,
  `type` varchar(100) COLLATE utf8mb4_unicode_ci DEFAULT NULL,
  `basesalary` decimal(15,2) NOT NULL,
  `InsuranceSalary` decimal(15,2) DEFAULT '0.00' COMMENT 'LÆ°ÆĄng ÄĂłng BHXH',
  `AllowanceToxicType` enum('NONE','CASH','IN_KIND') COLLATE utf8mb4_unicode_ci DEFAULT 'NONE' COMMENT 'Phá»„ cáș„p Äá»c háșĄi',
  `fileurl` varchar(255) COLLATE utf8mb4_unicode_ci DEFAULT NULL,
  `signdate` date NOT NULL,
  `startdate` date NOT NULL,
  `enddate` date DEFAULT NULL,
  `Status` enum('DRAFT','ACTIVE','EXPIRING_SOON','EXPIRED','TERMINATED','HISTORY') COLLATE utf8mb4_unicode_ci DEFAULT 'DRAFT' COMMENT 'TráșĄng thĂĄi há»Łp Äá»ng',
  `userID` int NOT NULL,
  `WorkType` enum('FULLTIME','PARTTIME') COLLATE utf8mb4_unicode_ci DEFAULT 'FULLTIME' COMMENT 'LoáșĄi hĂŹnh lĂ m viá»c: FULLTIME=8h, PARTTIME=6h',
  PRIMARY KEY (`contractID`),
  KEY `IDX_Contract_User` (`userID`)
) ENGINE=InnoDB AUTO_INCREMENT=26 DEFAULT CHARSET=utf8mb4 COLLATE=utf8mb4_unicode_ci;

--
-- Äang Äá» dá»Ż liá»u cho báșŁng `contracts`
--

INSERT INTO `contracts` (`contractID`, `contractname`, `type`, `basesalary`, `InsuranceSalary`, `AllowanceToxicType`, `fileurl`, `signdate`, `startdate`, `enddate`, `Status`, `userID`, `WorkType`) VALUES
(1, 'HÄLÄ Admin', 'INDEFINITE', 30000000.00, 30000000.00, 'NONE', NULL, '2023-01-01', '2023-01-01', NULL, 'ACTIVE', 1, 'FULLTIME'),
(2, 'HÄLÄ IT', 'FIXED_TERM', 15000000.00, 15000000.00, 'NONE', NULL, '2023-05-10', '2023-05-10', '2026-05-10', 'ACTIVE', 2, 'FULLTIME'),
(3, 'HÄLÄ TrÆ°á»ng phĂČng HR', 'INDEFINITE', 25000000.00, 25000000.00, 'NONE', NULL, '2023-02-15', '2023-02-15', NULL, 'ACTIVE', 3, 'FULLTIME'),
(4, 'HÄLÄ NhĂąn viĂȘn HR', 'FIXED_TERM', 12000000.00, 12000000.00, 'NONE', NULL, '2023-08-01', '2023-08-01', '2026-08-01', 'ACTIVE', 4, 'FULLTIME'),
(5, 'HÄLÄ TrÆ°á»ng nhĂłm Ká»č thuáș­t', 'FIXED_TERM', 22000000.00, 22000000.00, 'IN_KIND', NULL, '2023-03-01', '2023-03-01', '2026-03-01', 'ACTIVE', 5, 'FULLTIME'),
(6, 'HÄLÄ NhĂąn viĂȘn Ká»č thuáș­t', 'FIXED_TERM', 10000000.00, 10000000.00, 'CASH', NULL, '2023-09-10', '2023-09-10', '2026-09-10', 'ACTIVE', 6, 'FULLTIME'),
(7, 'HÄLÄ TrÆ°á»ng ca SáșŁn xuáș„t', 'INDEFINITE', 20000000.00, 20000000.00, 'IN_KIND', NULL, '2023-03-02', '2023-03-02', NULL, 'ACTIVE', 7, 'FULLTIME'),
(8, 'HÄLÄ CĂŽng nhĂąn SáșŁn xuáș„t', 'FIXED_TERM', 9000000.00, 9000000.00, 'CASH', NULL, '2023-09-15', '2023-09-15', '2026-09-15', 'ACTIVE', 8, 'FULLTIME'),
(9, 'HÄLÄ TrÆ°á»ng nhĂłm In áș„n', 'FIXED_TERM', 18000000.00, 18000000.00, 'IN_KIND', NULL, '2023-04-01', '2023-04-01', '2026-04-01', 'ACTIVE', 9, 'FULLTIME'),
(10, 'HÄLÄ CĂŽng nhĂąn In áș„n', 'FIXED_TERM', 9000000.00, 9000000.00, 'IN_KIND', NULL, '2023-10-01', '2023-10-01', '2026-10-01', 'ACTIVE', 10, 'FULLTIME'),
(11, 'HÄLÄ TrÆ°á»ng nhĂłm CSKH', 'FIXED_TERM', 17000000.00, 17000000.00, 'NONE', NULL, '2023-05-01', '2023-05-01', '2026-05-01', 'ACTIVE', 11, 'FULLTIME'),
(12, 'HÄLÄ NhĂąn viĂȘn CSKH', 'FIXED_TERM', 8000000.00, 8000000.00, 'NONE', NULL, '2023-11-01', '2023-11-01', '2026-11-01', 'ACTIVE', 12, 'FULLTIME'),
(13, 'HÄLÄ NhĂąn viĂȘn HR', 'FIXED_TERM', 14000000.00, 14000000.00, 'NONE', NULL, '2024-04-28', '2024-04-28', '2026-04-28', 'ACTIVE', 13, 'FULLTIME'),
(14, 'HÄLÄ Thá»±c táș­p sinh HR', 'FIXED_TERM', 5000000.00, 0.00, 'NONE', NULL, '2023-02-09', '2023-02-09', '2026-02-09', 'ACTIVE', 14, 'FULLTIME'),
(15, 'HÄLÄ NhĂąn viĂȘn In áș„n', 'FIXED_TERM', 9500000.00, 9500000.00, 'IN_KIND', NULL, '2023-02-23', '2023-02-23', '2026-02-23', 'ACTIVE', 15, 'FULLTIME'),
(16, 'HÄLÄ NhĂąn viĂȘn In áș„n', 'FIXED_TERM', 9200000.00, 9200000.00, 'IN_KIND', NULL, '2024-10-13', '2024-10-13', '2026-10-13', 'ACTIVE', 16, 'FULLTIME'),
(17, 'HÄLÄ NhĂąn viĂȘn In áș„n', 'FIXED_TERM', 8800000.00, 8800000.00, 'CASH', NULL, '2023-08-03', '2023-08-03', '2026-08-03', 'ACTIVE', 17, 'FULLTIME'),
(18, 'HÄLÄ NhĂąn viĂȘn In áș„n', 'FIXED_TERM', 9000000.00, 9000000.00, 'CASH', NULL, '2024-02-17', '2024-02-17', '2026-02-17', 'HISTORY', 18, 'FULLTIME'),
(19, 'HÄLÄ ChuyĂȘn viĂȘn Tuyá»n dá»„ng', 'FIXED_TERM', 12000000.00, 12000000.00, 'NONE', NULL, '2024-11-27', '2024-11-27', '2025-11-27', 'HISTORY', 19, 'FULLTIME'),
(20, 'HÄLÄ NhĂąn viĂȘn In áș„n (Thá»­ viá»c)', 'PROBATION', 7500000.00, 0.00, 'IN_KIND', NULL, '2025-11-15', '2025-11-15', '2026-01-15', 'ACTIVE', 20, 'FULLTIME'),
(21, 'Há»Łp Äá»ng TĂĄi kĂœ 2026 - test add hdld', 'FIXED_TERM', 15000000.00, 15000000.00, 'NONE', '/uploads/contracts/be665f42-7761-447b-985e-fa5afc98cf90.pdf', '2025-11-21', '2025-11-28', '2026-11-28', 'ACTIVE', 19, 'FULLTIME'),
(22, 'Há»Łp Äá»ng TĂĄi kĂœ 2026 - test add hdld', 'FIXED_TERM', 15000000.00, 15000000.00, 'NONE', '/uploads/contracts/ed354bd8-4ef6-411e-a987-f461080a20c0.pdf', '2025-11-21', '2025-11-28', '2026-11-28', 'ACTIVE', 18, 'FULLTIME'),
(25, 'HDLD chĂ­nh thá»©c 12 thĂĄng', 'FIXED_TERM', 15000000.00, 15000000.00, 'NONE', '/uploads/contracts/54ee9112-26eb-4675-91e2-be668549c24f.pdf', '2025-11-27', '2025-11-28', '2026-11-28', 'ACTIVE', 21, 'FULLTIME');

-- --------------------------------------------------------

--
-- Cáș„u trĂșc báșŁng cho báșŁng `departments`
--

DROP TABLE IF EXISTS `departments`;
CREATE TABLE IF NOT EXISTS `departments` (
  `departmentID` int NOT NULL AUTO_INCREMENT,
  `departmentname` varchar(255) COLLATE utf8mb4_unicode_ci NOT NULL,
  `managerID` int DEFAULT NULL,
  `isoffice` bit(1) DEFAULT b'0',
  PRIMARY KEY (`departmentID`),
  KEY `FK_Department_Manager` (`managerID`)
) ENGINE=InnoDB AUTO_INCREMENT=7 DEFAULT CHARSET=utf8mb4 COLLATE=utf8mb4_unicode_ci;

--
-- Äang Äá» dá»Ż liá»u cho báșŁng `departments`
--

INSERT INTO `departments` (`departmentID`, `departmentname`, `managerID`, `isoffice`) VALUES
(1, 'PhĂČng Ban NhĂąn Sá»±', 3, b'1'),
(2, 'PhĂČng Ban IT', 1, b'1'),
(3, 'PhĂČng Ban Ká»č Thuáș­t', 5, b'0'),
(4, 'PhĂČng Ban SáșŁn Xuáș„t', 7, b'0'),
(5, 'PhĂČng Ban In áș€n', 9, b'0'),
(6, 'PhĂČng Ban ChÄm SĂłc KhĂĄch HĂ ng', 11, b'1');

-- --------------------------------------------------------

--
-- Cáș„u trĂșc báșŁng cho báșŁng `dependents`
--

DROP TABLE IF EXISTS `dependents`;
CREATE TABLE IF NOT EXISTS `dependents` (
  `dependentID` int NOT NULL AUTO_INCREMENT,
  `userID` int NOT NULL COMMENT 'FK: NhĂąn viĂȘn liĂȘn quan (tá»« báșŁng users)',
  `fullname` varchar(255) CHARACTER SET utf8mb4 COLLATE utf8mb4_unicode_ci NOT NULL COMMENT 'Há» tĂȘn ngÆ°á»i phá»„ thuá»c',
  `relationship` varchar(100) CHARACTER SET utf8mb4 COLLATE utf8mb4_unicode_ci NOT NULL COMMENT 'Má»i quan há» (Vá»Ł, Chá»ng, Con...)',
  `birth` date DEFAULT NULL COMMENT 'NgĂ y sinh',
  `gender` tinyint(1) DEFAULT NULL COMMENT '0=Ná»Ż, 1=Nam',
  `idcardnumber` varchar(20) CHARACTER SET utf8mb4 COLLATE utf8mb4_unicode_ci DEFAULT NULL COMMENT 'CCCD hoáș·c Giáș„y khai sinh',
  `phonenumber` varchar(20) COLLATE utf8mb4_unicode_ci DEFAULT NULL,
  `istaxdeductible` tinyint(1) NOT NULL DEFAULT '0' COMMENT '1=CĂł ÄÄng kĂœ giáșŁm trá»« gia cáșŁnh, 0=KhĂŽng',
  PRIMARY KEY (`dependentID`),
  KEY `FK_Dependent_User` (`userID`)
) ENGINE=InnoDB AUTO_INCREMENT=23 DEFAULT CHARSET=utf8mb4 COLLATE=utf8mb4_unicode_ci COMMENT='NgÆ°á»i phá»„ thuá»c cá»§a nhĂąn viĂȘn';

--
-- Äang Äá» dá»Ż liá»u cho báșŁng `dependents`
--

INSERT INTO `dependents` (`dependentID`, `userID`, `fullname`, `relationship`, `birth`, `gender`, `idcardnumber`, `phonenumber`, `istaxdeductible`) VALUES
(1, 1, 'PháșĄm Minh Anh Vá»Ł', 'Vá»Ł', '1990-05-10', 0, '001090001234', '0901000101', 1),
(2, 1, 'PháșĄm Minh Anh Con', 'Con', '2020-08-20', 1, '001220005678', '0901000102', 1),
(3, 2, 'LĂȘ Há» Trá»Ł IT Cha', 'Cha', '1965-02-15', 1, '002065001111', '0902000201', 1),
(4, 3, 'Nguyá»n Thá» NhĂąn Sá»± Chá»ng', 'Chá»ng', '1988-11-30', 1, '003088002222', '0903000301', 1),
(5, 4, 'PháșĄm VÄn Tuyá»n Dá»„ng Con', 'Con', '2021-03-14', 0, '004221003333', '0904000401', 1),
(6, 5, 'VĂ” VÄn Ká»č Thuáș­t Vá»Ł', 'Vá»Ł', '1992-07-25', 0, '005092004444', '0905000501', 1),
(7, 5, 'VĂ” VÄn Ká»č Thuáș­t Con', 'Con', '2023-01-10', 1, '005223005555', '0905000502', 1),
(8, 6, 'HoĂ ng Thá» MĂĄy MĂłc Con', 'Con', '2020-12-01', 1, '006220006666', '0906000601', 1),
(9, 7, 'Trá»nh Há»Żu SáșŁn Xuáș„t Vá»Ł', 'Vá»Ł', '1993-01-20', 0, '007093007777', '0907000701', 1),
(10, 8, 'Äáș·ng VÄn Váș­n HĂ nh Máșč', 'Máșč', '1970-04-05', 0, '008070008888', '0908000801', 1),
(11, 9, 'BĂči VÄn Má»±c Vá»Ł', 'Vá»Ł', '1994-06-18', 0, '009094009999', '0909000901', 1),
(12, 9, 'BĂči VÄn Má»±c Con Trai', 'Con', '2022-09-02', 1, '009222001010', '0909000902', 1),
(13, 10, 'LĂœ Thá» In Con GĂĄi', 'Con', '2024-01-07', 0, '010224001212', '0910000101', 1),
(14, 11, 'Äá» Thá» KhĂĄch HĂ ng Chá»ng', 'Chá»ng', '1991-08-11', 1, '011091001313', '0911000111', 1),
(15, 12, 'MáșĄc VÄn HĂ i LĂČng Vá»Ł', 'Vá»Ł', '1995-10-03', 0, '012095001414', '0912000121', 1),
(16, 13, 'PháșĄm Minh Anh HR Con', 'Con', '2021-11-11', 0, '013221001515', '0913000131', 1),
(17, 14, 'testAddAccountHR Cha', 'Cha', '1968-02-22', 1, '014068001616', '0914000141', 1),
(18, 15, 'testAddAccountNV Máșč', 'Máșč', '1972-03-23', 0, '015072001717', '0915000151', 1),
(19, 16, 'PháșĄm NhĂąn ViĂȘn Vá»Ł', 'Vá»Ł', '1998-04-24', 0, '016098001818', '0916000161', 1),
(20, 17, 'testAddAccountNVinan 17 Con', 'Con', '2023-05-25', 1, '017223001919', '0917000171', 1),
(21, 18, 'testAddAccountNVinan 18 Vá»Ł', 'Vá»Ł', '1999-06-26', 0, '018099002020', '0918000181', 1),
(22, 19, 'PháșĄm Minh Anh Test Pass Vá»Ł', 'Vá»Ł', '2000-07-27', 0, '019000002121', '0919000191', 1);

-- --------------------------------------------------------

--
-- Cáș„u trĂșc báșŁng cho báșŁng `employeedraftschedule`
--

DROP TABLE IF EXISTS `employeedraftschedule`;
CREATE TABLE IF NOT EXISTS `employeedraftschedule` (
  `draftID` int NOT NULL AUTO_INCREMENT,
  `employeeID` int NOT NULL COMMENT 'NhĂąn viĂȘn ÄÄng kĂœ (FK tá»« báșŁng users)',
  `date` date NOT NULL COMMENT 'NgĂ y lĂ m viá»c ÄÄng kĂœ',
  `shiftID` int DEFAULT NULL COMMENT 'Ca lĂ m viá»c muá»n ÄÄng kĂœ (FK tá»« báșŁng shifts). NULL náșżu Äá» trá»ng.',
  `isdayoff` tinyint(1) NOT NULL DEFAULT '0' COMMENT '1 = muá»n xin nghá», 0 = Äi lĂ m',
  `monthyear` varchar(7) CHARACTER SET utf8mb4 COLLATE utf8mb4_unicode_ci NOT NULL COMMENT 'ThĂĄng/NÄm ĂĄp dá»„ng lá»ch (vĂ­ dá»„: 2025-12)',
  `registrationdate` datetime DEFAULT CURRENT_TIMESTAMP COMMENT 'Thá»i gian gá»­i ÄÄng kĂœ',
  PRIMARY KEY (`draftID`),
  UNIQUE KEY `UQ_Employee_Date_Preference` (`employeeID`,`date`) COMMENT 'Má»i nhĂąn viĂȘn chá» cĂł 1 ÄÄng kĂœ/ngĂ y',
  KEY `IX_preference_month_year` (`monthyear`),
  KEY `FK_preferences_shift` (`shiftID`)
) ENGINE=InnoDB AUTO_INCREMENT=375 DEFAULT CHARSET=utf8mb4 COLLATE=utf8mb4_unicode_ci;

--
-- Äang Äá» dá»Ż liá»u cho báșŁng `employeedraftschedule`
--

INSERT INTO `employeedraftschedule` (`draftID`, `employeeID`, `date`, `shiftID`, `isdayoff`, `monthyear`, `registrationdate`) VALUES
(218, 7, '2025-12-01', 36, 0, '2025-12', '2025-11-27 06:48:02'),
(219, 8, '2025-12-01', 41, 0, '2025-12', '2025-11-27 06:48:02'),
(220, 7, '2025-12-02', 36, 0, '2025-12', '2025-11-27 06:48:02'),
(221, 8, '2025-12-02', 41, 0, '2025-12', '2025-11-27 06:48:02'),
(222, 7, '2025-12-03', 36, 0, '2025-12', '2025-11-27 06:48:02'),
(223, 8, '2025-12-03', 41, 0, '2025-12', '2025-11-27 06:48:02'),
(224, 7, '2025-12-04', 36, 0, '2025-12', '2025-11-27 06:48:02'),
(225, 8, '2025-12-04', 41, 0, '2025-12', '2025-11-27 06:48:02'),
(226, 7, '2025-12-05', 36, 0, '2025-12', '2025-11-27 06:48:02'),
(227, 8, '2025-12-05', 41, 0, '2025-12', '2025-11-27 06:48:02'),
(228, 7, '2025-12-06', 36, 0, '2025-12', '2025-11-27 06:48:02'),
(229, 8, '2025-12-06', 41, 0, '2025-12', '2025-11-27 06:48:02'),
(230, 7, '2025-12-07', NULL, 1, '2025-12', '2025-11-27 06:48:02'),
(231, 8, '2025-12-07', NULL, 1, '2025-12', '2025-11-27 06:48:02'),
(232, 8, '2025-12-08', 36, 0, '2025-12', '2025-11-27 06:48:02'),
(233, 7, '2025-12-08', 41, 0, '2025-12', '2025-11-27 06:48:02'),
(234, 8, '2025-12-09', 36, 0, '2025-12', '2025-11-27 06:48:02'),
(235, 7, '2025-12-09', 41, 0, '2025-12', '2025-11-27 06:48:02'),
(236, 8, '2025-12-10', 36, 0, '2025-12', '2025-11-27 06:48:02'),
(237, 7, '2025-12-10', 41, 0, '2025-12', '2025-11-27 06:48:02'),
(238, 8, '2025-12-11', 36, 0, '2025-12', '2025-11-27 06:48:02'),
(239, 7, '2025-12-11', 41, 0, '2025-12', '2025-11-27 06:48:02'),
(240, 8, '2025-12-12', 36, 0, '2025-12', '2025-11-27 06:48:02'),
(241, 7, '2025-12-12', 41, 0, '2025-12', '2025-11-27 06:48:02'),
(242, 8, '2025-12-13', 36, 0, '2025-12', '2025-11-27 06:48:02'),
(243, 7, '2025-12-13', 41, 0, '2025-12', '2025-11-27 06:48:02'),
(244, 7, '2025-12-14', NULL, 1, '2025-12', '2025-11-27 06:48:02'),
(245, 8, '2025-12-14', NULL, 1, '2025-12', '2025-11-27 06:48:02'),
(246, 7, '2025-12-15', 36, 0, '2025-12', '2025-11-27 06:48:02'),
(247, 8, '2025-12-15', 41, 0, '2025-12', '2025-11-27 06:48:02'),
(248, 7, '2025-12-16', 36, 0, '2025-12', '2025-11-27 06:48:02'),
(249, 8, '2025-12-16', 41, 0, '2025-12', '2025-11-27 06:48:02'),
(250, 7, '2025-12-17', 36, 0, '2025-12', '2025-11-27 06:48:02'),
(251, 8, '2025-12-17', 41, 0, '2025-12', '2025-11-27 06:48:02'),
(252, 7, '2025-12-18', 36, 0, '2025-12', '2025-11-27 06:48:02'),
(253, 8, '2025-12-18', 41, 0, '2025-12', '2025-11-27 06:48:02'),
(254, 7, '2025-12-19', 36, 0, '2025-12', '2025-11-27 06:48:02'),
(255, 8, '2025-12-19', 41, 0, '2025-12', '2025-11-27 06:48:02'),
(256, 7, '2025-12-20', 36, 0, '2025-12', '2025-11-27 06:48:02'),
(257, 8, '2025-12-20', 41, 0, '2025-12', '2025-11-27 06:48:02'),
(258, 7, '2025-12-21', NULL, 1, '2025-12', '2025-11-27 06:48:02'),
(259, 8, '2025-12-21', NULL, 1, '2025-12', '2025-11-27 06:48:02'),
(260, 8, '2025-12-22', 36, 0, '2025-12', '2025-11-27 06:48:02'),
(261, 7, '2025-12-22', 41, 0, '2025-12', '2025-11-27 06:48:02'),
(262, 8, '2025-12-23', 36, 0, '2025-12', '2025-11-27 06:48:02'),
(263, 7, '2025-12-23', 41, 0, '2025-12', '2025-11-27 06:48:02'),
(264, 8, '2025-12-24', 36, 0, '2025-12', '2025-11-27 06:48:02'),
(265, 7, '2025-12-24', 41, 0, '2025-12', '2025-11-27 06:48:02'),
(266, 8, '2025-12-25', 36, 0, '2025-12', '2025-11-27 06:48:02'),
(267, 7, '2025-12-25', 41, 0, '2025-12', '2025-11-27 06:48:02'),
(268, 8, '2025-12-26', 36, 0, '2025-12', '2025-11-27 06:48:02'),
(269, 7, '2025-12-26', 41, 0, '2025-12', '2025-11-27 06:48:02'),
(270, 8, '2025-12-27', 36, 0, '2025-12', '2025-11-27 06:48:02'),
(271, 7, '2025-12-27', 41, 0, '2025-12', '2025-11-27 06:48:02'),
(272, 7, '2025-12-28', NULL, 1, '2025-12', '2025-11-27 06:48:02'),
(273, 8, '2025-12-28', NULL, 1, '2025-12', '2025-11-27 06:48:02'),
(274, 7, '2025-12-29', 36, 0, '2025-12', '2025-11-27 06:48:02'),
(275, 8, '2025-12-29', 41, 0, '2025-12', '2025-11-27 06:48:02'),
(276, 7, '2025-12-30', 36, 0, '2025-12', '2025-11-27 06:48:02'),
(277, 8, '2025-12-30', 41, 0, '2025-12', '2025-11-27 06:48:02'),
(278, 7, '2025-12-31', 36, 0, '2025-12', '2025-11-27 06:48:02'),
(279, 8, '2025-12-31', 41, 0, '2025-12', '2025-11-27 06:48:02'),
(373, 8, '2026-01-01', 36, 0, '2026-01', '2025-12-15 11:57:50'),
(374, 8, '2026-01-02', 36, 0, '2026-01', '2025-12-15 12:00:51');

-- --------------------------------------------------------

--
-- Cáș„u trĂșc báșŁng cho báșŁng `employeeofficialschedule`
--

DROP TABLE IF EXISTS `employeeofficialschedule`;
CREATE TABLE IF NOT EXISTS `employeeofficialschedule` (
  `officialID` int NOT NULL AUTO_INCREMENT,
  `employeeID` int NOT NULL COMMENT 'NhĂąn viĂȘn ÄÆ°á»Łc xáșżp lá»ch (FK tá»« báșŁng users)',
  `date` date NOT NULL COMMENT 'NgĂ y lĂ m viá»c',
  `shiftID` int DEFAULT NULL COMMENT 'Ca lĂ m viá»c chĂ­nh thá»©c (FK tá»« báșŁng shifts). NULL náșżu lĂ  ngĂ y nghá».',
  `isdayoff` tinyint(1) NOT NULL DEFAULT '0' COMMENT '1 = ngĂ y nghá», 0 = Äi lĂ m',
  `monthyear` varchar(7) CHARACTER SET utf8mb4 COLLATE utf8mb4_unicode_ci NOT NULL COMMENT 'ThĂĄng/NÄm ĂĄp dá»„ng lá»ch (vĂ­ dá»„: 2025-12)',
  `approvedbymanagerID` int DEFAULT NULL COMMENT 'Manager ÄĂŁ duyá»t (FK tá»« báșŁng users)',
  `publisheddate` datetime DEFAULT CURRENT_TIMESTAMP COMMENT 'NgĂ y hoĂ n táș„t/cĂŽng bá»',
  PRIMARY KEY (`officialID`),
  UNIQUE KEY `UQ_Employee_Date_Schedule` (`employeeID`,`date`) COMMENT 'Má»i nhĂąn viĂȘn chá» cĂł 1 lá»ch/ngĂ y',
  KEY `IX_schedule_month_year` (`monthyear`),
  KEY `FK_schedule_shift` (`shiftID`),
  KEY `FK_schedule_manager` (`approvedbymanagerID`)
) ENGINE=InnoDB AUTO_INCREMENT=326 DEFAULT CHARSET=utf8mb4 COLLATE=utf8mb4_unicode_ci;

--
-- Äang Äá» dá»Ż liá»u cho báșŁng `employeeofficialschedule`
--

INSERT INTO `employeeofficialschedule` (`officialID`, `employeeID`, `date`, `shiftID`, `isdayoff`, `monthyear`, `approvedbymanagerID`, `publisheddate`) VALUES
(7, 20, '2025-11-19', 46, 0, '2025-11', 1, '2025-11-19 17:43:29'),
(14, 21, '2025-11-29', 46, 0, '2025-11', 21, '2025-11-19 17:43:29'),
(15, 21, '2025-11-30', 46, 0, '2025-11', 21, '2025-11-19 17:43:29'),
(16, 15, '2025-12-04', NULL, 1, '2025-12', 9, '2025-12-11 09:45:58'),
(17, 15, '2025-12-03', 36, 0, '2025-12', 9, '2025-12-11 09:45:58'),
(18, 9, '2025-12-01', 41, 0, '2025-12', 9, '2025-12-11 09:45:58'),
(19, 10, '2025-12-01', 36, 0, '2025-12', 9, '2025-12-11 09:45:58'),
(20, 15, '2025-12-01', 36, 0, '2025-12', 9, '2025-12-11 09:45:58'),
(21, 16, '2025-12-01', 41, 0, '2025-12', 9, '2025-12-11 09:45:58'),
(22, 17, '2025-12-01', 41, 0, '2025-12', 9, '2025-12-11 09:45:58'),
(23, 18, '2025-12-01', 41, 0, '2025-12', 9, '2025-12-11 09:45:58'),
(24, 20, '2025-12-01', NULL, 1, '2025-12', 9, '2025-12-11 09:45:58'),
(25, 9, '2025-12-02', 36, 0, '2025-12', 9, '2025-12-11 09:45:58'),
(26, 20, '2025-12-02', 50, 0, '2025-12', 9, '2025-12-11 09:45:58'),
(27, 10, '2025-12-02', 36, 0, '2025-12', 9, '2025-12-11 09:45:58'),
(28, 15, '2025-12-02', 41, 0, '2025-12', 9, '2025-12-11 09:45:58'),
(29, 16, '2025-12-02', 41, 0, '2025-12', 9, '2025-12-11 09:45:58'),
(30, 17, '2025-12-02', 41, 0, '2025-12', 9, '2025-12-11 09:45:58'),
(31, 18, '2025-12-02', NULL, 1, '2025-12', 9, '2025-12-11 09:45:58'),
(32, 9, '2025-12-03', 36, 0, '2025-12', 9, '2025-12-11 09:55:01'),
(33, 18, '2025-12-03', 36, 0, '2025-12', 9, '2025-12-11 09:45:58'),
(34, 20, '2025-12-03', 36, 0, '2025-12', 9, '2025-12-11 09:45:58'),
(35, 10, '2025-12-03', 41, 0, '2025-12', 9, '2025-12-11 09:45:58'),
(36, 16, '2025-12-03', 41, 0, '2025-12', 9, '2025-12-11 09:45:58'),
(37, 17, '2025-12-03', 41, 0, '2025-12', 9, '2025-12-11 09:45:58'),
(38, 9, '2025-12-04', 36, 0, '2025-12', 9, '2025-12-11 09:45:58'),
(39, 18, '2025-12-04', 36, 0, '2025-12', 9, '2025-12-11 09:45:58'),
(40, 20, '2025-12-04', 36, 0, '2025-12', 9, '2025-12-11 09:45:58'),
(41, 10, '2025-12-04', 41, 0, '2025-12', 9, '2025-12-11 09:45:58'),
(42, 16, '2025-12-04', 41, 0, '2025-12', 9, '2025-12-11 09:45:58'),
(43, 17, '2025-12-04', 41, 0, '2025-12', 9, '2025-12-11 09:45:58'),
(44, 15, '2025-12-05', 36, 0, '2025-12', 9, '2025-12-11 09:45:58'),
(45, 18, '2025-12-05', 36, 0, '2025-12', 9, '2025-12-11 09:45:58'),
(46, 20, '2025-12-05', 36, 0, '2025-12', 9, '2025-12-11 09:45:58'),
(47, 9, '2025-12-05', 41, 0, '2025-12', 9, '2025-12-11 09:45:58'),
(48, 10, '2025-12-05', 41, 0, '2025-12', 9, '2025-12-11 09:45:58'),
(49, 16, '2025-12-05', 41, 0, '2025-12', 9, '2025-12-11 09:45:58'),
(50, 17, '2025-12-05', NULL, 1, '2025-12', 9, '2025-12-11 09:45:58'),
(51, 15, '2025-12-06', 36, 0, '2025-12', 9, '2025-12-11 09:45:58'),
(52, 17, '2025-12-06', 36, 0, '2025-12', 9, '2025-12-11 09:45:58'),
(53, 18, '2025-12-06', 36, 0, '2025-12', 9, '2025-12-11 09:45:58'),
(54, 9, '2025-12-06', 41, 0, '2025-12', 9, '2025-12-11 09:45:58'),
(55, 20, '2025-12-06', 41, 0, '2025-12', 9, '2025-12-11 09:45:58'),
(56, 10, '2025-12-06', 41, 0, '2025-12', 9, '2025-12-11 09:45:58'),
(57, 16, '2025-12-06', NULL, 1, '2025-12', 9, '2025-12-11 09:45:58'),
(58, 15, '2025-12-07', 36, 0, '2025-12', 9, '2025-12-11 09:45:58'),
(59, 16, '2025-12-07', 36, 0, '2025-12', 9, '2025-12-11 09:45:58'),
(60, 17, '2025-12-07', 36, 0, '2025-12', 9, '2025-12-11 09:45:58'),
(61, 18, '2025-12-07', 41, 0, '2025-12', 9, '2025-12-11 09:45:58'),
(62, 20, '2025-12-07', 41, 0, '2025-12', 9, '2025-12-11 09:45:58'),
(63, 9, '2025-12-07', NULL, 1, '2025-12', 9, '2025-12-11 09:45:58'),
(64, 10, '2025-12-07', NULL, 1, '2025-12', 9, '2025-12-11 09:45:58'),
(65, 9, '2025-12-08', 36, 0, '2025-12', 9, '2025-12-11 09:45:58'),
(66, 16, '2025-12-08', 36, 0, '2025-12', 9, '2025-12-11 09:45:58'),
(67, 10, '2025-12-08', 36, 0, '2025-12', 9, '2025-12-11 09:45:58'),
(68, 15, '2025-12-08', 41, 0, '2025-12', 9, '2025-12-11 09:45:58'),
(69, 18, '2025-12-08', 41, 0, '2025-12', 9, '2025-12-11 09:45:58'),
(70, 17, '2025-12-08', 41, 0, '2025-12', 9, '2025-12-11 09:45:58'),
(71, 20, '2025-12-08', NULL, 1, '2025-12', 9, '2025-12-11 09:45:58'),
(72, 9, '2025-12-09', 36, 0, '2025-12', 9, '2025-12-11 09:45:58'),
(73, 20, '2025-12-09', 36, 0, '2025-12', 9, '2025-12-11 09:45:58'),
(74, 16, '2025-12-09', 36, 0, '2025-12', 9, '2025-12-11 09:45:58'),
(75, 15, '2025-12-09', 41, 0, '2025-12', 9, '2025-12-11 09:45:58'),
(76, 10, '2025-12-09', 41, 0, '2025-12', 9, '2025-12-11 09:45:58'),
(77, 17, '2025-12-09', 41, 0, '2025-12', 9, '2025-12-11 09:45:58'),
(78, 18, '2025-12-09', NULL, 1, '2025-12', 9, '2025-12-11 09:45:58'),
(79, 9, '2025-12-10', 36, 0, '2025-12', 9, '2025-12-11 09:45:58'),
(80, 18, '2025-12-10', 36, 0, '2025-12', 9, '2025-12-11 09:45:58'),
(81, 20, '2025-12-10', 36, 0, '2025-12', 9, '2025-12-11 09:45:58'),
(82, 15, '2025-12-10', 41, 0, '2025-12', 9, '2025-12-11 09:45:58'),
(83, 10, '2025-12-10', 41, 0, '2025-12', 9, '2025-12-11 09:45:58'),
(84, 16, '2025-12-10', 41, 0, '2025-12', 9, '2025-12-11 09:45:58'),
(85, 17, '2025-12-10', NULL, 1, '2025-12', 9, '2025-12-11 09:45:58'),
(86, 9, '2025-12-11', 36, 0, '2025-12', 9, '2025-12-11 09:45:58'),
(87, 17, '2025-12-11', 36, 0, '2025-12', 9, '2025-12-11 09:45:58'),
(88, 18, '2025-12-11', 36, 0, '2025-12', 9, '2025-12-11 09:45:58'),
(89, 20, '2025-12-11', 41, 0, '2025-12', 9, '2025-12-11 09:45:58'),
(90, 10, '2025-12-11', 41, 0, '2025-12', 9, '2025-12-11 09:45:58'),
(91, 16, '2025-12-11', 41, 0, '2025-12', 9, '2025-12-11 09:45:58'),
(92, 15, '2025-12-11', NULL, 1, '2025-12', 9, '2025-12-11 09:45:58'),
(93, 15, '2025-12-12', 36, 0, '2025-12', 9, '2025-12-11 09:45:58'),
(94, 17, '2025-12-12', 36, 0, '2025-12', 9, '2025-12-11 09:45:58'),
(95, 18, '2025-12-12', 36, 0, '2025-12', 9, '2025-12-11 09:45:58'),
(96, 9, '2025-12-12', 41, 0, '2025-12', 9, '2025-12-11 09:45:58'),
(97, 20, '2025-12-12', 41, 0, '2025-12', 9, '2025-12-11 09:45:58'),
(98, 10, '2025-12-12', 41, 0, '2025-12', 9, '2025-12-11 09:45:58'),
(99, 16, '2025-12-12', NULL, 1, '2025-12', 9, '2025-12-11 09:45:58'),
(100, 15, '2025-12-13', 36, 0, '2025-12', 9, '2025-12-11 09:45:58'),
(101, 16, '2025-12-13', 36, 0, '2025-12', 9, '2025-12-11 09:45:58'),
(102, 17, '2025-12-13', 36, 0, '2025-12', 9, '2025-12-11 09:45:58'),
(103, 9, '2025-12-13', 41, 0, '2025-12', 9, '2025-12-11 09:45:58'),
(104, 18, '2025-12-13', 41, 0, '2025-12', 9, '2025-12-11 09:45:58'),
(105, 20, '2025-12-13', 41, 0, '2025-12', 9, '2025-12-11 09:45:58'),
(106, 10, '2025-12-13', NULL, 1, '2025-12', 9, '2025-12-11 09:45:58'),
(107, 15, '2025-12-14', 36, 0, '2025-12', 9, '2025-12-11 09:45:58'),
(108, 10, '2025-12-14', 36, 0, '2025-12', 9, '2025-12-11 09:45:58'),
(109, 16, '2025-12-14', 36, 0, '2025-12', 9, '2025-12-11 09:45:58'),
(110, 18, '2025-12-14', 41, 0, '2025-12', 9, '2025-12-11 09:45:58'),
(111, 20, '2025-12-14', 41, 0, '2025-12', 9, '2025-12-11 09:45:58'),
(112, 17, '2025-12-14', 41, 0, '2025-12', 9, '2025-12-11 09:45:58'),
(113, 9, '2025-12-14', NULL, 1, '2025-12', 9, '2025-12-11 09:45:58'),
(114, 9, '2025-12-15', 36, 0, '2025-12', 9, '2025-12-11 09:45:58'),
(115, 10, '2025-12-15', 36, 0, '2025-12', 9, '2025-12-11 09:45:58'),
(116, 16, '2025-12-15', 36, 0, '2025-12', 9, '2025-12-11 09:45:58'),
(117, 15, '2025-12-15', 41, 0, '2025-12', 9, '2025-12-11 09:45:58'),
(118, 18, '2025-12-15', 41, 0, '2025-12', 9, '2025-12-11 09:45:58'),
(119, 17, '2025-12-15', 41, 0, '2025-12', 9, '2025-12-11 09:45:58'),
(120, 20, '2025-12-15', NULL, 1, '2025-12', 9, '2025-12-11 09:45:58'),
(121, 9, '2025-12-16', 36, 0, '2025-12', 9, '2025-12-11 09:45:58'),
(122, 20, '2025-12-16', 36, 0, '2025-12', 9, '2025-12-11 09:45:58'),
(123, 10, '2025-12-16', 36, 0, '2025-12', 9, '2025-12-11 09:45:58'),
(124, 15, '2025-12-16', 41, 0, '2025-12', 9, '2025-12-11 09:45:58'),
(125, 16, '2025-12-16', 41, 0, '2025-12', 9, '2025-12-11 09:45:58'),
(126, 17, '2025-12-16', 41, 0, '2025-12', 9, '2025-12-11 09:45:58'),
(127, 18, '2025-12-16', NULL, 1, '2025-12', 9, '2025-12-11 09:45:58'),
(128, 9, '2025-12-17', 36, 0, '2025-12', 9, '2025-12-11 09:45:58'),
(129, 18, '2025-12-17', 36, 0, '2025-12', 9, '2025-12-11 09:45:58'),
(130, 20, '2025-12-17', 41, 0, '2025-12', 9, '2025-12-15 09:14:05'),
(131, 15, '2025-12-17', 41, 0, '2025-12', 9, '2025-12-11 09:45:58'),
(132, 10, '2025-12-17', 41, 0, '2025-12', 9, '2025-12-11 09:45:58'),
(133, 16, '2025-12-17', 41, 0, '2025-12', 9, '2025-12-11 09:45:58'),
(134, 17, '2025-12-17', NULL, 1, '2025-12', 9, '2025-12-11 09:45:58'),
(135, 9, '2025-12-18', 36, 0, '2025-12', 9, '2025-12-11 09:45:58'),
(136, 17, '2025-12-18', 36, 0, '2025-12', 9, '2025-12-11 09:45:58'),
(137, 18, '2025-12-18', 36, 0, '2025-12', 9, '2025-12-11 09:45:58'),
(138, 20, '2025-12-18', 41, 0, '2025-12', 9, '2025-12-11 09:45:58'),
(139, 10, '2025-12-18', 41, 0, '2025-12', 9, '2025-12-11 09:45:58'),
(140, 16, '2025-12-18', 41, 0, '2025-12', 9, '2025-12-11 09:45:58'),
(141, 15, '2025-12-18', NULL, 1, '2025-12', 9, '2025-12-11 09:45:58'),
(142, 15, '2025-12-19', 36, 0, '2025-12', 9, '2025-12-11 09:45:58'),
(143, 17, '2025-12-19', 36, 0, '2025-12', 9, '2025-12-11 09:45:58'),
(144, 18, '2025-12-19', 36, 0, '2025-12', 9, '2025-12-11 09:45:58'),
(145, 9, '2025-12-19', 41, 0, '2025-12', 9, '2025-12-11 09:45:58'),
(146, 20, '2025-12-19', 41, 0, '2025-12', 9, '2025-12-11 09:45:58'),
(147, 10, '2025-12-19', 41, 0, '2025-12', 9, '2025-12-11 09:45:58'),
(148, 16, '2025-12-19', NULL, 1, '2025-12', 9, '2025-12-11 09:45:58'),
(149, 15, '2025-12-20', 36, 0, '2025-12', 9, '2025-12-11 09:45:58'),
(150, 16, '2025-12-20', 36, 0, '2025-12', 9, '2025-12-11 09:45:58'),
(151, 17, '2025-12-20', 36, 0, '2025-12', 9, '2025-12-11 09:45:58'),
(152, 9, '2025-12-20', 41, 0, '2025-12', 9, '2025-12-11 09:45:58'),
(153, 18, '2025-12-20', 41, 0, '2025-12', 9, '2025-12-11 09:45:58'),
(154, 20, '2025-12-20', 41, 0, '2025-12', 9, '2025-12-11 09:45:58'),
(155, 10, '2025-12-20', NULL, 1, '2025-12', 9, '2025-12-11 09:45:58'),
(156, 15, '2025-12-21', 36, 0, '2025-12', 9, '2025-12-11 09:45:58'),
(157, 10, '2025-12-21', 36, 0, '2025-12', 9, '2025-12-11 09:45:58'),
(158, 16, '2025-12-21', 36, 0, '2025-12', 9, '2025-12-11 09:45:58'),
(159, 18, '2025-12-21', 41, 0, '2025-12', 9, '2025-12-11 09:45:58'),
(160, 17, '2025-12-21', 41, 0, '2025-12', 9, '2025-12-11 09:45:58'),
(161, 20, '2025-12-21', 41, 0, '2025-12', 9, '2025-12-11 09:45:58'),
(162, 9, '2025-12-21', NULL, 1, '2025-12', 9, '2025-12-11 09:45:58'),
(163, 15, '2025-12-22', 36, 0, '2025-12', 9, '2025-12-11 09:45:58'),
(164, 10, '2025-12-22', 36, 0, '2025-12', 9, '2025-12-11 09:45:58'),
(165, 16, '2025-12-22', 36, 0, '2025-12', 9, '2025-12-11 09:45:58'),
(166, 9, '2025-12-22', 41, 0, '2025-12', 9, '2025-12-11 09:45:58'),
(167, 18, '2025-12-22', 41, 0, '2025-12', 9, '2025-12-11 09:45:58'),
(168, 17, '2025-12-22', 41, 0, '2025-12', 9, '2025-12-11 09:45:58'),
(169, 20, '2025-12-22', NULL, 1, '2025-12', 9, '2025-12-11 09:45:58'),
(170, 15, '2025-12-23', 36, 0, '2025-12', 9, '2025-12-11 09:45:58'),
(171, 20, '2025-12-23', 36, 0, '2025-12', 9, '2025-12-11 09:45:58'),
(172, 10, '2025-12-23', 36, 0, '2025-12', 9, '2025-12-11 09:45:58'),
(173, 9, '2025-12-23', 41, 0, '2025-12', 9, '2025-12-11 09:45:58'),
(174, 16, '2025-12-23', 41, 0, '2025-12', 9, '2025-12-11 09:45:58'),
(175, 17, '2025-12-23', 41, 0, '2025-12', 9, '2025-12-11 09:45:58'),
(176, 18, '2025-12-23', NULL, 1, '2025-12', 9, '2025-12-11 09:45:58'),
(177, 15, '2025-12-24', 36, 0, '2025-12', 9, '2025-12-11 09:45:58'),
(178, 20, '2025-12-24', 36, 0, '2025-12', 9, '2025-12-11 09:45:58'),
(179, 18, '2025-12-24', 36, 0, '2025-12', 9, '2025-12-11 09:45:58'),
(180, 9, '2025-12-24', 41, 0, '2025-12', 9, '2025-12-11 09:45:58'),
(181, 10, '2025-12-24', 41, 0, '2025-12', 9, '2025-12-11 09:45:58'),
(182, 16, '2025-12-24', 41, 0, '2025-12', 9, '2025-12-11 09:45:58'),
(183, 17, '2025-12-24', NULL, 1, '2025-12', 9, '2025-12-11 09:45:58'),
(184, 17, '2025-12-25', 36, 0, '2025-12', 9, '2025-12-11 09:45:58'),
(185, 20, '2025-12-25', 36, 0, '2025-12', 9, '2025-12-11 09:45:58'),
(186, 18, '2025-12-25', 36, 0, '2025-12', 9, '2025-12-11 09:45:58'),
(187, 9, '2025-12-25', 41, 0, '2025-12', 9, '2025-12-11 09:45:58'),
(188, 10, '2025-12-25', 41, 0, '2025-12', 9, '2025-12-11 09:45:58'),
(189, 16, '2025-12-25', 41, 0, '2025-12', 9, '2025-12-11 09:45:58'),
(190, 15, '2025-12-25', NULL, 1, '2025-12', 9, '2025-12-11 09:45:58'),
(191, 15, '2025-12-26', 36, 0, '2025-12', 9, '2025-12-11 09:45:58'),
(192, 17, '2025-12-26', 36, 0, '2025-12', 9, '2025-12-11 09:45:58'),
(193, 20, '2025-12-26', 36, 0, '2025-12', 9, '2025-12-11 09:45:58'),
(194, 9, '2025-12-26', 41, 0, '2025-12', 9, '2025-12-11 09:45:58'),
(195, 18, '2025-12-26', 41, 0, '2025-12', 9, '2025-12-11 09:45:58'),
(196, 10, '2025-12-26', 41, 0, '2025-12', 9, '2025-12-11 09:45:58'),
(197, 16, '2025-12-26', NULL, 1, '2025-12', 9, '2025-12-11 09:45:58'),
(198, 16, '2025-12-27', 36, 0, '2025-12', 9, '2025-12-11 09:45:58'),
(199, 17, '2025-12-27', 36, 0, '2025-12', 9, '2025-12-11 09:45:58'),
(200, 20, '2025-12-27', 36, 0, '2025-12', 9, '2025-12-11 09:45:58'),
(201, 15, '2025-12-27', 41, 0, '2025-12', 9, '2025-12-11 09:45:58'),
(202, 18, '2025-12-27', 41, 0, '2025-12', 9, '2025-12-11 09:45:58'),
(203, 9, '2025-12-27', 41, 0, '2025-12', 9, '2025-12-11 09:45:58'),
(204, 10, '2025-12-27', NULL, 1, '2025-12', 9, '2025-12-11 09:45:58'),
(205, 10, '2025-12-28', 36, 0, '2025-12', 9, '2025-12-11 09:45:58'),
(206, 16, '2025-12-28', 36, 0, '2025-12', 9, '2025-12-11 09:45:58'),
(207, 17, '2025-12-28', 36, 0, '2025-12', 9, '2025-12-11 09:45:58'),
(208, 15, '2025-12-28', 41, 0, '2025-12', 9, '2025-12-11 09:45:58'),
(209, 20, '2025-12-28', 41, 0, '2025-12', 9, '2025-12-11 09:45:58'),
(210, 18, '2025-12-28', 41, 0, '2025-12', 9, '2025-12-11 09:45:58'),
(211, 9, '2025-12-28', NULL, 1, '2025-12', 9, '2025-12-11 09:45:58'),
(212, 9, '2025-12-29', 36, 0, '2025-12', 9, '2025-12-11 09:45:58'),
(213, 10, '2025-12-29', 36, 0, '2025-12', 9, '2025-12-11 09:45:58'),
(214, 16, '2025-12-29', 36, 0, '2025-12', 9, '2025-12-11 09:45:58'),
(215, 15, '2025-12-29', 41, 0, '2025-12', 9, '2025-12-11 09:45:58'),
(216, 17, '2025-12-29', 41, 0, '2025-12', 9, '2025-12-11 09:45:58'),
(217, 18, '2025-12-29', 41, 0, '2025-12', 9, '2025-12-11 09:45:58'),
(218, 20, '2025-12-29', NULL, 1, '2025-12', 9, '2025-12-11 09:45:58'),
(219, 9, '2025-12-30', 36, 0, '2025-12', 9, '2025-12-11 09:45:58'),
(220, 20, '2025-12-30', 36, 0, '2025-12', 9, '2025-12-11 09:45:58'),
(221, 10, '2025-12-30', 36, 0, '2025-12', 9, '2025-12-11 09:45:58'),
(222, 15, '2025-12-30', 41, 0, '2025-12', 9, '2025-12-11 09:45:58'),
(223, 16, '2025-12-30', 41, 0, '2025-12', 9, '2025-12-11 09:45:58'),
(224, 17, '2025-12-30', 41, 0, '2025-12', 9, '2025-12-11 09:45:58'),
(225, 18, '2025-12-30', NULL, 1, '2025-12', 9, '2025-12-11 09:45:58'),
(226, 9, '2025-12-31', 36, 0, '2025-12', 9, '2025-12-11 09:45:58'),
(227, 18, '2025-12-31', 36, 0, '2025-12', 9, '2025-12-11 09:45:58'),
(228, 20, '2025-12-31', 36, 0, '2025-12', 9, '2025-12-11 09:45:58'),
(229, 15, '2025-12-31', 41, 0, '2025-12', 9, '2025-12-11 09:45:58'),
(230, 10, '2025-12-31', 41, 0, '2025-12', 9, '2025-12-11 09:45:58'),
(231, 16, '2025-12-31', 41, 0, '2025-12', 9, '2025-12-11 09:45:58'),
(232, 17, '2025-12-31', NULL, 1, '2025-12', 9, '2025-12-11 09:45:58'),
(233, 5, '2025-12-01', 36, 0, '2025-12', 21, '2025-12-15 08:45:41'),
(234, 6, '2025-12-01', 36, 0, '2025-12', 21, '2025-12-15 08:45:41'),
(235, 21, '2025-12-01', 41, 0, '2025-12', 21, '2025-12-15 08:45:41'),
(236, 5, '2025-12-02', 36, 0, '2025-12', 21, '2025-12-15 08:45:41'),
(237, 6, '2025-12-02', 36, 0, '2025-12', 21, '2025-12-15 08:45:41'),
(238, 21, '2025-12-02', 41, 0, '2025-12', 21, '2025-12-15 08:45:41'),
(239, 5, '2025-12-03', 36, 0, '2025-12', 21, '2025-12-15 08:45:41'),
(240, 6, '2025-12-03', 36, 0, '2025-12', 21, '2025-12-15 08:45:41'),
(241, 21, '2025-12-03', 41, 0, '2025-12', 21, '2025-12-15 08:45:41'),
(242, 5, '2025-12-04', 36, 0, '2025-12', 21, '2025-12-15 08:45:41'),
(243, 6, '2025-12-04', 36, 0, '2025-12', 21, '2025-12-15 08:45:41'),
(244, 21, '2025-12-04', 41, 0, '2025-12', 21, '2025-12-15 08:45:41'),
(245, 5, '2025-12-05', 36, 0, '2025-12', 21, '2025-12-15 08:45:41'),
(246, 6, '2025-12-05', 36, 0, '2025-12', 21, '2025-12-15 08:45:41'),
(247, 21, '2025-12-05', 41, 0, '2025-12', 21, '2025-12-15 08:45:41'),
(248, 5, '2025-12-06', 36, 0, '2025-12', 21, '2025-12-15 08:45:41'),
(249, 6, '2025-12-06', 36, 0, '2025-12', 21, '2025-12-15 08:45:41'),
(250, 21, '2025-12-06', 41, 0, '2025-12', 21, '2025-12-15 08:45:41'),
(251, 5, '2025-12-07', NULL, 1, '2025-12', 21, '2025-12-15 08:45:41'),
(252, 6, '2025-12-07', NULL, 1, '2025-12', 21, '2025-12-15 08:45:41'),
(253, 21, '2025-12-07', NULL, 1, '2025-12', 21, '2025-12-15 08:45:41'),
(254, 5, '2025-12-08', 36, 0, '2025-12', 21, '2025-12-15 08:45:41'),
(255, 21, '2025-12-08', 36, 0, '2025-12', 21, '2025-12-15 08:45:41'),
(256, 6, '2025-12-08', 41, 0, '2025-12', 21, '2025-12-15 08:45:41'),
(257, 5, '2025-12-09', 36, 0, '2025-12', 21, '2025-12-15 08:45:41'),
(258, 21, '2025-12-09', 36, 0, '2025-12', 21, '2025-12-15 08:45:41'),
(259, 6, '2025-12-09', 41, 0, '2025-12', 21, '2025-12-15 08:45:41'),
(260, 5, '2025-12-10', 36, 0, '2025-12', 21, '2025-12-15 08:45:41'),
(261, 21, '2025-12-10', 36, 0, '2025-12', 21, '2025-12-15 08:45:41'),
(262, 6, '2025-12-10', 41, 0, '2025-12', 21, '2025-12-15 08:45:41'),
(263, 5, '2025-12-11', 36, 0, '2025-12', 21, '2025-12-15 08:45:41'),
(264, 21, '2025-12-11', 36, 0, '2025-12', 21, '2025-12-15 08:45:41'),
(265, 6, '2025-12-11', 41, 0, '2025-12', 21, '2025-12-15 08:45:41'),
(266, 5, '2025-12-12', 36, 0, '2025-12', 21, '2025-12-15 08:45:41'),
(267, 21, '2025-12-12', 36, 0, '2025-12', 21, '2025-12-15 08:45:41'),
(268, 6, '2025-12-12', 41, 0, '2025-12', 21, '2025-12-15 08:45:41'),
(269, 5, '2025-12-13', 36, 0, '2025-12', 21, '2025-12-15 08:45:41'),
(270, 21, '2025-12-13', 36, 0, '2025-12', 21, '2025-12-15 08:45:41'),
(271, 6, '2025-12-13', 41, 0, '2025-12', 21, '2025-12-15 08:45:41'),
(272, 5, '2025-12-14', NULL, 1, '2025-12', 21, '2025-12-15 08:45:41'),
(273, 6, '2025-12-14', NULL, 1, '2025-12', 21, '2025-12-15 08:45:41'),
(274, 21, '2025-12-14', NULL, 1, '2025-12', 21, '2025-12-15 08:45:41'),
(275, 5, '2025-12-15', 36, 0, '2025-12', 21, '2025-12-15 08:45:41'),
(276, 6, '2025-12-15', 36, 0, '2025-12', 21, '2025-12-15 08:45:41'),
(277, 21, '2025-12-15', 41, 0, '2025-12', 21, '2025-12-15 08:45:41'),
(278, 5, '2025-12-16', 36, 0, '2025-12', 21, '2025-12-15 08:45:41'),
(279, 6, '2025-12-16', 36, 0, '2025-12', 21, '2025-12-15 08:45:41'),
(280, 21, '2025-12-16', 41, 0, '2025-12', 21, '2025-12-15 08:45:41'),
(281, 5, '2025-12-17', 36, 0, '2025-12', 21, '2025-12-15 08:45:41'),
(282, 6, '2025-12-17', 36, 0, '2025-12', 21, '2025-12-15 08:45:41'),
(283, 21, '2025-12-17', 41, 0, '2025-12', 21, '2025-12-15 08:45:41'),
(284, 6, '2025-12-18', 40, 0, '2025-12', 21, '2025-12-15 08:45:41'),
(285, 5, '2025-12-18', 41, 0, '2025-12', 21, '2025-12-15 08:45:41'),
(286, 21, '2025-12-18', NULL, 1, '2025-12', 21, '2025-12-15 08:45:41'),
(287, 21, '2025-12-19', 36, 0, '2025-12', 21, '2025-12-15 08:45:41'),
(288, 6, '2025-12-19', 36, 0, '2025-12', 21, '2025-12-15 08:45:41'),
(289, 5, '2025-12-19', 41, 0, '2025-12', 21, '2025-12-15 08:45:41'),
(290, 21, '2025-12-20', 36, 0, '2025-12', 21, '2025-12-15 08:45:41'),
(291, 6, '2025-12-20', 36, 0, '2025-12', 21, '2025-12-15 08:45:41'),
(292, 5, '2025-12-20', 41, 0, '2025-12', 21, '2025-12-15 08:45:41'),
(293, 21, '2025-12-21', 36, 0, '2025-12', 21, '2025-12-15 08:45:41'),
(294, 5, '2025-12-21', NULL, 1, '2025-12', 21, '2025-12-15 08:45:41'),
(295, 6, '2025-12-21', NULL, 1, '2025-12', 21, '2025-12-15 08:45:41'),
(296, 21, '2025-12-22', 36, 0, '2025-12', 21, '2025-12-15 08:45:41'),
(297, 6, '2025-12-22', 36, 0, '2025-12', 21, '2025-12-15 08:45:41'),
(298, 5, '2025-12-22', 41, 0, '2025-12', 21, '2025-12-15 08:45:41'),
(299, 21, '2025-12-23', 36, 0, '2025-12', 21, '2025-12-15 08:45:41'),
(300, 6, '2025-12-23', 36, 0, '2025-12', 21, '2025-12-15 08:45:41'),
(301, 5, '2025-12-23', 41, 0, '2025-12', 21, '2025-12-15 08:45:41'),
(302, 21, '2025-12-24', 36, 0, '2025-12', 21, '2025-12-15 08:45:41'),
(303, 6, '2025-12-24', 36, 0, '2025-12', 21, '2025-12-15 08:45:41'),
(304, 5, '2025-12-24', 41, 0, '2025-12', 21, '2025-12-15 08:45:41'),
(305, 5, '2025-12-25', 41, 0, '2025-12', 21, '2025-12-15 08:45:41'),
(306, 6, '2025-12-25', NULL, 1, '2025-12', 21, '2025-12-15 08:45:41'),
(307, 21, '2025-12-25', NULL, 1, '2025-12', 21, '2025-12-15 08:45:41'),
(308, 21, '2025-12-26', 36, 0, '2025-12', 21, '2025-12-15 08:45:41'),
(309, 6, '2025-12-26', 41, 0, '2025-12', 21, '2025-12-15 08:45:41'),
(310, 5, '2025-12-26', NULL, 1, '2025-12', 21, '2025-12-15 08:45:41'),
(311, 21, '2025-12-27', 36, 0, '2025-12', 21, '2025-12-15 08:45:41'),
(312, 5, '2025-12-27', 41, 0, '2025-12', 21, '2025-12-15 08:45:41'),
(313, 6, '2025-12-27', NULL, 1, '2025-12', 21, '2025-12-15 08:45:41'),
(314, 21, '2025-12-28', 36, 0, '2025-12', 21, '2025-12-15 08:45:41'),
(315, 6, '2025-12-28', 41, 0, '2025-12', 21, '2025-12-15 08:45:41'),
(316, 5, '2025-12-28', NULL, 1, '2025-12', 21, '2025-12-15 08:45:41'),
(317, 5, '2025-12-29', 41, 0, '2025-12', 21, '2025-12-15 08:45:41'),
(318, 6, '2025-12-29', NULL, 1, '2025-12', 21, '2025-12-15 08:45:41'),
(319, 21, '2025-12-29', NULL, 1, '2025-12', 21, '2025-12-15 08:45:41'),
(320, 6, '2025-12-30', 41, 0, '2025-12', 21, '2025-12-15 08:45:41'),
(321, 5, '2025-12-30', NULL, 1, '2025-12', 21, '2025-12-15 08:45:41'),
(322, 21, '2025-12-30', NULL, 1, '2025-12', 21, '2025-12-15 08:45:41'),
(323, 5, '2025-12-31', 41, 0, '2025-12', 21, '2025-12-15 08:45:41'),
(324, 6, '2025-12-31', NULL, 1, '2025-12', 21, '2025-12-15 08:45:41'),
(325, 21, '2025-12-31', NULL, 1, '2025-12', 21, '2025-12-15 08:45:41');

-- --------------------------------------------------------

--
-- Cáș„u trĂșc báșŁng cho báșŁng `leavebalance`
--

DROP TABLE IF EXISTS `leavebalance`;
CREATE TABLE IF NOT EXISTS `leavebalance` (
  `userID` int NOT NULL COMMENT 'FK: BáșŁng users',
  `leavetypeid` int NOT NULL COMMENT 'FK: BáșŁng shifts (tham chiáșżu ID cá»§a AL, SL, PL...)',
  `year` int NOT NULL COMMENT 'NÄm ĂĄp dá»„ng (VD: 2025)',
  `totalgranted` int NOT NULL DEFAULT '0',
  `carriedover` int NOT NULL DEFAULT '0',
  `daysused` int NOT NULL DEFAULT '0',
  `lastupdated` datetime DEFAULT CURRENT_TIMESTAMP ON UPDATE CURRENT_TIMESTAMP,
  PRIMARY KEY (`userID`,`leavetypeid`,`year`) COMMENT 'Má»i NV chá» cĂł 1 sá» dÆ° cho 1 loáșĄi phĂ©p/nÄm',
  KEY `FK_leavebalance_Shift` (`leavetypeid`)
) ENGINE=InnoDB DEFAULT CHARSET=utf8mb4 COLLATE=utf8mb4_unicode_ci COMMENT='Sá» dÆ° phĂ©p cá»§a tá»«ng nhĂąn viĂȘn';

--
-- Äang Äá» dá»Ż liá»u cho báșŁng `leavebalance`
--

INSERT INTO `leavebalance` (`userID`, `leavetypeid`, `year`, `totalgranted`, `carriedover`, `daysused`, `lastupdated`) VALUES
(1, 53, 2025, 12, 0, 0, '2025-11-14 22:14:46'),
(1, 54, 2025, 30, 0, 0, '2025-11-14 22:14:46'),
(1, 55, 2025, 14, 0, 0, '2025-11-14 22:14:46'),
(2, 53, 2025, 12, 0, 0, '2025-11-14 22:14:46'),
(2, 54, 2025, 30, 0, 0, '2025-11-14 22:14:46'),
(2, 55, 2025, 14, 0, 0, '2025-11-14 22:14:46'),
(3, 53, 2025, 12, 0, 0, '2025-11-14 22:14:46'),
(3, 54, 2025, 30, 0, 0, '2025-11-14 22:14:46'),
(3, 56, 2025, 180, 0, 0, '2025-11-14 22:14:46'),
(4, 53, 2025, 12, 0, 0, '2025-11-14 22:14:46'),
(4, 54, 2025, 30, 0, 0, '2025-11-14 22:14:46'),
(4, 55, 2025, 14, 0, 0, '2025-11-14 22:14:46'),
(5, 53, 2025, 12, 0, 0, '2025-11-14 22:14:46'),
(5, 54, 2025, 30, 0, 0, '2025-11-14 22:14:46'),
(5, 56, 2025, 180, 0, 0, '2025-11-14 22:14:46'),
(6, 53, 2025, 12, 0, 0, '2025-11-14 22:14:46'),
(6, 54, 2025, 30, 0, 0, '2025-11-14 22:14:46'),
(6, 55, 2025, 14, 0, 0, '2025-11-14 22:14:46'),
(7, 53, 2025, 12, 0, 0, '2025-11-14 22:14:46'),
(7, 54, 2025, 30, 0, 0, '2025-11-14 22:14:46'),
(7, 55, 2025, 14, 0, 0, '2025-11-14 22:14:46'),
(8, 53, 2025, 12, 0, 0, '2025-11-14 22:14:46'),
(8, 54, 2025, 30, 0, 0, '2025-11-14 22:14:46'),
(8, 56, 2025, 180, 0, 0, '2025-11-14 22:14:46'),
(9, 53, 2025, 12, 0, 0, '2025-11-14 22:14:46'),
(9, 54, 2025, 30, 0, 0, '2025-11-14 22:14:46'),
(9, 56, 2025, 180, 0, 0, '2025-11-14 22:14:46'),
(10, 53, 2025, 12, 0, 0, '2025-11-14 22:14:46'),
(10, 54, 2025, 30, 0, 0, '2025-11-14 22:14:46'),
(10, 55, 2025, 14, 0, 0, '2025-11-14 22:14:46'),
(11, 53, 2025, 12, 0, 0, '2025-11-14 22:14:46'),
(11, 54, 2025, 30, 0, 0, '2025-11-14 22:14:46'),
(11, 55, 2025, 14, 0, 0, '2025-11-14 22:14:46'),
(12, 53, 2025, 12, 0, 0, '2025-11-14 22:14:46'),
(12, 54, 2025, 30, 0, 0, '2025-11-14 22:14:46'),
(12, 56, 2025, 180, 0, 0, '2025-11-14 22:14:46'),
(13, 53, 2025, 12, 0, 0, '2025-11-14 22:14:46'),
(13, 54, 2025, 30, 0, 0, '2025-11-14 22:14:46'),
(13, 56, 2025, 180, 0, 0, '2025-11-14 22:14:46'),
(14, 53, 2025, 12, 0, 0, '2025-11-14 22:14:46'),
(14, 54, 2025, 30, 0, 0, '2025-11-14 22:14:46'),
(14, 55, 2025, 14, 0, 0, '2025-11-14 22:14:46'),
(15, 53, 2025, 12, 0, 0, '2025-11-14 22:14:46'),
(15, 54, 2025, 30, 0, 0, '2025-11-14 22:14:46'),
(15, 56, 2025, 180, 0, 0, '2025-11-14 22:14:46'),
(16, 53, 2025, 12, 0, 0, '2025-11-14 22:14:46'),
(16, 54, 2025, 30, 0, 0, '2025-11-14 22:14:46'),
(16, 56, 2025, 180, 0, 0, '2025-11-14 22:14:46'),
(17, 53, 2025, 12, 0, 0, '2025-11-14 22:14:46'),
(17, 54, 2025, 30, 0, 0, '2025-11-14 22:14:46'),
(17, 56, 2025, 180, 0, 0, '2025-11-14 22:14:46'),
(18, 53, 2025, 12, 0, 1, '2025-11-14 22:14:46'),
(18, 54, 2025, 30, 0, 1, '2025-11-14 22:14:46'),
(18, 56, 2025, 180, 0, 0, '2025-11-14 22:14:46'),
(19, 53, 2025, 12, 0, 0, '2025-11-14 22:14:46'),
(19, 54, 2025, 30, 0, 0, '2025-11-14 22:14:46'),
(19, 55, 2025, 14, 0, 0, '2025-11-14 22:14:46'),
(22, 53, 2025, 12, 0, 0, '2025-12-10 16:08:26'),
(22, 54, 2025, 30, 0, 0, '2025-12-10 16:08:26'),
(22, 55, 2025, 14, 0, 0, '2025-12-10 16:08:26'),
(22, 56, 2025, 0, 0, 0, '2025-12-10 16:08:26'),
(22, 57, 2025, 0, 0, 0, '2025-12-10 16:08:26'),
(23, 53, 2025, 12, 0, 0, '2025-12-10 09:15:47'),
(23, 54, 2025, 30, 0, 0, '2025-12-10 09:15:47'),
(23, 55, 2025, 14, 0, 0, '2025-12-10 09:15:47'),
(23, 56, 2025, 0, 0, 0, '2025-12-10 09:15:47'),
(23, 57, 2025, 0, 0, 0, '2025-12-10 09:15:47');

-- --------------------------------------------------------

--
-- Cáș„u trĂșc báșŁng cho báșŁng `leavepolicy`
--

DROP TABLE IF EXISTS `leavepolicy`;
CREATE TABLE IF NOT EXISTS `leavepolicy` (
  `policyID` int NOT NULL AUTO_INCREMENT,
  `leavetype` enum('ANNUAL','SICK','MATERNITY','PATERNITY') COLLATE utf8mb4_unicode_ci NOT NULL,
  `minyearsservice` int NOT NULL COMMENT 'ThĂąm niĂȘn tá»i thiá»u (nÄm)',
  `maxyearsservice` int DEFAULT NULL,
  `jobtype` varchar(100) COLLATE utf8mb4_unicode_ci DEFAULT NULL,
  `gendertarget` enum('MALE','FEMALE') COLLATE utf8mb4_unicode_ci DEFAULT NULL,
  `days` int NOT NULL,
  `description` varchar(255) CHARACTER SET utf8mb4 COLLATE utf8mb4_unicode_ci DEFAULT NULL COMMENT 'MĂŽ táșŁ (VD: "NhĂąn viĂȘn dÆ°á»i 5 nÄm")',
  `leavetypeid` int DEFAULT NULL,
  PRIMARY KEY (`policyID`),
  KEY `FK_Policy_Shift` (`leavetypeid`)
) ENGINE=InnoDB AUTO_INCREMENT=16 DEFAULT CHARSET=utf8mb4 COLLATE=utf8mb4_unicode_ci COMMENT='ChĂ­nh sĂĄch phĂ©p nÄm theo thĂąm niĂȘn';

--
-- Äang Äá» dá»Ż liá»u cho báșŁng `leavepolicy`
--

INSERT INTO `leavepolicy` (`policyID`, `leavetype`, `minyearsservice`, `maxyearsservice`, `jobtype`, `gendertarget`, `days`, `description`, `leavetypeid`) VALUES
(1, 'ANNUAL', 0, 5, NULL, NULL, 12, 'NhĂąn viĂȘn cĂł thĂąm niĂȘn dÆ°á»i 5 nÄm', 53),
(2, 'ANNUAL', 5, 10, NULL, NULL, 13, 'NhĂąn viĂȘn cĂł thĂąm niĂȘn tá»« 5 Äáșżn dÆ°á»i 10 nÄm', 53),
(3, 'ANNUAL', 10, NULL, NULL, NULL, 14, 'NhĂąn viĂȘn cĂł thĂąm niĂȘn tá»« 10 nÄm trá» lĂȘn', 53),
(7, 'SICK', 0, 15, 'NORMAL', NULL, 30, 'PhĂ©p á»m cho nhĂąn viĂȘn ÄĂłng BHXH dÆ°á»i 15 nÄm', 54),
(8, 'SICK', 15, 30, 'NORMAL', NULL, 40, 'PhĂ©p á»m cho nhĂąn viĂȘn ÄĂłng BHXH tá»« 15 nÄm - 30 nÄm', 54),
(9, 'SICK', 30, NULL, 'NORMAL', NULL, 60, 'PhĂ©p á»m cho nhĂąn viĂȘn ÄĂłng BHXH tá»« 30 nÄm trá» lĂȘn', 54),
(10, 'MATERNITY', 0, NULL, NULL, 'FEMALE', 180, 'Nghá» thai sáșŁn', 56),
(11, 'PATERNITY', 0, NULL, NULL, 'MALE', 14, 'NhĂąn viĂȘn cĂł vá»Ł sinh con', 55),
(12, 'SICK', 0, 15, 'DANGER', NULL, 40, 'PhĂ©p á»m (Äá»c háșĄi) cho nhĂąn viĂȘn ÄĂłng BHXH dÆ°á»i 15 nÄm', 54),
(13, 'SICK', 15, 30, 'DANGER', NULL, 50, 'PhĂ©p á»m (Äá»c háșĄi) cho nhĂąn viĂȘn ÄĂłng BHXH tá»« 15 nÄm - 30 nÄm', 54),
(14, 'SICK', 30, NULL, 'DANGER', NULL, 70, 'PhĂ©p á»m (Äá»c háșĄi) cho nhĂąn viĂȘn ÄĂłng BHXH tá»« 30 nÄm trá» lĂȘn', 54);

-- --------------------------------------------------------

--
-- Cáș„u trĂșc báșŁng cho báșŁng `leaverequests`
--

DROP TABLE IF EXISTS `leaverequests`;
CREATE TABLE IF NOT EXISTS `leaverequests` (
  `leaverequestID` int NOT NULL AUTO_INCREMENT,
  `leavetype` enum('ANNUAL','SICK','MATERNITY','PATERNITY','UNPAID') CHARACTER SET utf8mb4 COLLATE utf8mb4_unicode_ci NOT NULL DEFAULT 'ANNUAL',
  `startdate` date NOT NULL,
  `enddate` date NOT NULL,
  `reason` text COLLATE utf8mb4_unicode_ci,
  `status` enum('PENDING','APPROVED','REJECTED') COLLATE utf8mb4_unicode_ci NOT NULL DEFAULT 'PENDING',
  `requestdate` date DEFAULT NULL,
  `userID` int DEFAULT NULL,
  `shiftID` int DEFAULT NULL,
  PRIMARY KEY (`leaverequestID`),
  KEY `userID` (`userID`),
  KEY `FK_Request_Shift` (`shiftID`)
) ENGINE=InnoDB AUTO_INCREMENT=10 DEFAULT CHARSET=utf8mb4 COLLATE=utf8mb4_unicode_ci;

--
-- Äang Äá» dá»Ż liá»u cho báșŁng `leaverequests`
--

INSERT INTO `leaverequests` (`leaverequestID`, `leavetype`, `startdate`, `enddate`, `reason`, `status`, `requestdate`, `userID`, `shiftID`) VALUES
(1, 'SICK', '2025-10-29', '2025-10-29', 'Bá» sá»t', 'APPROVED', '2025-10-28', 6, 54),
(2, 'ANNUAL', '2025-11-05', '2025-11-06', 'Gia ÄĂŹnh cĂł viá»c', 'PENDING', '2025-10-28', 12, 53),
(3, 'ANNUAL', '2025-10-20', '2025-10-20', 'Viá»c cĂĄ nhĂąn', 'REJECTED', '2025-10-19', 8, 53),
(5, 'SICK', '2025-12-01', '2025-12-02', 'Test API táșĄo ÄÆĄn tá»« Postman', 'PENDING', '2025-11-13', 15, 54),
(6, 'SICK', '2025-12-06', '2025-12-06', 'Test API táșĄo ÄÆĄn tá»« Postman', 'REJECTED', '2025-11-13', 18, 54),
(7, 'ANNUAL', '2025-12-02', '2025-12-02', 'Äi chÆĄi', 'APPROVED', '2025-11-24', 18, 53),
(8, 'SICK', '2025-12-03', '2025-12-03', 'bá»nh Ho ', 'APPROVED', '2025-11-24', 18, 54),
(9, 'ANNUAL', '2025-12-25', '2025-12-26', 'Nghá» phĂ©p test chá»©c nÄng', 'PENDING', NULL, 6, NULL);

-- --------------------------------------------------------

--
-- Cáș„u trĂșc báșŁng cho báșŁng `monthlypayrollconfigs`
--

DROP TABLE IF EXISTS `monthlypayrollconfigs`;
CREATE TABLE IF NOT EXISTS `monthlypayrollconfigs` (
  `ConfigID` int NOT NULL AUTO_INCREMENT,
  `Month` int NOT NULL,
  `Year` int NOT NULL,
  `CycleStartDate` date NOT NULL,
  `CycleEndDate` date NOT NULL,
  `StandardWorkDays` decimal(4,2) DEFAULT '26.00',
  PRIMARY KEY (`ConfigID`),
  UNIQUE KEY `UQ_Month_Year` (`Month`,`Year`)
) ENGINE=InnoDB AUTO_INCREMENT=25 DEFAULT CHARSET=utf8mb4 COLLATE=utf8mb4_unicode_ci;

--
-- Äang Äá» dá»Ż liá»u cho báșŁng `monthlypayrollconfigs`
--

INSERT INTO `monthlypayrollconfigs` (`ConfigID`, `Month`, `Year`, `CycleStartDate`, `CycleEndDate`, `StandardWorkDays`) VALUES
(1, 1, 2025, '2024-12-26', '2025-01-25', 26.00),
(2, 2, 2025, '2025-01-26', '2025-02-25', 24.00),
(3, 3, 2025, '2025-02-26', '2025-03-25', 26.00),
(4, 4, 2025, '2025-03-26', '2025-04-25', 26.00),
(5, 5, 2025, '2025-04-26', '2025-05-25', 26.00),
(6, 6, 2025, '2025-05-26', '2025-06-25', 26.00),
(7, 7, 2025, '2025-06-26', '2025-07-25', 26.00),
(8, 8, 2025, '2025-07-26', '2025-08-25', 26.00),
(9, 9, 2025, '2025-08-26', '2025-09-25', 26.00),
(10, 10, 2025, '2025-09-26', '2025-10-25', 26.00),
(11, 11, 2025, '2025-10-26', '2025-11-25', 26.00),
(12, 12, 2025, '2025-11-26', '2025-12-25', 26.00),
(13, 1, 2026, '2025-12-26', '2026-01-25', 26.00),
(14, 2, 2026, '2026-01-26', '2026-02-25', 26.00),
(15, 3, 2026, '2026-02-26', '2026-03-25', 22.00),
(16, 4, 2026, '2026-03-26', '2026-04-25', 26.00),
(17, 5, 2026, '2026-04-26', '2026-05-25', 26.00),
(18, 6, 2026, '2026-05-26', '2026-06-25', 26.00),
(19, 7, 2026, '2026-06-26', '2026-07-25', 26.00),
(20, 8, 2026, '2026-07-26', '2026-08-25', 26.00),
(21, 9, 2026, '2026-08-26', '2026-09-25', 26.00),
(22, 10, 2026, '2026-09-26', '2026-10-25', 26.00),
(23, 11, 2026, '2026-10-26', '2026-11-25', 26.00),
(24, 12, 2026, '2026-11-26', '2026-12-25', 26.00);

-- --------------------------------------------------------

--
-- Cáș„u trĂșc báșŁng cho báșŁng `overtime`
--

DROP TABLE IF EXISTS `overtime`;
CREATE TABLE IF NOT EXISTS `overtime` (
  `id` int NOT NULL AUTO_INCREMENT,
  `userid` int NOT NULL COMMENT 'ID nhĂąn viĂȘn (FK)',
  `overtimetypeid` int NOT NULL COMMENT 'ID loáșĄi tÄng ca (FK)',
  `date` date NOT NULL COMMENT 'NgĂ y lĂ m thĂȘm giá»',
  `hours` double NOT NULL COMMENT 'Sá» giá» lĂ m thĂȘm',
  `status` varchar(20) COLLATE utf8mb4_unicode_ci DEFAULT 'APPROVED' COMMENT 'TráșĄng thĂĄi: APPROVED, PENDING, REJECTED',
  `reason` text COLLATE utf8mb4_unicode_ci COMMENT 'LĂœ do lĂ m thĂȘm',
  PRIMARY KEY (`id`),
  KEY `fk_overtime_users` (`userid`),
  KEY `fk_overtime_type` (`overtimetypeid`)
) ENGINE=InnoDB AUTO_INCREMENT=7 DEFAULT CHARSET=utf8mb4 COLLATE=utf8mb4_unicode_ci;

--
-- Äang Äá» dá»Ż liá»u cho báșŁng `overtime`
--

INSERT INTO `overtime` (`id`, `userid`, `overtimetypeid`, `date`, `hours`, `status`, `reason`) VALUES
(1, 1, 1, '2025-10-15', 3, 'APPROVED', 'CháșĄy deadline dá»± ĂĄn'),
(2, 1, 2, '2025-10-19', 4, 'APPROVED', 'BáșŁo trĂŹ há» thá»ng cuá»i tuáș§n'),
(3, 2, 1, '2025-10-20', 2, 'PENDING', 'Há» trá»Ł khĂĄch hĂ ng muá»n'),
(4, 20, 1, '2025-12-01', 2, 'APPROVED', 'LĂ m cá» ná»t dá»± ĂĄn'),
(5, 20, 5, '2025-12-03', 2, 'APPROVED', 'Há» trá»Ł khĂĄch hĂ ng nÆ°á»c ngoĂ i'),
(6, 20, 2, '2025-12-07', 4, 'APPROVED', 'BáșŁo trĂŹ mĂĄy mĂłc cuá»i tuáș§n');

-- --------------------------------------------------------

--
-- Cáș„u trĂșc báșŁng cho báșŁng `overtimetypes`
--

DROP TABLE IF EXISTS `overtimetypes`;
CREATE TABLE IF NOT EXISTS `overtimetypes` (
  `OvertimeTypeID` int NOT NULL AUTO_INCREMENT,
  `OtCode` varchar(20) CHARACTER SET utf8mb4 COLLATE utf8mb4_unicode_ci NOT NULL,
  `OtName` varchar(100) CHARACTER SET utf8mb4 COLLATE utf8mb4_unicode_ci NOT NULL,
  `Rate` decimal(5,2) NOT NULL COMMENT 'Há» sá» nhĂąn (1.5, 2.0...)',
  `CalculationType` enum('MULTIPLIER','ADDITIVE','FIXED_AMOUNT') COLLATE utf8mb4_unicode_ci DEFAULT 'MULTIPLIER' COMMENT 'MULTIPLIER: nhĂąn há» sá» (1.5x, 2x), ADDITIVE: cá»ng thĂȘm % (+30%, +50%), FIXED_AMOUNT: sá» tiá»n cá» Äá»nh',
  `IsTaxExemptPart` tinyint(1) DEFAULT '1' COMMENT '1=Pháș§n chĂȘnh lá»ch ÄÆ°á»Łc miá»n thuáșż',
  `TaxExemptFormula` enum('NONE','EXCESS_ONLY','FULL_AMOUNT','PERCENTAGE','CUSTOM') COLLATE utf8mb4_unicode_ci DEFAULT 'EXCESS_ONLY' COMMENT 'NONE: khĂŽng miá»n thuáșż, EXCESS_ONLY: chá» pháș§n vÆ°á»Łt, FULL_AMOUNT: toĂ n bá», PERCENTAGE: theo %, CUSTOM: cĂŽng thá»©c riĂȘng',
  `TaxExemptPercentage` decimal(5,2) DEFAULT '0.00' COMMENT 'Tá»· lá» % ÄÆ°á»Łc miá»n thuáșż (dĂčng khi TaxExemptFormula = PERCENTAGE)',
  `Description` text COLLATE utf8mb4_unicode_ci COMMENT 'MĂŽ táșŁ chi tiáșżt cĂĄch tĂ­nh OT nĂ y',
  PRIMARY KEY (`OvertimeTypeID`),
  UNIQUE KEY `OtCode` (`OtCode`)
) ENGINE=InnoDB AUTO_INCREMENT=9 DEFAULT CHARSET=utf8mb4 COLLATE=utf8mb4_unicode_ci;

--
-- Äang Äá» dá»Ż liá»u cho báșŁng `overtimetypes`
--

INSERT INTO `overtimetypes` (`OvertimeTypeID`, `OtCode`, `OtName`, `Rate`, `CalculationType`, `IsTaxExemptPart`, `TaxExemptFormula`, `TaxExemptPercentage`, `Description`) VALUES
(1, 'OT_WEEKDAY', 'LĂ m thĂȘm ngĂ y thÆ°á»ng', 1.50, 'MULTIPLIER', 1, 'EXCESS_ONLY', 0.00, 'LĂ m thĂȘm giá» ngĂ y thÆ°á»ng: 150% lÆ°ÆĄng giá». Pháș§n vÆ°á»Łt 100% ÄÆ°á»Łc miá»n thuáșż.'),
(2, 'OT_WEEKEND', 'LĂ m thĂȘm ngĂ y nghá» tuáș§n', 2.00, 'MULTIPLIER', 1, 'EXCESS_ONLY', 0.00, 'LĂ m thĂȘm giá» ngĂ y nghá» tuáș§n: 200% lÆ°ÆĄng giá». Pháș§n vÆ°á»Łt 100% ÄÆ°á»Łc miá»n thuáșż.'),
(3, 'OT_HOLIDAY', 'LĂ m thĂȘm ngĂ y Lá»/Táșżt', 3.00, 'MULTIPLIER', 1, 'EXCESS_ONLY', 0.00, 'LĂ m thĂȘm giá» ngĂ y Lá»/Táșżt: 300% lÆ°ÆĄng giá». Pháș§n vÆ°á»Łt 100% ÄÆ°á»Łc miá»n thuáșż.'),
(4, 'NIGHT_SHIFT', 'Phá»„ cáș„p ca ÄĂȘm (30%)', 0.30, 'ADDITIVE', 1, 'EXCESS_ONLY', 0.00, 'Phá»„ cáș„p dĂ nh cho giá» lĂ m viá»c chĂ­nh thá»©c rÆĄi vĂ o khung 22h-06h'),
(5, 'OT_NIGHT_WEEKDAY', 'TÄng ca ÄĂȘm ngĂ y thÆ°á»ng (200%)', 2.00, 'MULTIPLIER', 1, 'EXCESS_ONLY', 0.00, 'LĂ m thĂȘm giá» vĂ o ban ÄĂȘm ngĂ y thÆ°á»ng'),
(6, 'OT_NIGHT_WEEKEND', 'TÄng ca ÄĂȘm ngĂ y nghá» (260%)', 2.60, 'MULTIPLIER', 1, 'EXCESS_ONLY', 0.00, 'LĂ m thĂȘm giá» vĂ o ban ÄĂȘm ngĂ y nghá» tuáș§n'),
(7, 'OT_NIGHT_HOLIDAY', 'TÄng ca ÄĂȘm Lá» Táșżt (390%)', 3.90, 'MULTIPLIER', 1, 'EXCESS_ONLY', 0.00, 'LĂ m thĂȘm giá» vĂ o ban ÄĂȘm ngĂ y Lá»/Táșżt');

-- --------------------------------------------------------

--
-- Cáș„u trĂșc báșŁng cho báșŁng `payrolls`
--

DROP TABLE IF EXISTS `payrolls`;
CREATE TABLE IF NOT EXISTS `payrolls` (
  `payID` int NOT NULL AUTO_INCREMENT,
  `netsalary` decimal(15,2) NOT NULL,
  `payperiod` varchar(7) COLLATE utf8mb4_unicode_ci NOT NULL,
  `userID` int DEFAULT NULL,
  `totalincome` decimal(15,2) NOT NULL DEFAULT '0.00' COMMENT 'Tá»ng thu nháș­p (Gross)',
  `status` enum('DRAFT','FINAL','PAID') COLLATE utf8mb4_unicode_ci DEFAULT 'DRAFT',
  `pit` decimal(15,2) DEFAULT '0.00' COMMENT 'Thuáșż TNCN',
  `bhxh_emp` decimal(15,2) DEFAULT '0.00' COMMENT 'BHXH NV',
  `bhyt_emp` decimal(15,2) DEFAULT '0.00' COMMENT 'BHYT NV',
  `bhtn_emp` decimal(15,2) DEFAULT '0.00' COMMENT 'BHTN NV',
  `basesalarysnapshot` decimal(15,2) DEFAULT '0.00',
  `insurancesalarysnapshot` decimal(15,2) DEFAULT '0.00',
  `standardworkdays` decimal(4,2) DEFAULT '26.00',
  `actualworkdays` decimal(4,2) DEFAULT '0.00',
  `othours` decimal(5,2) DEFAULT '0.00',
  `dependentcount` int DEFAULT '0',
  `bhxh_comp` decimal(15,2) DEFAULT '0.00' COMMENT 'BHXH CĂŽng ty ÄĂłng (17.5%)',
  `bhyt_comp` decimal(15,2) DEFAULT '0.00' COMMENT 'BHYT CĂŽng ty ÄĂłng (3%)',
  `bhtn_comp` decimal(15,2) DEFAULT '0.00' COMMENT 'BHTN CĂŽng ty ÄĂłng (1%)',
  PRIMARY KEY (`payID`),
  UNIQUE KEY `UQ_User_Period` (`userID`,`payperiod`),
  UNIQUE KEY `uk_user_period` (`userID`,`payperiod`)
) ENGINE=InnoDB AUTO_INCREMENT=1165 DEFAULT CHARSET=utf8mb4 COLLATE=utf8mb4_unicode_ci;

--
-- Äang Äá» dá»Ż liá»u cho báșŁng `payrolls`
--

INSERT INTO `payrolls` (`payID`, `netsalary`, `payperiod`, `userID`, `totalincome`, `status`, `pit`, `bhxh_emp`, `bhyt_emp`, `bhtn_emp`, `basesalarysnapshot`, `insurancesalarysnapshot`, `standardworkdays`, `actualworkdays`, `othours`, `dependentcount`, `bhxh_comp`, `bhyt_comp`, `bhtn_comp`) VALUES
(1, 10500000.00, '2025-09', 6, 0.00, 'DRAFT', 0.00, 0.00, 0.00, 0.00, 0.00, 0.00, 26.00, 0.00, 0.00, 0, 0.00, 0.00, 0.00),
(2, 9100000.00, '2025-09', 8, 0.00, 'DRAFT', 0.00, 0.00, 0.00, 0.00, 0.00, 0.00, 26.00, 0.00, 0.00, 0, 0.00, 0.00, 0.00),
(981, -3300000.00, '2025-11', 1, 0.00, 'DRAFT', 0.00, 2400000.00, 600000.00, 300000.00, 30000000.00, 30000000.00, 26.00, 0.00, 0.00, 2, 5400000.00, 900000.00, 300000.00),
(982, -1650000.00, '2025-11', 2, 0.00, 'DRAFT', 0.00, 1200000.00, 300000.00, 150000.00, 15000000.00, 15000000.00, 26.00, 0.00, 0.00, 1, 2700000.00, 450000.00, 150000.00),
(983, -2750000.00, '2025-11', 3, 0.00, 'DRAFT', 0.00, 2000000.00, 500000.00, 250000.00, 25000000.00, 25000000.00, 26.00, 0.00, 0.00, 1, 4500000.00, 750000.00, 250000.00),
(984, -1320000.00, '2025-11', 4, 0.00, 'DRAFT', 0.00, 960000.00, 240000.00, 120000.00, 12000000.00, 12000000.00, 26.00, 0.00, 0.00, 1, 2160000.00, 360000.00, 120000.00),
(985, -1430384.62, '2025-11', 5, 989615.38, 'DRAFT', 0.00, 1760000.00, 440000.00, 220000.00, 22000000.00, 22000000.00, 26.00, 1.00, 0.00, 2, 3960000.00, 660000.00, 220000.00),
(986, -636153.84, '2025-11', 6, 663846.16, 'DRAFT', 0.00, 800000.00, 200000.00, 100000.00, 10000000.00, 10000000.00, 26.00, 2.00, 0.00, 1, 1800000.00, 300000.00, 100000.00),
(987, -2200000.00, '2025-11', 7, 0.00, 'DRAFT', 0.00, 1600000.00, 400000.00, 200000.00, 20000000.00, 20000000.00, 26.00, 0.00, 0.00, 1, 3600000.00, 600000.00, 200000.00),
(988, 1403461.54, '2025-11', 8, 2393461.54, 'DRAFT', 0.00, 720000.00, 180000.00, 90000.00, 9000000.00, 9000000.00, 26.00, 1.00, 0.00, 1, 1620000.00, 270000.00, 90000.00),
(989, -1980000.00, '2025-11', 9, 0.00, 'DRAFT', 0.00, 1440000.00, 360000.00, 180000.00, 18000000.00, 18000000.00, 26.00, 0.00, 0.00, 2, 3240000.00, 540000.00, 180000.00),
(990, -1990000.00, '2025-11', 10, -500000.00, 'DRAFT', 0.00, 720000.00, 180000.00, 90000.00, 9000000.00, 9000000.00, 26.00, 0.00, 0.00, 1, 1620000.00, 270000.00, 90000.00),
(991, -1870000.00, '2025-11', 11, 0.00, 'DRAFT', 0.00, 1360000.00, 340000.00, 170000.00, 17000000.00, 17000000.00, 26.00, 0.00, 0.00, 1, 3060000.00, 510000.00, 170000.00),
(992, -528846.15, '2025-11', 12, 351153.85, 'DRAFT', 0.00, 640000.00, 160000.00, 80000.00, 8000000.00, 8000000.00, 26.00, 1.00, 0.00, 1, 1440000.00, 240000.00, 80000.00),
(993, -1540000.00, '2025-11', 13, 0.00, 'DRAFT', 0.00, 1120000.00, 280000.00, 140000.00, 14000000.00, 14000000.00, 26.00, 0.00, 0.00, 1, 2520000.00, 420000.00, 140000.00),
(994, 0.00, '2025-11', 14, 0.00, 'DRAFT', 0.00, 0.00, 0.00, 0.00, 5000000.00, 0.00, 26.00, 0.00, 0.00, 1, 0.00, 0.00, 0.00),
(995, -1045000.00, '2025-11', 15, 0.00, 'DRAFT', 0.00, 760000.00, 190000.00, 95000.00, 9500000.00, 9500000.00, 26.00, 0.00, 0.00, 1, 1710000.00, 285000.00, 95000.00),
(996, -3012000.00, '2025-11', 16, -1000000.00, 'DRAFT', 0.00, 736000.00, 184000.00, 92000.00, 9200000.00, 9200000.00, 26.00, 0.00, 0.00, 1, 1656000.00, 276000.00, 92000.00),
(997, -968000.00, '2025-11', 17, 0.00, 'DRAFT', 0.00, 704000.00, 176000.00, 88000.00, 8800000.00, 8800000.00, 26.00, 0.00, 0.00, 1, 1584000.00, 264000.00, 88000.00),
(998, -1650000.00, '2025-11', 18, 0.00, 'DRAFT', 0.00, 1200000.00, 300000.00, 150000.00, 15000000.00, 15000000.00, 26.00, 0.00, 0.00, 1, 2700000.00, 450000.00, 150000.00),
(999, -1650000.00, '2025-11', 19, 0.00, 'DRAFT', 0.00, 1200000.00, 300000.00, 150000.00, 15000000.00, 15000000.00, 26.00, 0.00, 0.00, 1, 2700000.00, 450000.00, 150000.00),
(1000, 0.00, '2025-11', 20, 0.00, 'DRAFT', 0.00, 0.00, 0.00, 0.00, 7500000.00, 0.00, 26.00, 0.00, 0.00, 0, 0.00, 0.00, 0.00),
(1001, 10465384.68, '2025-11', 21, 12115384.68, 'DRAFT', 0.00, 1200000.00, 300000.00, 150000.00, 15000000.00, 15000000.00, 26.00, 21.00, 0.00, 0, 2700000.00, 450000.00, 150000.00),
(1002, 0.00, '2025-11', 22, 0.00, 'DRAFT', 0.00, 0.00, 0.00, 0.00, 0.00, 0.00, 26.00, 0.00, 0.00, 0, 0.00, 0.00, 0.00),
(1003, 0.00, '2025-11', 23, 0.00, 'DRAFT', 0.00, 0.00, 0.00, 0.00, 0.00, 0.00, 26.00, 0.00, 0.00, 0, 0.00, 0.00, 0.00),
(1119, -3150000.00, '2025-12', 1, 0.00, 'DRAFT', 0.00, 2400000.00, 450000.00, 300000.00, 30000000.00, 30000000.00, 26.00, 0.00, 0.00, 2, 5250000.00, 900000.00, 300000.00),
(1120, -1575000.00, '2025-12', 2, 0.00, 'DRAFT', 0.00, 1200000.00, 225000.00, 150000.00, 15000000.00, 15000000.00, 26.00, 0.00, 0.00, 1, 2625000.00, 450000.00, 150000.00),
(1121, -2625000.00, '2025-12', 3, 0.00, 'DRAFT', 0.00, 2000000.00, 375000.00, 250000.00, 25000000.00, 25000000.00, 26.00, 0.00, 0.00, 1, 4375000.00, 750000.00, 250000.00),
(1122, -1260000.00, '2025-12', 4, 0.00, 'DRAFT', 0.00, 960000.00, 180000.00, 120000.00, 12000000.00, 12000000.00, 26.00, 0.00, 0.00, 1, 2100000.00, 360000.00, 120000.00),
(1123, 690000.00, '2025-12', 5, 3000000.00, 'DRAFT', 0.00, 1760000.00, 330000.00, 220000.00, 22000000.00, 22000000.00, 26.00, 0.00, 0.00, 2, 3850000.00, 660000.00, 220000.00),
(1124, -1050000.00, '2025-12', 6, 0.00, 'DRAFT', 0.00, 800000.00, 150000.00, 100000.00, 10000000.00, 10000000.00, 26.00, 0.00, 0.00, 1, 1750000.00, 300000.00, 100000.00),
(1125, -2100000.00, '2025-12', 7, 0.00, 'DRAFT', 0.00, 1600000.00, 300000.00, 200000.00, 20000000.00, 20000000.00, 26.00, 0.00, 0.00, 1, 3500000.00, 600000.00, 200000.00),
(1126, -945000.00, '2025-12', 8, 0.00, 'DRAFT', 0.00, 720000.00, 135000.00, 90000.00, 9000000.00, 9000000.00, 26.00, 0.00, 0.00, 1, 1575000.00, 270000.00, 90000.00),
(1127, -1890000.00, '2025-12', 9, 0.00, 'DRAFT', 0.00, 1440000.00, 270000.00, 180000.00, 18000000.00, 18000000.00, 26.00, 0.00, 0.00, 2, 3150000.00, 540000.00, 180000.00),
(1128, 55000.00, '2025-12', 10, 1000000.00, 'DRAFT', 0.00, 720000.00, 135000.00, 90000.00, 9000000.00, 9000000.00, 26.00, 0.00, 0.00, 1, 1575000.00, 270000.00, 90000.00),
(1129, -1785000.00, '2025-12', 11, 0.00, 'DRAFT', 0.00, 1360000.00, 255000.00, 170000.00, 17000000.00, 17000000.00, 26.00, 0.00, 0.00, 1, 2975000.00, 510000.00, 170000.00),
(1130, -340000.00, '2025-12', 12, 500000.00, 'DRAFT', 0.00, 640000.00, 120000.00, 80000.00, 8000000.00, 8000000.00, 26.00, 0.00, 0.00, 1, 1400000.00, 240000.00, 80000.00),
(1131, -1470000.00, '2025-12', 13, 0.00, 'DRAFT', 0.00, 1120000.00, 210000.00, 140000.00, 14000000.00, 14000000.00, 26.00, 0.00, 0.00, 1, 2450000.00, 420000.00, 140000.00),
(1132, 0.00, '2025-12', 14, 0.00, 'DRAFT', 0.00, 0.00, 0.00, 0.00, 5000000.00, 0.00, 26.00, 0.00, 0.00, 1, 0.00, 0.00, 0.00),
(1133, -997500.00, '2025-12', 15, 0.00, 'DRAFT', 0.00, 760000.00, 142500.00, 95000.00, 9500000.00, 9500000.00, 26.00, 0.00, 0.00, 1, 1662500.00, 285000.00, 95000.00),
(1134, -966000.00, '2025-12', 16, 0.00, 'DRAFT', 0.00, 736000.00, 138000.00, 92000.00, 9200000.00, 9200000.00, 26.00, 0.00, 0.00, 1, 1610000.00, 276000.00, 92000.00),
(1135, -924000.00, '2025-12', 17, 0.00, 'DRAFT', 0.00, 704000.00, 132000.00, 88000.00, 8800000.00, 8800000.00, 26.00, 0.00, 0.00, 1, 1540000.00, 264000.00, 88000.00),
(1136, -1575000.00, '2025-12', 18, 0.00, 'DRAFT', 0.00, 1200000.00, 225000.00, 150000.00, 15000000.00, 15000000.00, 26.00, 0.00, 0.00, 1, 2625000.00, 450000.00, 150000.00),
(1137, -1575000.00, '2025-12', 19, 0.00, 'DRAFT', 0.00, 1200000.00, 225000.00, 150000.00, 15000000.00, 15000000.00, 26.00, 0.00, 0.00, 1, 2625000.00, 450000.00, 150000.00),
(1138, 1577019.23, '2025-12', 20, 1577019.23, 'DRAFT', 0.00, 0.00, 0.00, 0.00, 7500000.00, 0.00, 26.00, 3.00, 0.00, 0, 0.00, 0.00, 0.00),
(1139, 1309615.40, '2025-12', 21, 2884615.40, 'DRAFT', 0.00, 1200000.00, 225000.00, 150000.00, 15000000.00, 15000000.00, 26.00, 5.00, 0.00, 0, 2625000.00, 450000.00, 150000.00),
(1140, 0.00, '2025-12', 22, 0.00, 'DRAFT', 0.00, 0.00, 0.00, 0.00, 0.00, 0.00, 26.00, 0.00, 0.00, 0, 0.00, 0.00, 0.00),
(1141, 0.00, '2025-12', 23, 0.00, 'DRAFT', 0.00, 0.00, 0.00, 0.00, 0.00, 0.00, 26.00, 0.00, 0.00, 0, 0.00, 0.00, 0.00);

-- --------------------------------------------------------

--
-- Cáș„u trĂșc báșŁng cho báșŁng `permissions`
--

DROP TABLE IF EXISTS `permissions`;
CREATE TABLE IF NOT EXISTS `permissions` (
  `permissionID` int NOT NULL AUTO_INCREMENT,
  `permissionname` varchar(255) COLLATE utf8mb4_unicode_ci NOT NULL,
  `description` text COLLATE utf8mb4_unicode_ci,
  `is_active` tinyint(1) NOT NULL DEFAULT '1',
  PRIMARY KEY (`permissionID`),
  UNIQUE KEY `permissionname` (`permissionname`)
) ENGINE=InnoDB AUTO_INCREMENT=46 DEFAULT CHARSET=utf8mb4 COLLATE=utf8mb4_unicode_ci;

--
-- Äang Äá» dá»Ż liá»u cho báșŁng `permissions`
--

INSERT INTO `permissions` (`permissionID`, `permissionname`, `description`, `is_active`) VALUES
(1, 'LOGIN', 'ÄÄng nháș­p vĂ o há» thá»ng', 1),
(2, 'CHANGE_PASS', 'Äá»i máș­t kháș©u / QuĂȘn máș­t kháș©u', 1),
(3, 'PROFILE_VIEW', 'Xem thĂŽng tin tĂ i khoáșŁn cĂĄ nhĂąn', 1),
(4, 'PROFILE_UPDATE', 'Cáș­p nháș­t thĂŽng tin cĂĄ nhĂąn (SÄT, ÄC...)', 1),
(5, 'ACCOUNT_VIEW_LIST', 'Xem danh sĂĄch tĂ i khoáșŁn/nhĂąn sá»±', 1),
(6, 'ACCOUNT_VIEW_DETAIL', 'Xem chi tiáșżt thĂŽng tin tĂ i khoáșŁn khĂĄc', 1),
(7, 'ACCOUNT_CREATE', 'TáșĄo tĂ i khoáșŁn/Há» sÆĄ nhĂąn sá»± má»i', 1),
(8, 'ACCOUNT_UPDATE', 'Sá»­a thĂŽng tin tĂ i khoáșŁn/Há» sÆĄ nhĂąn sá»±', 1),
(9, 'ACCOUNT_DELETE', 'XĂła hoáș·c VĂŽ hiá»u hĂła tĂ i khoáșŁn', 1),
(10, 'ACCOUNT_RESET_PASS', 'Cáș„p láșĄi máș­t kháș©u cho user', 1),
(11, 'ACCOUNT_PERMISSION', 'Thiáșżt láș­p phĂąn quyá»n truy cáș­p', 1),
(12, 'SYS_LOG_VIEW', 'Xem lá»ch sá»­ hoáșĄt Äá»ng há» thá»ng', 1),
(13, 'SYS_AUDIT_VIEW', 'Theo dĂ”i thao tĂĄc tĂ i khoáșŁn', 1),
(14, 'ATTENDANCE_VIEW_SELF', 'Xem dá»Ż liá»u cháș„m cĂŽng cá»§a mĂŹnh', 1),
(15, 'ATTENDANCE_REQ_CREATE', 'YĂȘu cáș§u bá» sung dá»Ż liá»u cháș„m cĂŽng', 1),
(16, 'ATTENDANCE_VIEW_DEPT', 'Xem cháș„m cĂŽng nhĂąn viĂȘn phĂČng ban', 1),
(17, 'ATTENDANCE_VIEW_ALL', 'Xem cháș„m cĂŽng toĂ n cĂŽng ty', 1),
(18, 'ATTENDANCE_UPDATE', 'Sá»­a/XĂła dá»Ż liá»u cháș„m cĂŽng', 1),
(19, 'ATTENDANCE_APPROVE', 'Duyá»t/Tá»« chá»i yĂȘu cáș§u bá» sung cĂŽng', 1),
(20, 'ATTENDANCE_EXPORT', 'Xuáș„t bĂĄo cĂĄo cháș„m cĂŽng', 1),
(21, 'SHIFT_VIEW', 'Xem lá»ch/ca lĂ m viá»c', 1),
(22, 'SHIFT_ASSIGN', 'PhĂąn ca/Sá»­a ca lĂ m viá»c', 1),
(23, 'SHIFT_REGISTER', 'ÄÄng kĂœ ca lĂ m viá»c', 1),
(24, 'LEAVE_CREATE', 'TáșĄo yĂȘu cáș§u nghá» phĂ©p/LĂ m viá»c', 1),
(25, 'LEAVE_VIEW_SELF', 'Xem lá»ch sá»­ nghá» phĂ©p cĂĄ nhĂąn', 1),
(26, 'LEAVE_CANCEL', 'Há»§y yĂȘu cáș§u nghá» phĂ©p', 1),
(27, 'LEAVE_VIEW_DEPT', 'Xem danh sĂĄch nghá» phĂ©p phĂČng ban', 1),
(28, 'LEAVE_VIEW_ALL', 'Xem danh sĂĄch nghá» phĂ©p toĂ n cĂŽng ty', 1),
(29, 'LEAVE_APPROVE', 'Duyá»t/Tá»« chá»i ÄÆĄn nghá» phĂ©p', 1),
(30, 'PAYROLL_VIEW_SELF', 'Xem phiáșżu lÆ°ÆĄng cĂĄ nhĂąn', 1),
(31, 'PAYROLL_CALCULATE', 'TĂ­nh lÆ°ÆĄng hĂ ng thĂĄng', 1),
(32, 'PAYROLL_VIEW_ALL', 'Xem danh sĂĄch lÆ°ÆĄng toĂ n cĂŽng ty', 1),
(33, 'PAYROLL_REWARD_VIEW', 'Xem danh sĂĄch ThÆ°á»ng/PháșĄt', 1),
(34, 'PAYROLL_EXPORT', 'Xuáș„t bĂĄo cĂĄo lÆ°ÆĄng', 1),
(35, 'CONTRACT_VIEW', 'Xem danh sĂĄch há»Łp Äá»ng', 1),
(36, 'CONTRACT_CREATE', 'ThĂȘm há»Łp Äá»ng lao Äá»ng', 1),
(37, 'CONTRACT_UPDATE', 'Cáș­p nháș­t/Gia háșĄn há»Łp Äá»ng', 1),
(38, 'CONTRACT_EXPORT', 'Xuáș„t bĂĄo cĂĄo há»Łp Äá»ng', 1),
(39, 'EVALUATE_VIEW', 'Xem ÄĂĄnh giĂĄ quĂĄ trĂŹnh lĂ m viá»c', 1),
(40, 'EVALUATE_CREATE', 'Thá»±c hiá»n ÄĂĄnh giĂĄ nhĂąn viĂȘn', 1),
(41, 'SYS_MAIL_PAYROLL', 'Gá»­i mail phiáșżu lÆ°ÆĄng', 1),
(42, 'SYS_MAIL_SCHEDULE', 'Gá»­i mail lá»ch lĂ m viá»c', 1),
(43, 'SYS_MAIL_LEAVE', 'Gá»­i mail thĂŽng bĂĄo ÄÆĄn phĂ©p', 1),
(44, 'SYS_MAIL_CONTRACT', 'Gá»­i mail cáșŁnh bĂĄo háșżt háșĄn HÄ', 1),
(45, 'SYS_IMPORT_QR', 'Nháș­n dá»Ż liá»u cháș„m cĂŽng QR', 1);

-- --------------------------------------------------------

--
-- Cáș„u trĂșc báșŁng cho báșŁng `requirementrules`
--

DROP TABLE IF EXISTS `requirementrules`;
CREATE TABLE IF NOT EXISTS `requirementrules` (
  `ruleID` int NOT NULL AUTO_INCREMENT COMMENT 'KhĂła chĂ­nh',
  `requirementID` int NOT NULL COMMENT 'LiĂȘn káșżt tá»i schedule_requirements',
  `requiredskillGrade` int NOT NULL COMMENT 'Cáș„p ká»č nÄng yĂȘu cáș§u (vĂ­ dá»„: 3)',
  `minstaffcount` int NOT NULL DEFAULT '1' COMMENT 'Sá» lÆ°á»Łng nhĂąn viĂȘn Tá»I THIá»U pháșŁi cĂł ká»č nÄng nĂ y (vĂ­ dá»„: 1)',
  PRIMARY KEY (`ruleID`),
  KEY `FK_rule_req` (`requirementID`)
) ENGINE=InnoDB AUTO_INCREMENT=17 DEFAULT CHARSET=utf8mb4 COLLATE=utf8mb4_unicode_ci COMMENT='Quy táșŻc ká»č nÄng chi tiáșżt cho má»t yĂȘu cáș§u nhĂąn sá»±';

--
-- Äang Äá» dá»Ż liá»u cho báșŁng `requirementrules`
--

INSERT INTO `requirementrules` (`ruleID`, `requirementID`, `requiredskillGrade`, `minstaffcount`) VALUES
(7, 2, 3, 1),
(9, 3, 3, 1),
(11, 7, 1, 1),
(12, 6, 3, 0),
(14, 12, 3, 2),
(15, 12, 1, 1),
(16, 14, 1, 1);

-- --------------------------------------------------------

--
-- Cáș„u trĂșc báșŁng cho báșŁng `rewardpunishmentdecisions`
--

DROP TABLE IF EXISTS `rewardpunishmentdecisions`;
CREATE TABLE IF NOT EXISTS `rewardpunishmentdecisions` (
  `DecisionID` int NOT NULL AUTO_INCREMENT,
  `UserID` int NOT NULL,
  `Type` enum('REWARD','PUNISHMENT') COLLATE utf8mb4_unicode_ci NOT NULL COMMENT 'Khen thÆ°á»ng hoáș·c Ká»· luáș­t',
  `Reason` text CHARACTER SET utf8mb4 COLLATE utf8mb4_unicode_ci NOT NULL COMMENT 'LĂœ do',
  `DecisionDate` date NOT NULL COMMENT 'NgĂ y ra quyáșżt Äá»nh',
  `Amount` decimal(15,2) DEFAULT '0.00' COMMENT 'Sá» tiá»n',
  `IsTaxExempt` tinyint(1) DEFAULT '0' COMMENT '1=Miá»n thuáșż TNCN, 0=Chá»u thuáșż',
  `Status` enum('PENDING','APPROVED','PROCESSED','CANCELLED') COLLATE utf8mb4_unicode_ci DEFAULT 'PENDING' COMMENT 'Processed=ÄĂŁ tĂ­nh vĂ o lÆ°ÆĄng',
  PRIMARY KEY (`DecisionID`),
  KEY `FK_Decision_User` (`UserID`)
) ENGINE=InnoDB AUTO_INCREMENT=11 DEFAULT CHARSET=utf8mb4 COLLATE=utf8mb4_unicode_ci;

--
-- Äang Äá» dá»Ż liá»u cho báșŁng `rewardpunishmentdecisions`
--

INSERT INTO `rewardpunishmentdecisions` (`DecisionID`, `UserID`, `Type`, `Reason`, `DecisionDate`, `Amount`, `IsTaxExempt`, `Status`) VALUES
(1, 10, 'PUNISHMENT', 'Vi pháșĄm quy trĂŹnh váș­n hĂ nh mĂĄy in lĂ m há»ng váș­t tÆ°', '2025-11-05', 500000.00, 0, 'PROCESSED'),
(2, 10, 'REWARD', 'ÄáșĄt thĂ nh tĂ­ch nhĂąn viĂȘn xuáș„t sáșŻc thĂĄng 11', '2025-11-28', 1000000.00, 1, 'PROCESSED'),
(3, 6, 'PUNISHMENT', 'Äi muá»n 3 láș§n trong thĂĄng 11', '2025-11-25', 200000.00, 0, 'APPROVED'),
(4, 16, 'PUNISHMENT', 'LĂ m há»ng báșŁn in sá» lÆ°á»Łng lá»n (Lá»i váș­n hĂ nh)', '2025-11-20', 1000000.00, 0, 'APPROVED'),
(5, 12, 'REWARD', 'NhĂąn viĂȘn CSKH cĂł pháșŁn há»i tá»t nháș„t thĂĄng', '2025-11-30', 500000.00, 1, 'APPROVED'),
(6, 8, 'REWARD', 'SĂĄng kiáșżn cáșŁi tiáșżn quy trĂŹnh ÄĂłng gĂłi', '2025-11-15', 2000000.00, 1, 'APPROVED'),
(7, 5, 'REWARD', 'HoĂ n thĂ nh dá»± ĂĄn báșŁo trĂŹ sá»m háșĄn', '2025-11-28', 3000000.00, 1, 'APPROVED'),
(8, 6, 'REWARD', 'ThÆ°á»ng chuyĂȘn cáș§n thĂĄng 09/2025', '2025-09-30', 500000.00, 1, 'PROCESSED'),
(9, 8, 'REWARD', 'ThÆ°á»ng vÆ°á»Łt nÄng suáș„t thĂĄng 09/2025', '2025-09-30', 200000.00, 1, 'PROCESSED'),
(10, 8, 'PUNISHMENT', 'Vi pháșĄm quy Äá»nh giá» giáș„c (Äi trá»)', '2025-09-15', 100000.00, 0, 'PROCESSED');

-- --------------------------------------------------------

--
-- Cáș„u trĂșc báșŁng cho báșŁng `roles`
--

DROP TABLE IF EXISTS `roles`;
CREATE TABLE IF NOT EXISTS `roles` (
  `roleID` int NOT NULL AUTO_INCREMENT,
  `rolename` varchar(100) COLLATE utf8mb4_unicode_ci NOT NULL,
  PRIMARY KEY (`roleID`),
  UNIQUE KEY `rolename` (`rolename`)
) ENGINE=InnoDB AUTO_INCREMENT=5 DEFAULT CHARSET=utf8mb4 COLLATE=utf8mb4_unicode_ci;

--
-- Äang Äá» dá»Ż liá»u cho báșŁng `roles`
--

INSERT INTO `roles` (`roleID`, `rolename`) VALUES
(1, 'Admin'),
(4, 'Employee'),
(2, 'HR'),
(3, 'Manager');

-- --------------------------------------------------------

--
-- Cáș„u trĂșc báșŁng cho báșŁng `rolespermissions`
--

DROP TABLE IF EXISTS `rolespermissions`;
CREATE TABLE IF NOT EXISTS `rolespermissions` (
  `roleID` int NOT NULL,
  `permissionID` int NOT NULL,
  `active` tinyint(1) NOT NULL DEFAULT '1',
  PRIMARY KEY (`roleID`,`permissionID`),
  KEY `permissionID` (`permissionID`)
) ENGINE=InnoDB DEFAULT CHARSET=utf8mb4 COLLATE=utf8mb4_unicode_ci;

--
-- Äang Äá» dá»Ż liá»u cho báșŁng `rolespermissions`
--

INSERT INTO `rolespermissions` (`roleID`, `permissionID`, `active`) VALUES
(1, 1, 1),
(1, 2, 1),
(1, 3, 1),
(1, 4, 1),
(1, 5, 1),
(1, 6, 1),
(1, 7, 1),
(1, 8, 1),
(1, 9, 1),
(1, 10, 1),
(1, 11, 1),
(1, 12, 1),
(1, 13, 1),
(2, 1, 1),
(2, 2, 1),
(2, 3, 1),
(2, 4, 1),
(2, 5, 1),
(2, 6, 1),
(2, 7, 1),
(2, 8, 1),
(2, 14, 1),
(2, 17, 1),
(2, 18, 1),
(2, 19, 1),
(2, 20, 1),
(2, 28, 1),
(2, 29, 1),
(2, 30, 1),
(2, 31, 1),
(2, 32, 1),
(2, 33, 1),
(2, 34, 1),
(2, 35, 1),
(2, 36, 1),
(2, 37, 1),
(2, 38, 1),
(3, 1, 1),
(3, 2, 1),
(3, 3, 1),
(3, 4, 1),
(3, 5, 1),
(3, 6, 1),
(3, 14, 1),
(3, 15, 1),
(3, 16, 1),
(3, 19, 1),
(3, 21, 1),
(3, 22, 1),
(3, 24, 1),
(3, 25, 1),
(3, 27, 1),
(3, 29, 1),
(3, 30, 1),
(3, 39, 1),
(3, 40, 1),
(4, 1, 1),
(4, 2, 1),
(4, 3, 1),
(4, 4, 1),
(4, 5, 0),
(4, 14, 1),
(4, 21, 1),
(4, 23, 1),
(4, 24, 1),
(4, 25, 1),
(4, 26, 1),
(4, 30, 1);

-- --------------------------------------------------------

--
-- Cáș„u trĂșc báșŁng cho báșŁng `salaryvariables`
--

DROP TABLE IF EXISTS `salaryvariables`;
CREATE TABLE IF NOT EXISTS `salaryvariables` (
  `VariableID` int NOT NULL AUTO_INCREMENT,
  `Name` varchar(100) COLLATE utf8mb4_unicode_ci NOT NULL,
  `Code` varchar(50) COLLATE utf8mb4_unicode_ci NOT NULL,
  `Description` text COLLATE utf8mb4_unicode_ci,
  `SQLQuery` text COLLATE utf8mb4_unicode_ci COMMENT 'CĂąu lá»nh Native SQL Äá» láș„y giĂĄ trá»',
  `rule_id` int DEFAULT NULL,
  `dsl_version_id` int DEFAULT NULL,
  `builderMetadata` json DEFAULT NULL COMMENT 'LÆ°u cáș„u hĂŹnh JSON gá»c tá»« UI Äá» phá»„c vá»„ viá»c load láșĄi form sá»­a',
  PRIMARY KEY (`VariableID`),
  UNIQUE KEY `Code` (`Code`),
  KEY `fk_salaryvariables_rule_fix` (`rule_id`)
) ENGINE=InnoDB AUTO_INCREMENT=40 DEFAULT CHARSET=utf8mb4 COLLATE=utf8mb4_unicode_ci;

--
-- Äang Äá» dá»Ż liá»u cho báșŁng `salaryvariables`
--

INSERT INTO `salaryvariables` (`VariableID`, `Name`, `Code`, `Description`, `SQLQuery`, `rule_id`, `dsl_version_id`, `builderMetadata`) VALUES
(1, 'LÆ°ÆĄng cÆĄ báșŁn (HÄLÄ)', 'BASE_SALARY', 'Láș„y tá»« báșŁng Contracts', 'SELECT basesalary FROM contracts WHERE userID = :userId AND Status = \'ACTIVE\' LIMIT 1', NULL, NULL, '{\"code\": \"BASE_SALARY\", \"mode\": \"RAW_SQL\", \"name\": \"LÆ°ÆĄng cÆĄ báșŁn (HÄLÄ)\", \"sqlQuery\": \"SELECT basesalary FROM contracts WHERE userID = :userId AND Status = \'ACTIVE\' LIMIT 1\", \"trueValue\": 0, \"falseValue\": 0, \"description\": \"Láș„y tá»« báșŁng Contracts\"}'),
(2, 'NgĂ y cĂŽng chuáș©n thĂĄng', 'STD_DAYS', 'Láș„y tá»« MonthlyPayrollConfigs', 'SELECT StandardWorkDays FROM monthlypayrollconfigs WHERE Month = :month AND Year = :year', NULL, NULL, '{\"code\": \"STD_DAYS\", \"mode\": \"RAW_SQL\", \"name\": \"NgĂ y cĂŽng chuáș©n thĂĄng\", \"sqlQuery\": \"SELECT StandardWorkDays FROM monthlypayrollconfigs WHERE Month = :month AND Year = :year\", \"trueValue\": 0, \"falseValue\": 0, \"description\": \"Láș„y tá»« MonthlyPayrollConfigs\"}'),
(3, 'NgĂ y cĂŽng Äi lĂ m thá»±c táșż', 'REAL_WORK_DAYS', 'Tá»ng sá» ngĂ y cĂł máș·t + Nghá» phĂ©p cĂł lÆ°ÆĄng', 'SELECT COUNT(*) FROM attendances WHERE userID = :userId AND status = \'PRESENT\' AND date BETWEEN :startDate AND :endDate', NULL, NULL, '{\"code\": \"REAL_WORK_DAYS\", \"mode\": \"RAW_SQL\", \"name\": \"NgĂ y cĂŽng Äi lĂ m thá»±c táșż\", \"sqlQuery\": \"SELECT COUNT(*) FROM attendances WHERE userID = :userId AND status = \'PRESENT\' AND date BETWEEN :startDate AND :endDate\", \"trueValue\": 0, \"falseValue\": 0, \"description\": \"Tá»ng sá» ngĂ y cĂł máș·t + Nghá» phĂ©p cĂł lÆ°ÆĄng\"}'),
(4, 'Tá»ng tiá»n Phá»„ cáș„p', 'TOTAL_ALLOWANCE', 'Tá»ng báșŁng ContractAllowances', 'SELECT SUM(Amount) FROM contractallowances ca JOIN contracts c ON ca.ContractID = c.contractID WHERE c.userID = :userId AND c.Status = \'ACTIVE\'', NULL, NULL, '{\"code\": \"TOTAL_ALLOWANCE\", \"mode\": \"RAW_SQL\", \"name\": \"Tá»ng tiá»n Phá»„ cáș„p\", \"sqlQuery\": \"SELECT SUM(Amount) FROM contractallowances ca JOIN contracts c ON ca.ContractID = c.contractID WHERE c.userID = :userId AND c.Status = \'ACTIVE\'\", \"trueValue\": 0, \"falseValue\": 0, \"description\": \"Tá»ng báșŁng ContractAllowances\"}'),
(5, 'Tá»ng tiá»n ThÆ°á»ng', 'TOTAL_REWARD', 'Tá»ng RewardPunishmentDecisions loáșĄi REWARD', 'SELECT SUM(Amount) FROM rewardpunishmentdecisions WHERE UserID = :userId AND Type = \'REWARD\' AND Status IN (\'APPROVED\',\'PROCESSED\') AND DecisionDate BETWEEN :startDate AND :endDate', NULL, NULL, '{\"code\": \"TOTAL_REWARD\", \"mode\": \"RAW_SQL\", \"name\": \"Tá»ng tiá»n ThÆ°á»ng\", \"sqlQuery\": \"SELECT SUM(Amount) FROM rewardpunishmentdecisions WHERE UserID = :userId AND Type = \'REWARD\' AND Status IN (\'APPROVED\',\'PROCESSED\') AND DecisionDate BETWEEN :startDate AND :endDate\", \"trueValue\": 0, \"falseValue\": 0, \"description\": \"Tá»ng RewardPunishmentDecisions loáșĄi REWARD\"}'),
(6, 'Tá»ng tiá»n PháșĄt', 'TOTAL_PENALTY', 'Tá»ng RewardPunishmentDecisions loáșĄi PUNISHMENT', 'SELECT SUM(Amount) FROM rewardpunishmentdecisions WHERE UserID = :userId AND Type = \'PUNISHMENT\' AND Status IN (\'APPROVED\',\'PROCESSED\') AND DecisionDate BETWEEN :startDate AND :endDate', NULL, NULL, '{\"code\": \"TOTAL_PENALTY\", \"mode\": \"RAW_SQL\", \"name\": \"Tá»ng tiá»n PháșĄt\", \"sqlQuery\": \"SELECT SUM(Amount) FROM rewardpunishmentdecisions WHERE UserID = :userId AND Type = \'PUNISHMENT\' AND Status IN (\'APPROVED\',\'PROCESSED\') AND DecisionDate BETWEEN :startDate AND :endDate\", \"trueValue\": 0, \"falseValue\": 0, \"description\": \"Tá»ng RewardPunishmentDecisions loáșĄi PUNISHMENT\"}'),
(7, 'Giá» tÄng ca', 'TOTAL_OT_CONVERTED', 'Tá»ng sá» giá» lĂ m thĂȘm', 'SELECT COALESCE(SUM(o.hours * ot.Rate), 0) FROM overtime o JOIN overtimetypes ot ON o.overtimetypeid = ot.OvertimeTypeID WHERE o.userid = :userId AND o.status = \'APPROVED\' AND o.date BETWEEN :startDate AND :endDate', NULL, NULL, '{\"code\": \"TOTAL_OT_CONVERTED\", \"mode\": \"RAW_SQL\", \"name\": \"Giá» tÄng ca\", \"sqlQuery\": \"SELECT COALESCE(SUM(o.hours * ot.Rate), 0) FROM overtime o JOIN overtimetypes ot ON o.overtimetypeid = ot.OvertimeTypeID WHERE o.userid = :userId AND o.status = \'APPROVED\' AND o.date BETWEEN :startDate AND :endDate\", \"trueValue\": 0, \"falseValue\": 0, \"description\": \"Tá»ng sá» giá» lĂ m thĂȘm\"}'),
(8, 'LÆ°ÆĄng ÄĂłng báșŁo hiá»m', 'INSURANCE_SALARY', 'Láș„y tá»« báșŁng Contracts', 'SELECT InsuranceSalary FROM contracts WHERE userID = :userId AND Status = \'ACTIVE\' LIMIT 1', NULL, NULL, '{\"code\": \"INSURANCE_SALARY\", \"mode\": \"RAW_SQL\", \"name\": \"LÆ°ÆĄng ÄĂłng báșŁo hiá»m\", \"sqlQuery\": \"SELECT InsuranceSalary FROM contracts WHERE userID = :userId AND Status = \'ACTIVE\' LIMIT 1\", \"trueValue\": 0, \"falseValue\": 0, \"description\": \"Láș„y tá»« báșŁng Contracts\"}'),
(9, 'Tá»ng thu nháș­p chá»u thuáșż', 'TAXABLE_INCOME', 'Tá»ng thu nháș­p - CĂĄc khoáșŁn miá»n thuáșż', NULL, NULL, NULL, '{\"code\": \"TAXABLE_INCOME\", \"mode\": \"CALCULATED\", \"name\": \"Tá»ng thu nháș­p chá»u thuáșż\", \"description\": \"Biáșżn ÄÆ°á»Łc tĂ­nh toĂĄn tá»± Äá»ng bá»i há» thá»ng (Computed Variable)\"}'),
(10, 'Tá»ng thu nháș­p miá»n thuáșż', 'TAX_EXEMPT_INCOME', 'Tá»ng TaxFreeAmount + ChĂȘnh lá»ch OT', '\nSELECT\n    (SELECT COALESCE(SUM(TaxFreeAmount), 0)\n     FROM contractallowances ca\n     JOIN contracts c ON ca.ContractID = c.contractID\n     WHERE c.userID = :userId AND c.Status = \'ACTIVE\')\n    +\n    (SELECT COALESCE(SUM(Amount), 0)\n     FROM rewardpunishmentdecisions\n     WHERE UserID = :userId AND Type = \'REWARD\' AND Status IN (\'APPROVED\',\'PROCESSED\') AND IsTaxExempt = 1 AND DecisionDate BETWEEN :startDate AND :endDate)\n    +\n    (SELECT COALESCE(SUM(\n        CASE\n           \n            WHEN ot.TaxExemptFormula = \'EXCESS_ONLY\' THEN\n                o.hours * (SELECT (c.basesalary / 26 / 8) FROM contracts c WHERE c.userID = :userId AND c.Status = \'ACTIVE\' LIMIT 1) * (ot.Rate - 1)\n            WHEN ot.TaxExemptFormula = \'FULL_AMOUNT\' THEN\n                o.hours * (SELECT (c.basesalary / 26 / 8) FROM contracts c WHERE c.userID = :userId AND c.Status = \'ACTIVE\' LIMIT 1) * ot.Rate\n            WHEN ot.TaxExemptFormula = \'PERCENTAGE\' THEN\n                o.hours * (SELECT (c.basesalary / 26 / 8) FROM contracts c WHERE c.userID = :userId AND c.Status = \'ACTIVE\' LIMIT 1) * ot.Rate * (ot.TaxExemptPercentage / 100)\n            ELSE 0\n        END\n    ), 0)\n    FROM overtime o\n    JOIN overtimetypes ot ON o.overtimetypeid = ot.OvertimeTypeID\n    WHERE o.userid = :userId\n      AND o.status = \'APPROVED\'\n      AND o.date BETWEEN :startDate AND :endDate)\n', NULL, NULL, '{\"code\": \"TAX_EXEMPT_INCOME\", \"mode\": \"RAW_SQL\", \"name\": \"Tá»ng thu nháș­p miá»n thuáșż\", \"sqlQuery\": \"\\nSELECT \\n    (SELECT COALESCE(SUM(TaxFreeAmount), 0) FROM contractallowances ca JOIN contracts c ON ca.ContractID = c.contractID WHERE c.userID = :userId AND c.Status = \'ACTIVE\')\\n    +\\n    (SELECT COALESCE(SUM(Amount), 0) FROM rewardpunishmentdecisions WHERE UserID = :userId AND Type = \'REWARD\' AND Status = \'APPROVED\' AND IsTaxExempt = 1 AND DecisionDate BETWEEN :startDate AND :endDate)\\n\", \"trueValue\": 0, \"falseValue\": 0, \"description\": \"Tá»ng TaxFreeAmount + ChĂȘnh lá»ch OT\"}'),
(11, 'GiáșŁm trá»« gia cáșŁnh', 'FAMILY_DEDUCTION', '11tr + (NgÆ°á»i phá»„ thuá»c * 4.4tr)', '\nSELECT \n    (SELECT Value FROM taxsettings WHERE SettingKey = \'PERSONAL_DEDUCTION\' ORDER BY EffectiveDate DESC LIMIT 1) \n    + \n    (\n      (SELECT COALESCE(COUNT(*), 0) FROM dependents WHERE userID = :userId AND istaxdeductible = 1) \n      * (SELECT Value FROM taxsettings WHERE SettingKey = \'DEPENDENT_DEDUCTION\' ORDER BY EffectiveDate DESC LIMIT 1)\n    )\n', NULL, NULL, '{\"code\": \"FAMILY_DEDUCTION\", \"mode\": \"RAW_SQL\", \"name\": \"GiáșŁm trá»« gia cáșŁnh\", \"sqlQuery\": \"\\nSELECT \\n    (SELECT Value FROM taxsettings WHERE SettingKey = \'PERSONAL_DEDUCTION\' ORDER BY EffectiveDate DESC LIMIT 1) \\n    + \\n    (\\n      (SELECT COALESCE(COUNT(*), 0) FROM dependents WHERE userID = :userId AND istaxdeductible = 1) \\n      * (SELECT Value FROM taxsettings WHERE SettingKey = \'DEPENDENT_DEDUCTION\' ORDER BY EffectiveDate DESC LIMIT 1)\\n    )\\n\", \"trueValue\": 0, \"falseValue\": 0, \"description\": \"11tr + (NgÆ°á»i phá»„ thuá»c * 4.4tr)\"}'),
(12, 'Thu nháș­p tĂ­nh thuáșż', 'ASSESSABLE_INCOME', 'Thu nháș­p chá»u thuáșż - BáșŁo hiá»m - GiáșŁm trá»« gia cáșŁnh', NULL, NULL, NULL, '{\"code\": \"ASSESSABLE_INCOME\", \"mode\": \"CALCULATED\", \"name\": \"Thu nháș­p tĂ­nh thuáșż\", \"description\": \"Biáșżn ÄÆ°á»Łc tĂ­nh toĂĄn tá»± Äá»ng bá»i há» thá»ng (Computed Variable)\"}'),
(13, 'Sá» ngÆ°á»i phá»„ thuá»c', 'DEPENDENT_COUNT', 'Láș„y tá»« báșŁng dependents', 'SELECT COALESCE(COUNT(*), 0) FROM dependents WHERE userID = :userId AND istaxdeductible = 1', NULL, NULL, '{\"code\": \"DEPENDENT_COUNT\", \"mode\": \"RAW_SQL\", \"name\": \"Sá» ngÆ°á»i phá»„ thuá»c\", \"sqlQuery\": \"SELECT COALESCE(COUNT(*), 0) FROM dependents WHERE userID = :userId AND istaxdeductible = 1\", \"trueValue\": 0, \"falseValue\": 0, \"description\": \"Láș„y tá»« báșŁng dependents\"}'),
(14, 'LÆ°ÆĄng cÆĄ sá» nhĂ  nÆ°á»c', 'BASIC_SALARY_STATE', 'Láș„y tá»« báșŁng TaxSettings', 'SELECT Value FROM taxsettings WHERE SettingKey = \'BASIC_SALARY_STATE\' AND EffectiveDate <= :endDate ORDER BY EffectiveDate DESC LIMIT 1', NULL, NULL, '{\"code\": \"BASIC_SALARY_STATE\", \"mode\": \"RAW_SQL\", \"name\": \"LÆ°ÆĄng cÆĄ sá» nhĂ  nÆ°á»c\", \"sqlQuery\": \"SELECT Value FROM taxsettings WHERE SettingKey = \'BASIC_SALARY_STATE\' AND EffectiveDate <= :endDate ORDER BY EffectiveDate DESC LIMIT 1\", \"trueValue\": 0, \"falseValue\": 0, \"description\": \"Láș„y tá»« báșŁng TaxSettings\"}'),
(15, 'LÆ°ÆĄng tá»i thiá»u vĂčng', 'REGION_MIN_SALARY', 'Láș„y tá»« báșŁng TaxSettings', 'SELECT Value FROM taxsettings WHERE SettingKey = \'REGION_MIN_SALARY\' AND EffectiveDate <= :endDate ORDER BY EffectiveDate DESC LIMIT 1', NULL, NULL, '{\"code\": \"REGION_MIN_SALARY\", \"mode\": \"RAW_SQL\", \"name\": \"LÆ°ÆĄng tá»i thiá»u vĂčng\", \"sqlQuery\": \"SELECT Value FROM taxsettings WHERE SettingKey = \'REGION_MIN_SALARY\' AND EffectiveDate <= :endDate ORDER BY EffectiveDate DESC LIMIT 1\", \"trueValue\": 0, \"falseValue\": 0, \"description\": \"Láș„y tá»« báșŁng TaxSettings\"}'),
(16, 'Há» sá» tráș§n báșŁo hiá»m', 'INSURANCE_CAP_MULTIPLIER', 'Láș„y tá»« báșŁng TaxSettings (thÆ°á»ng lĂ  20 láș§n)', 'SELECT Value FROM taxsettings WHERE SettingKey = \'INSURANCE_CAP_MULTIPLIER\' AND EffectiveDate <= :endDate ORDER BY EffectiveDate DESC LIMIT 1', NULL, NULL, '{\"code\": \"INSURANCE_CAP_MULTIPLIER\", \"mode\": \"RAW_SQL\", \"name\": \"Há» sá» tráș§n báșŁo hiá»m\", \"sqlQuery\": \"SELECT Value FROM taxsettings WHERE SettingKey = \'INSURANCE_CAP_MULTIPLIER\' AND EffectiveDate <= :endDate ORDER BY EffectiveDate DESC LIMIT 1\", \"trueValue\": 0, \"falseValue\": 0, \"description\": \"Láș„y tá»« báșŁng TaxSettings (thÆ°á»ng lĂ  20 láș§n)\"}'),
(17, 'Giá»i háșĄn Än ca miá»n thuáșż', 'LUNCH_ALLOWANCE_LIMIT', 'Láș„y tá»« báșŁng TaxSettings', 'SELECT Value FROM taxsettings WHERE SettingKey = \'LUNCH_ALLOWANCE_LIMIT\' AND EffectiveDate <= :endDate ORDER BY EffectiveDate DESC LIMIT 1', NULL, NULL, '{\"code\": \"LUNCH_ALLOWANCE_LIMIT\", \"mode\": \"RAW_SQL\", \"name\": \"Giá»i háșĄn Än ca miá»n thuáșż\", \"sqlQuery\": \"SELECT Value FROM taxsettings WHERE SettingKey = \'LUNCH_ALLOWANCE_LIMIT\' AND EffectiveDate <= :endDate ORDER BY EffectiveDate DESC LIMIT 1\", \"trueValue\": 0, \"falseValue\": 0, \"description\": \"Láș„y tá»« báșŁng TaxSettings\"}'),
(25, 'Má»©c giáșŁm trá»« báșŁn thĂąn', 'PERSONAL_DEDUCTION', 'Láș„y tá»« báșŁng TaxSettings', 'SELECT Value FROM taxsettings WHERE SettingKey = \'PERSONAL_DEDUCTION\' AND EffectiveDate <= :endDate ORDER BY EffectiveDate DESC LIMIT 1', NULL, NULL, NULL),
(26, 'Má»©c giáșŁm trá»« ngÆ°á»i phá»„ thuá»c', 'DEPENDENT_DEDUCTION', 'Láș„y tá»« báșŁng TaxSettings', 'SELECT Value FROM taxsettings WHERE SettingKey = \'DEPENDENT_DEDUCTION\' AND EffectiveDate <= :endDate ORDER BY EffectiveDate DESC LIMIT 1', NULL, NULL, NULL),
(27, 'LÆ°ÆĄng 1 giá» lĂ m viá»c (Quy Äá»i)', 'HOURLY_MONEY', 'TĂ­nh toĂĄn: (LÆ°ÆĄng cÆĄ báșŁn + PC chá»u thuáșż) / NgĂ y cĂŽng chuáș©n / Giá» lĂ m viá»c (8 hoáș·c 6)', 'SELECT \n        (\n            c.basesalary + \n            COALESCE((SELECT SUM(Amount) FROM contractallowances ca WHERE ca.ContractID = c.contractID AND ca.IsTaxable = 1), 0)\n        ) \n        / \n        (\n            (SELECT StandardWorkDays FROM monthlypayrollconfigs WHERE Month = :month AND Year = :year LIMIT 1) \n            * (CASE WHEN c.WorkType = \'PARTTIME\' THEN 6.0 ELSE 8.0 END)\n        )\n    FROM contracts c \n    WHERE c.userID = :userId AND c.Status = \'ACTIVE\' \n    LIMIT 1', NULL, NULL, '{\"code\": \"HOURLY_MONEY\", \"mode\": \"RAW_SQL\", \"name\": \"LÆ°ÆĄng 1 giá» lĂ m viá»c (Quy Äá»i)\", \"sqlQuery\": \"SELECT (c.basesalary + COALESCE((SELECT SUM(Amount) FROM contractallowances ca WHERE ca.ContractID = c.contractID AND ca.IsTaxable = 1), 0)) / ((SELECT StandardWorkDays FROM monthlypayrollconfigs WHERE Month = :month AND Year = :year LIMIT 1) * (CASE WHEN c.WorkType = \'PARTTIME\' THEN 6.0 ELSE 8.0 END)) FROM contracts c WHERE c.userID = :userId AND c.Status = \'ACTIVE\' LIMIT 1\", \"description\": \"Tá»± Äá»ng tĂ­nh dá»±a trĂȘn WorkType vĂ  PC chá»u thuáșż\"}'),
(29, 'Tá»ng giá» lĂ m ÄĂȘm (22h-06h)', 'TOTAL_NIGHT_HOURS', 'Tá»ng sá» giá» lĂ m viá»c thá»±c táșż rÆĄi vĂ o khung 22h ÄĂȘm Äáșżn 06h sĂĄng', 'SELECT \n        COALESCE(SUM(\n            CASE \n                WHEN s.endtime < s.starttime THEN \n                    (GREATEST(0, 24 - GREATEST(HOUR(s.starttime), 22)) + LEAST(HOUR(s.endtime), 6))\n                WHEN s.starttime < \'06:00:00\' AND s.starttime >= \'00:00:00\' THEN\n                    GREATEST(0, LEAST(HOUR(s.endtime), 6) - HOUR(s.starttime))\n                WHEN s.endtime > \'22:00:00\' AND s.endtime > s.starttime THEN\n                    GREATEST(0, HOUR(s.endtime) - 22)\n                ELSE 0 \n            END\n        ), 0)\n    FROM attendances a\n    JOIN shifts s ON a.shiftID = s.shiftID\n    WHERE a.userID = :userId \n      AND a.status = \'PRESENT\'\n      AND a.date BETWEEN :startDate AND :endDate', NULL, NULL, '{\"code\": \"TOTAL_NIGHT_HOURS\", \"mode\": \"RAW_SQL\", \"name\": \"Tá»ng giá» lĂ m ÄĂȘm (22h-06h)\", \"sqlQuery\": \"SELECT COALESCE(SUM(CASE WHEN s.endtime < s.starttime THEN (GREATEST(0, 24 - GREATEST(HOUR(s.starttime), 22)) + LEAST(HOUR(s.endtime), 6)) WHEN s.starttime < \'06:00:00\' AND s.starttime >= \'00:00:00\' THEN GREATEST(0, LEAST(HOUR(s.endtime), 6) - HOUR(s.starttime)) WHEN s.endtime > \'22:00:00\' AND s.endtime > s.starttime THEN GREATEST(0, HOUR(s.endtime) - 22) ELSE 0 END), 0) FROM attendances a JOIN shifts s ON a.shiftID = s.shiftID WHERE a.userID = :userId AND a.status = \'PRESENT\' AND a.date BETWEEN :startDate AND :endDate\", \"description\": \"Tá»± Äá»ng tĂĄch giá» ÄĂȘm tá»« báșŁng cháș„m cĂŽng\"}'),
(33, 'Tá»· lá» BHXH (NV)', 'RATE_BHXH_EMP', 'Láș„y tá»« TaxSettings', 'SELECT Value FROM taxsettings WHERE SettingKey = \'BHXH_RATE_EMP\' AND EffectiveDate <= :endDate ORDER BY EffectiveDate DESC LIMIT 1', NULL, NULL, '{\"code\": \"RATE_BHXH_EMP\", \"mode\": \"RAW_SQL\", \"name\": \"Tá»· lá» BHXH (NV)\", \"description\": \"Láș„y tá»« báșŁng TaxSettings\"}'),
(34, 'Tá»· lá» BHYT (NV)', 'RATE_BHYT_EMP', 'Láș„y tá»« TaxSettings', 'SELECT Value FROM taxsettings WHERE SettingKey = \'BHYT_RATE_EMP\' AND EffectiveDate <= :endDate ORDER BY EffectiveDate DESC LIMIT 1', NULL, NULL, '{\"code\": \"RATE_BHYT_EMP\", \"mode\": \"RAW_SQL\", \"name\": \"Tá»· lá» BHYT (NV)\", \"description\": \"Láș„y tá»« báșŁng TaxSettings\"}'),
(35, 'Tá»· lá» BHTN (NV)', 'RATE_BHTN_EMP', 'Láș„y tá»« TaxSettings', 'SELECT Value FROM taxsettings WHERE SettingKey = \'BHTN_RATE_EMP\' AND EffectiveDate <= :endDate ORDER BY EffectiveDate DESC LIMIT 1', NULL, NULL, '{\"code\": \"RATE_BHTN_EMP\", \"mode\": \"RAW_SQL\", \"name\": \"Tá»· lá» BHTN (NV)\", \"description\": \"Láș„y tá»« báșŁng TaxSettings\"}'),
(36, 'Tá»· lá» BHXH (CT)', 'RATE_BHXH_COMP', 'Láș„y tá»« TaxSettings', 'SELECT Value FROM taxsettings WHERE SettingKey = \'BHXH_RATE_COMP\' AND EffectiveDate <= :endDate ORDER BY EffectiveDate DESC LIMIT 1', NULL, NULL, '{\"code\": \"RATE_BHXH_COMP\", \"mode\": \"RAW_SQL\", \"name\": \"Tá»· lá» BHXH (CT)\", \"description\": \"Láș„y tá»« báșŁng TaxSettings\"}'),
(37, 'Tá»· lá» BHYT (CT)', 'RATE_BHYT_COMP', 'Láș„y tá»« TaxSettings', 'SELECT Value FROM taxsettings WHERE SettingKey = \'BHYT_RATE_COMP\' AND EffectiveDate <= :endDate ORDER BY EffectiveDate DESC LIMIT 1', NULL, NULL, '{\"code\": \"RATE_BHYT_COMP\", \"mode\": \"RAW_SQL\", \"name\": \"Tá»· lá» BHYT (CT)\", \"description\": \"Láș„y tá»« báșŁng TaxSettings\"}'),
(38, 'Tá»· lá» BHTN (CT)', 'RATE_BHTN_COMP', 'Láș„y tá»« TaxSettings', 'SELECT Value FROM taxsettings WHERE SettingKey = \'BHTN_RATE_COMP\' AND EffectiveDate <= :endDate ORDER BY EffectiveDate DESC LIMIT 1', NULL, NULL, '{\"code\": \"RATE_BHTN_COMP\", \"mode\": \"RAW_SQL\", \"name\": \"Tá»· lá» BHTN (CT)\", \"description\": \"Láș„y tá»« báșŁng TaxSettings\"}'),
(39, 'Há» sá» phá»„ cáș„p ca ÄĂȘm', 'RATE_NIGHT_SHIFT', 'Láș„y tá»« báșŁng Overtimetypes (MĂŁ NIGHT_SHIFT)', 'SELECT Rate FROM overtimetypes WHERE OtCode = \'NIGHT_SHIFT\' LIMIT 1', NULL, NULL, '{\"code\": \"RATE_NIGHT_SHIFT\", \"mode\": \"RAW_SQL\", \"name\": \"Há» sá» phá»„ cáș„p ca ÄĂȘm\", \"description\": \"Láș„y tá»« báșŁng overtimetypes\"}');

-- --------------------------------------------------------

--
-- Cáș„u trĂșc báșŁng cho báșŁng `salary_rule`
--

DROP TABLE IF EXISTS `salary_rule`;
CREATE TABLE IF NOT EXISTS `salary_rule` (
  `rule_id` int NOT NULL AUTO_INCREMENT,
  `rule_code` varchar(100) COLLATE utf8mb4_unicode_ci DEFAULT NULL,
  `name` varchar(255) COLLATE utf8mb4_unicode_ci DEFAULT NULL,
  `description` text COLLATE utf8mb4_unicode_ci,
  `status` enum('DRAFT','APPROVED','RETIRED') COLLATE utf8mb4_unicode_ci DEFAULT 'DRAFT',
  `current_version_id` int DEFAULT NULL,
  `created_at` datetime DEFAULT CURRENT_TIMESTAMP,
  `priority` int DEFAULT '10',
  PRIMARY KEY (`rule_id`),
  UNIQUE KEY `rule_code` (`rule_code`)
) ENGINE=InnoDB AUTO_INCREMENT=28 DEFAULT CHARSET=utf8mb4 COLLATE=utf8mb4_unicode_ci;

--
-- Äang Äá» dá»Ż liá»u cho báșŁng `salary_rule`
--

INSERT INTO `salary_rule` (`rule_id`, `rule_code`, `name`, `description`, `status`, `current_version_id`, `created_at`, `priority`) VALUES
(1, 'WORK_SALARY', 'LÆ°ÆĄng theo ngĂ y cĂŽng (gá»m PC)', NULL, 'APPROVED', 1, '2025-12-01 01:47:36', 1),
(2, 'INSURANCE_AMT', 'Tiá»n báșŁo hiá»m (10.5%)', NULL, 'RETIRED', 2, '2025-12-01 01:47:36', 2),
(3, 'TOTAL_INCOME', 'Tá»ng thu nháș­p thá»±c táșż (Gross)', NULL, 'APPROVED', 3, '2025-12-01 01:47:36', 3),
(4, 'TAXABLE_INCOME', 'Thu nháș­p tĂ­nh thuáșż', NULL, 'APPROVED', 16, '2025-12-01 01:47:36', 5),
(5, 'PIT_TAX', 'Thuáșż TNCN', NULL, 'APPROVED', 5, '2025-12-01 01:47:36', 6),
(6, 'NET_SALARY', 'LÆ°ÆĄng thá»±c lÄ©nh (NET)', NULL, 'APPROVED', 17, '2025-12-01 01:47:36', 99),
(19, 'ATTENDANCE_BONUS', 'ThÆ°á»ng chuyĂȘn cáș§n', NULL, 'APPROVED', 7, NULL, 10),
(20, 'BHXH_EMP', 'BHXH NhĂąn viĂȘn (8%)', NULL, 'APPROVED', 21, '2025-12-02 21:00:44', 4),
(21, 'BHYT_EMP', 'BHYT NhĂąn viĂȘn (1.5%)', NULL, 'APPROVED', 22, '2025-12-02 21:00:44', 4),
(22, 'BHTN_EMP', 'BHTN NhĂąn viĂȘn (1%)', NULL, 'APPROVED', 23, '2025-12-02 21:00:44', 4),
(24, 'BHXH_COMP', 'BHXH CĂŽng ty chi tráșŁ (17.5%)', 'Pháș§n BHXH doanh nghiá»p ÄĂłng', 'APPROVED', 24, '2025-12-11 14:48:14', 90),
(25, 'BHYT_COMP', 'BHYT CĂŽng ty chi tráșŁ (3%)', 'Pháș§n BHYT doanh nghiá»p ÄĂłng', 'APPROVED', 25, '2025-12-11 14:48:14', 90),
(26, 'BHTN_COMP', 'BHTN CĂŽng ty chi tráșŁ (1%)', 'Pháș§n BHTN doanh nghiá»p ÄĂłng', 'APPROVED', 26, '2025-12-11 14:48:14', 90),
(27, 'NIGHT_MONEY', 'Tiá»n phá»„ cáș„p ca ÄĂȘm', NULL, 'APPROVED', 27, '2025-12-14 18:36:00', 2);

-- --------------------------------------------------------

--
-- Cáș„u trĂșc báșŁng cho báșŁng `salary_rule_version`
--

DROP TABLE IF EXISTS `salary_rule_version`;
CREATE TABLE IF NOT EXISTS `salary_rule_version` (
  `version_id` int NOT NULL AUTO_INCREMENT,
  `rule_id` int DEFAULT NULL,
  `version_number` int DEFAULT NULL,
  `dsl_json` json DEFAULT NULL,
  `created_at` datetime DEFAULT CURRENT_TIMESTAMP,
  PRIMARY KEY (`version_id`),
  KEY `FK_RuleVersion_Rule` (`rule_id`)
) ENGINE=InnoDB AUTO_INCREMENT=28 DEFAULT CHARSET=utf8mb4 COLLATE=utf8mb4_unicode_ci;

--
-- Äang Äá» dá»Ż liá»u cho báșŁng `salary_rule_version`
--

INSERT INTO `salary_rule_version` (`version_id`, `rule_id`, `version_number`, `dsl_json`, `created_at`) VALUES
(1, 1, 1, '{\"left\": {\"left\": {\"left\": {\"name\": \"BASE_SALARY\", \"type\": \"VARIABLE\"}, \"type\": \"ADD\", \"right\": {\"name\": \"TOTAL_ALLOWANCE\", \"type\": \"VARIABLE\"}}, \"type\": \"DIV\", \"right\": {\"name\": \"STD_DAYS\", \"type\": \"VARIABLE\"}}, \"type\": \"MUL\", \"right\": {\"name\": \"REAL_WORK_DAYS\", \"type\": \"VARIABLE\"}}', '2025-12-01 01:47:36'),
(2, 2, 1, '{\"left\": {\"name\": \"INSURANCE_SALARY\", \"type\": \"VARIABLE\"}, \"type\": \"MUL\", \"right\": {\"type\": \"CONSTANT\", \"value\": 0.105}}', '2025-12-01 01:47:36'),
(3, 3, 1, '{\"left\": {\"left\": {\"left\": {\"left\": {\"name\": \"WORK_SALARY\", \"type\": \"REFERENCE\"}, \"type\": \"ADD\", \"right\": {\"name\": \"TOTAL_REWARD\", \"type\": \"VARIABLE\"}}, \"type\": \"ADD\", \"right\": {\"left\": {\"name\": \"TOTAL_OT_CONVERTED\", \"type\": \"VARIABLE\"}, \"type\": \"MUL\", \"right\": {\"name\": \"HOURLY_MONEY\", \"type\": \"VARIABLE\"}}}, \"type\": \"ADD\", \"right\": {\"name\": \"NIGHT_MONEY\", \"type\": \"REFERENCE\"}}, \"type\": \"SUB\", \"right\": {\"name\": \"TOTAL_PENALTY\", \"type\": \"VARIABLE\"}}', '2025-12-01 01:47:36'),
(4, 4, 1, '{\"left\": {\"left\": {\"left\": {\"name\": \"TOTAL_INCOME\", \"type\": \"REFERENCE\"}, \"type\": \"SUB\", \"right\": {\"name\": \"TAX_EXEMPT_INCOME\", \"type\": \"VARIABLE\"}}, \"type\": \"SUB\", \"right\": {\"name\": \"INSURANCE_AMT\", \"type\": \"REFERENCE\"}}, \"type\": \"SUB\", \"right\": {\"left\": {\"name\": \"PERSONAL_DEDUCTION\", \"type\": \"VARIABLE\"}, \"type\": \"ADD\", \"right\": {\"left\": {\"name\": \"DEPENDENT_COUNT\", \"type\": \"VARIABLE\"}, \"type\": \"MUL\", \"right\": {\"name\": \"DEPENDENT_DEDUCTION\", \"type\": \"VARIABLE\"}}}}', '2025-12-01 01:47:36'),
(5, 5, 1, '{\"type\": \"IF_ELSE\", \"condition\": {\"left\": {\"name\": \"TAXABLE_INCOME\", \"type\": \"REFERENCE\"}, \"type\": \"GT\", \"right\": {\"type\": \"CONSTANT\", \"value\": 0}}, \"true_case\": {\"type\": \"IF_ELSE\", \"condition\": {\"left\": {\"name\": \"TAXABLE_INCOME\", \"type\": \"REFERENCE\"}, \"type\": \"GT\", \"right\": {\"type\": \"CONSTANT\", \"value\": 80000000}}, \"true_case\": {\"left\": {\"left\": {\"name\": \"TAXABLE_INCOME\", \"type\": \"REFERENCE\"}, \"type\": \"MUL\", \"right\": {\"type\": \"CONSTANT\", \"value\": 0.35}}, \"type\": \"SUB\", \"right\": {\"type\": \"CONSTANT\", \"value\": 9850000}}, \"false_case\": {\"type\": \"IF_ELSE\", \"condition\": {\"left\": {\"name\": \"TAXABLE_INCOME\", \"type\": \"REFERENCE\"}, \"type\": \"GT\", \"right\": {\"type\": \"CONSTANT\", \"value\": 52000000}}, \"true_case\": {\"left\": {\"left\": {\"name\": \"TAXABLE_INCOME\", \"type\": \"REFERENCE\"}, \"type\": \"MUL\", \"right\": {\"type\": \"CONSTANT\", \"value\": 0.3}}, \"type\": \"SUB\", \"right\": {\"type\": \"CONSTANT\", \"value\": 5850000}}, \"false_case\": {\"type\": \"IF_ELSE\", \"condition\": {\"left\": {\"name\": \"TAXABLE_INCOME\", \"type\": \"REFERENCE\"}, \"type\": \"GT\", \"right\": {\"type\": \"CONSTANT\", \"value\": 32000000}}, \"true_case\": {\"left\": {\"left\": {\"name\": \"TAXABLE_INCOME\", \"type\": \"REFERENCE\"}, \"type\": \"MUL\", \"right\": {\"type\": \"CONSTANT\", \"value\": 0.25}}, \"type\": \"SUB\", \"right\": {\"type\": \"CONSTANT\", \"value\": 3250000}}, \"false_case\": {\"type\": \"IF_ELSE\", \"condition\": {\"left\": {\"name\": \"TAXABLE_INCOME\", \"type\": \"REFERENCE\"}, \"type\": \"GT\", \"right\": {\"type\": \"CONSTANT\", \"value\": 18000000}}, \"true_case\": {\"left\": {\"left\": {\"name\": \"TAXABLE_INCOME\", \"type\": \"REFERENCE\"}, \"type\": \"MUL\", \"right\": {\"type\": \"CONSTANT\", \"value\": 0.2}}, \"type\": \"SUB\", \"right\": {\"type\": \"CONSTANT\", \"value\": 1650000}}, \"false_case\": {\"type\": \"IF_ELSE\", \"condition\": {\"left\": {\"name\": \"TAXABLE_INCOME\", \"type\": \"REFERENCE\"}, \"type\": \"GT\", \"right\": {\"type\": \"CONSTANT\", \"value\": 10000000}}, \"true_case\": {\"left\": {\"left\": {\"name\": \"TAXABLE_INCOME\", \"type\": \"REFERENCE\"}, \"type\": \"MUL\", \"right\": {\"type\": \"CONSTANT\", \"value\": 0.15}}, \"type\": \"SUB\", \"right\": {\"type\": \"CONSTANT\", \"value\": 750000}}, \"false_case\": {\"type\": \"IF_ELSE\", \"condition\": {\"left\": {\"name\": \"TAXABLE_INCOME\", \"type\": \"REFERENCE\"}, \"type\": \"GT\", \"right\": {\"type\": \"CONSTANT\", \"value\": 5000000}}, \"true_case\": {\"left\": {\"left\": {\"name\": \"TAXABLE_INCOME\", \"type\": \"REFERENCE\"}, \"type\": \"MUL\", \"right\": {\"type\": \"CONSTANT\", \"value\": 0.1}}, \"type\": \"SUB\", \"right\": {\"type\": \"CONSTANT\", \"value\": 250000}}, \"false_case\": {\"left\": {\"name\": \"TAXABLE_INCOME\", \"type\": \"REFERENCE\"}, \"type\": \"MUL\", \"right\": {\"type\": \"CONSTANT\", \"value\": 0.05}}}}}}}}, \"false_case\": {\"type\": \"CONSTANT\", \"value\": 0}}', '2025-12-01 01:47:36'),
(6, 6, 1, '{\"left\": {\"left\": {\"name\": \"TOTAL_INCOME\", \"type\": \"REFERENCE\"}, \"type\": \"SUB\", \"right\": {\"name\": \"INSURANCE_AMT\", \"type\": \"REFERENCE\"}}, \"type\": \"SUB\", \"right\": {\"name\": \"PIT_TAX\", \"type\": \"REFERENCE\"}}', '2025-12-01 01:47:36'),
(7, 19, 1, '{\"type\": \"IF_ELSE\", \"condition\": {\"left\": {\"name\": \"LATE_COUNT\", \"type\": \"VARIABLE\"}, \"type\": \"LTE\", \"right\": {\"type\": \"CONSTANT\", \"value\": 0}}, \"true_case\": {\"type\": \"CONSTANT\", \"value\": 50000}, \"false_case\": {\"type\": \"CONSTANT\", \"value\": 0}}', '2025-12-02 14:36:58'),
(8, 20, 1, '{\"left\": {\"name\": \"INSURANCE_SALARY\", \"type\": \"VARIABLE\"}, \"type\": \"MUL\", \"right\": {\"type\": \"CONSTANT\", \"value\": 0.08}}', '2025-12-02 21:00:44'),
(9, 21, 1, '{\"left\": {\"name\": \"INSURANCE_SALARY\", \"type\": \"VARIABLE\"}, \"type\": \"MUL\", \"right\": {\"type\": \"CONSTANT\", \"value\": 0.015}}', '2025-12-02 21:00:44'),
(10, 22, 1, '{\"left\": {\"name\": \"INSURANCE_SALARY\", \"type\": \"VARIABLE\"}, \"type\": \"MUL\", \"right\": {\"type\": \"CONSTANT\", \"value\": 0.01}}', '2025-12-02 21:00:44'),
(11, 4, 2, '{\"left\": {\"left\": {\"left\": {\"left\": {\"left\": {\"name\": \"TOTAL_INCOME\", \"type\": \"REFERENCE\"}, \"type\": \"SUB\", \"right\": {\"name\": \"TAX_EXEMPT_INCOME\", \"type\": \"VARIABLE\"}}, \"type\": \"SUB\", \"right\": {\"name\": \"BHXH_EMP\", \"type\": \"REFERENCE\"}}, \"type\": \"SUB\", \"right\": {\"name\": \"BHYT_EMP\", \"type\": \"REFERENCE\"}}, \"type\": \"SUB\", \"right\": {\"name\": \"BHTN_EMP\", \"type\": \"REFERENCE\"}}, \"type\": \"SUB\", \"right\": {\"left\": {\"name\": \"PERSONAL_DEDUCTION\", \"type\": \"VARIABLE\"}, \"type\": \"ADD\", \"right\": {\"left\": {\"name\": \"DEPENDENT_COUNT\", \"type\": \"VARIABLE\"}, \"type\": \"MUL\", \"right\": {\"name\": \"DEPENDENT_DEDUCTION\", \"type\": \"VARIABLE\"}}}}', '2025-12-02 21:00:44'),
(12, 6, 2, '{\"left\": {\"left\": {\"left\": {\"left\": {\"left\": {\"name\": \"TOTAL_INCOME\", \"type\": \"REFERENCE\"}, \"type\": \"SUB\", \"right\": {\"name\": \"BHXH_EMP\", \"type\": \"REFERENCE\"}}, \"type\": \"SUB\", \"right\": {\"name\": \"BHYT_EMP\", \"type\": \"REFERENCE\"}}, \"type\": \"SUB\", \"right\": {\"name\": \"BHTN_EMP\", \"type\": \"REFERENCE\"}}, \"type\": \"SUB\", \"right\": {\"name\": \"PIT_TAX\", \"type\": \"REFERENCE\"}}, \"type\": \"SUB\", \"right\": {\"name\": \"TOTAL_PENALTY\", \"type\": \"VARIABLE\"}}', '2025-12-02 21:00:44'),
(13, 20, 1, '{\"left\": {\"name\": \"INSURANCE_SALARY\", \"type\": \"VARIABLE\"}, \"type\": \"MUL\", \"right\": {\"type\": \"CONSTANT\", \"value\": 0.08}}', '2025-12-02 21:09:24'),
(14, 21, 1, '{\"left\": {\"name\": \"INSURANCE_SALARY\", \"type\": \"VARIABLE\"}, \"type\": \"MUL\", \"right\": {\"type\": \"CONSTANT\", \"value\": 0.015}}', '2025-12-02 21:09:24'),
(15, 22, 1, '{\"left\": {\"name\": \"INSURANCE_SALARY\", \"type\": \"VARIABLE\"}, \"type\": \"MUL\", \"right\": {\"type\": \"CONSTANT\", \"value\": 0.01}}', '2025-12-02 21:09:24'),
(16, 4, 3, '{\"left\": {\"left\": {\"left\": {\"left\": {\"left\": {\"name\": \"TOTAL_INCOME\", \"type\": \"REFERENCE\"}, \"type\": \"SUB\", \"right\": {\"name\": \"TAX_EXEMPT_INCOME\", \"type\": \"VARIABLE\"}}, \"type\": \"SUB\", \"right\": {\"name\": \"BHXH_EMP\", \"type\": \"REFERENCE\"}}, \"type\": \"SUB\", \"right\": {\"name\": \"BHYT_EMP\", \"type\": \"REFERENCE\"}}, \"type\": \"SUB\", \"right\": {\"name\": \"BHTN_EMP\", \"type\": \"REFERENCE\"}}, \"type\": \"SUB\", \"right\": {\"left\": {\"name\": \"PERSONAL_DEDUCTION\", \"type\": \"VARIABLE\"}, \"type\": \"ADD\", \"right\": {\"left\": {\"name\": \"DEPENDENT_COUNT\", \"type\": \"VARIABLE\"}, \"type\": \"MUL\", \"right\": {\"name\": \"DEPENDENT_DEDUCTION\", \"type\": \"VARIABLE\"}}}}', '2025-12-02 21:09:24'),
(17, 6, 3, '{\"left\": {\"left\": {\"left\": {\"left\": {\"left\": {\"name\": \"TOTAL_INCOME\", \"type\": \"REFERENCE\"}, \"type\": \"SUB\", \"right\": {\"name\": \"BHXH_EMP\", \"type\": \"REFERENCE\"}}, \"type\": \"SUB\", \"right\": {\"name\": \"BHYT_EMP\", \"type\": \"REFERENCE\"}}, \"type\": \"SUB\", \"right\": {\"name\": \"BHTN_EMP\", \"type\": \"REFERENCE\"}}, \"type\": \"SUB\", \"right\": {\"name\": \"PIT_TAX\", \"type\": \"REFERENCE\"}}, \"type\": \"SUB\", \"right\": {\"name\": \"TOTAL_PENALTY\", \"type\": \"VARIABLE\"}}', '2025-12-02 21:09:24'),
(18, 24, 1, '{\"left\": {\"name\": \"INSURANCE_SALARY\", \"type\": \"VARIABLE\"}, \"type\": \"MUL\", \"right\": {\"type\": \"CONSTANT\", \"value\": 0.175}}', '2025-12-11 14:48:43'),
(19, 25, 1, '{\"left\": {\"name\": \"INSURANCE_SALARY\", \"type\": \"VARIABLE\"}, \"type\": \"MUL\", \"right\": {\"type\": \"CONSTANT\", \"value\": 0.03}}', '2025-12-11 14:48:43'),
(20, 26, 1, '{\"left\": {\"name\": \"INSURANCE_SALARY\", \"type\": \"VARIABLE\"}, \"type\": \"MUL\", \"right\": {\"type\": \"CONSTANT\", \"value\": 0.01}}', '2025-12-11 14:48:43'),
(21, 20, 2, '{\"left\": {\"name\": \"INSURANCE_SALARY\", \"type\": \"VARIABLE\"}, \"type\": \"MUL\", \"right\": {\"name\": \"RATE_BHXH_EMP\", \"type\": \"VARIABLE\"}}', '2025-12-14 18:18:49'),
(22, 21, 2, '{\"left\": {\"name\": \"INSURANCE_SALARY\", \"type\": \"VARIABLE\"}, \"type\": \"MUL\", \"right\": {\"name\": \"RATE_BHYT_EMP\", \"type\": \"VARIABLE\"}}', '2025-12-14 18:18:49'),
(23, 22, 2, '{\"left\": {\"name\": \"INSURANCE_SALARY\", \"type\": \"VARIABLE\"}, \"type\": \"MUL\", \"right\": {\"name\": \"RATE_BHTN_EMP\", \"type\": \"VARIABLE\"}}', '2025-12-14 18:18:49'),
(24, 24, 2, '{\"left\": {\"name\": \"INSURANCE_SALARY\", \"type\": \"VARIABLE\"}, \"type\": \"MUL\", \"right\": {\"name\": \"RATE_BHXH_COMP\", \"type\": \"VARIABLE\"}}', '2025-12-14 18:18:49'),
(25, 25, 2, '{\"left\": {\"name\": \"INSURANCE_SALARY\", \"type\": \"VARIABLE\"}, \"type\": \"MUL\", \"right\": {\"name\": \"RATE_BHYT_COMP\", \"type\": \"VARIABLE\"}}', '2025-12-14 18:18:49'),
(26, 26, 2, '{\"left\": {\"name\": \"INSURANCE_SALARY\", \"type\": \"VARIABLE\"}, \"type\": \"MUL\", \"right\": {\"name\": \"RATE_BHTN_COMP\", \"type\": \"VARIABLE\"}}', '2025-12-14 18:18:49'),
(27, 27, 1, '{\"left\": {\"left\": {\"name\": \"TOTAL_NIGHT_HOURS\", \"type\": \"VARIABLE\"}, \"type\": \"MUL\", \"right\": {\"name\": \"HOURLY_MONEY\", \"type\": \"VARIABLE\"}}, \"type\": \"MUL\", \"right\": {\"name\": \"RATE_NIGHT_SHIFT\", \"type\": \"VARIABLE\"}}', '2025-12-14 18:36:00');

-- --------------------------------------------------------

--
-- Cáș„u trĂșc báșŁng cho báșŁng `salary_variable_cache`
--

DROP TABLE IF EXISTS `salary_variable_cache`;
CREATE TABLE IF NOT EXISTS `salary_variable_cache` (
  `cache_id` int NOT NULL AUTO_INCREMENT,
  `variable_id` int DEFAULT NULL COMMENT 'FK tá»i salaryvariables (Input)',
  `rule_id` int DEFAULT NULL COMMENT 'FK tá»i salary_rule (Output/Formula)',
  `employee_id` int DEFAULT NULL,
  `payperiod` varchar(7) COLLATE utf8mb4_unicode_ci DEFAULT NULL,
  `value` decimal(20,4) DEFAULT NULL,
  `evaluated_at` datetime DEFAULT NULL,
  PRIMARY KEY (`cache_id`),
  UNIQUE KEY `UQ_Cache_Var` (`variable_id`,`employee_id`,`payperiod`),
  UNIQUE KEY `UQ_Cache_Rule` (`rule_id`,`employee_id`,`payperiod`),
  KEY `FK_Cache_Employee` (`employee_id`)
) ENGINE=InnoDB AUTO_INCREMENT=898 DEFAULT CHARSET=utf8mb4 COLLATE=utf8mb4_unicode_ci;

--
-- Äang Äá» dá»Ż liá»u cho báșŁng `salary_variable_cache`
--

INSERT INTO `salary_variable_cache` (`cache_id`, `variable_id`, `rule_id`, `employee_id`, `payperiod`, `value`, `evaluated_at`) VALUES
(1, 39, NULL, 1, '2025-12', 0.3000, '2025-12-14 19:14:43'),
(2, 26, NULL, 1, '2025-12', 4400000.0000, '2025-12-14 19:14:43'),
(3, 35, NULL, 1, '2025-12', 0.0100, '2025-12-14 19:14:43'),
(4, 25, NULL, 1, '2025-12', 11000000.0000, '2025-12-14 19:14:43'),
(5, 36, NULL, 1, '2025-12', 0.1750, '2025-12-14 19:14:43'),
(6, 34, NULL, 1, '2025-12', 0.0150, '2025-12-14 19:14:43'),
(7, 14, NULL, 1, '2025-12', 2340000.0000, '2025-12-14 19:14:43'),
(8, 13, NULL, 1, '2025-12', 2.0000, '2025-12-14 19:14:43'),
(9, 17, NULL, 1, '2025-12', 1000000.0000, '2025-12-14 19:14:43'),
(10, 3, NULL, 1, '2025-12', 0.0000, '2025-12-14 19:14:43'),
(11, 29, NULL, 1, '2025-12', 0.0000, '2025-12-14 19:14:43'),
(12, 10, NULL, 1, '2025-12', 730000.0000, '2025-12-14 19:14:43'),
(13, 2, NULL, 1, '2025-12', 26.0000, '2025-12-14 19:14:43'),
(14, 7, NULL, 1, '2025-12', 0.0000, '2025-12-14 19:14:43'),
(15, 15, NULL, 1, '2025-12', 4960000.0000, '2025-12-14 19:14:43'),
(16, 4, NULL, 1, '2025-12', 3730000.0000, '2025-12-14 19:14:43'),
(17, 16, NULL, 1, '2025-12', 20.0000, '2025-12-14 19:14:43'),
(18, 5, NULL, 1, '2025-12', 0.0000, '2025-12-14 19:14:43'),
(19, 27, NULL, 1, '2025-12', 158653.8462, '2025-12-14 19:14:43'),
(20, 6, NULL, 1, '2025-12', 0.0000, '2025-12-14 19:14:43'),
(21, 8, NULL, 1, '2025-12', 30000000.0000, '2025-12-14 19:14:43'),
(22, 33, NULL, 1, '2025-12', 0.0800, '2025-12-14 19:14:43'),
(23, 38, NULL, 1, '2025-12', 0.0100, '2025-12-14 19:14:43'),
(24, 37, NULL, 1, '2025-12', 0.0300, '2025-12-14 19:14:43'),
(25, 1, NULL, 1, '2025-12', 30000000.0000, '2025-12-14 19:14:43'),
(26, 11, NULL, 1, '2025-12', 19800000.0000, '2025-12-14 19:14:43'),
(27, NULL, 1, 1, '2025-12', 0.0000, '2025-12-14 19:14:43'),
(28, NULL, 27, 1, '2025-12', 0.0000, '2025-12-14 19:14:43'),
(29, NULL, 3, 1, '2025-12', 0.0000, '2025-12-14 19:14:43'),
(30, NULL, 20, 1, '2025-12', 2400000.0000, '2025-12-14 19:14:43'),
(31, NULL, 21, 1, '2025-12', 450000.0000, '2025-12-14 19:14:43'),
(32, NULL, 22, 1, '2025-12', 300000.0000, '2025-12-14 19:14:43'),
(33, NULL, 4, 1, '2025-12', -23680000.0000, '2025-12-14 19:14:43'),
(34, NULL, 5, 1, '2025-12', 0.0000, '2025-12-14 19:14:43'),
(35, NULL, 19, 1, '2025-12', 0.0000, '2025-12-14 19:14:43'),
(36, NULL, 24, 1, '2025-12', 5250000.0000, '2025-12-14 19:14:43'),
(37, NULL, 25, 1, '2025-12', 900000.0000, '2025-12-14 19:14:43'),
(38, NULL, 26, 1, '2025-12', 300000.0000, '2025-12-14 19:14:43'),
(39, NULL, 6, 1, '2025-12', -3150000.0000, '2025-12-14 19:14:43'),
(40, 39, NULL, 2, '2025-12', 0.3000, '2025-12-14 19:14:43'),
(41, 26, NULL, 2, '2025-12', 4400000.0000, '2025-12-14 19:14:43'),
(42, 35, NULL, 2, '2025-12', 0.0100, '2025-12-14 19:14:43'),
(43, 25, NULL, 2, '2025-12', 11000000.0000, '2025-12-14 19:14:43'),
(44, 36, NULL, 2, '2025-12', 0.1750, '2025-12-14 19:14:43'),
(45, 34, NULL, 2, '2025-12', 0.0150, '2025-12-14 19:14:43'),
(46, 14, NULL, 2, '2025-12', 2340000.0000, '2025-12-14 19:14:43'),
(47, 13, NULL, 2, '2025-12', 1.0000, '2025-12-14 19:14:43'),
(48, 17, NULL, 2, '2025-12', 1000000.0000, '2025-12-14 19:14:43'),
(49, 3, NULL, 2, '2025-12', 0.0000, '2025-12-14 19:14:43'),
(50, 29, NULL, 2, '2025-12', 0.0000, '2025-12-14 19:14:43'),
(51, 10, NULL, 2, '2025-12', 730000.0000, '2025-12-14 19:14:43'),
(52, 2, NULL, 2, '2025-12', 26.0000, '2025-12-14 19:14:43'),
(53, 7, NULL, 2, '2025-12', 0.0000, '2025-12-14 19:14:43'),
(54, 15, NULL, 2, '2025-12', 4960000.0000, '2025-12-14 19:14:43'),
(55, 4, NULL, 2, '2025-12', 730000.0000, '2025-12-14 19:14:43'),
(56, 16, NULL, 2, '2025-12', 20.0000, '2025-12-14 19:14:43'),
(57, 5, NULL, 2, '2025-12', 0.0000, '2025-12-14 19:14:43'),
(58, 27, NULL, 2, '2025-12', 72115.3846, '2025-12-14 19:14:43'),
(59, 6, NULL, 2, '2025-12', 0.0000, '2025-12-14 19:14:43'),
(60, 8, NULL, 2, '2025-12', 15000000.0000, '2025-12-14 19:14:43'),
(61, 33, NULL, 2, '2025-12', 0.0800, '2025-12-14 19:14:43'),
(62, 38, NULL, 2, '2025-12', 0.0100, '2025-12-14 19:14:43'),
(63, 37, NULL, 2, '2025-12', 0.0300, '2025-12-14 19:14:43'),
(64, 1, NULL, 2, '2025-12', 15000000.0000, '2025-12-14 19:14:43'),
(65, 11, NULL, 2, '2025-12', 15400000.0000, '2025-12-14 19:14:43'),
(66, NULL, 1, 2, '2025-12', 0.0000, '2025-12-14 19:14:43'),
(67, NULL, 27, 2, '2025-12', 0.0000, '2025-12-14 19:14:43'),
(68, NULL, 3, 2, '2025-12', 0.0000, '2025-12-14 19:14:43'),
(69, NULL, 20, 2, '2025-12', 1200000.0000, '2025-12-14 19:14:43'),
(70, NULL, 21, 2, '2025-12', 225000.0000, '2025-12-14 19:14:43'),
(71, NULL, 22, 2, '2025-12', 150000.0000, '2025-12-14 19:14:43'),
(72, NULL, 4, 2, '2025-12', -17705000.0000, '2025-12-14 19:14:43'),
(73, NULL, 5, 2, '2025-12', 0.0000, '2025-12-14 19:14:43'),
(74, NULL, 19, 2, '2025-12', 0.0000, '2025-12-14 19:14:43'),
(75, NULL, 24, 2, '2025-12', 2625000.0000, '2025-12-14 19:14:43'),
(76, NULL, 25, 2, '2025-12', 450000.0000, '2025-12-14 19:14:43'),
(77, NULL, 26, 2, '2025-12', 150000.0000, '2025-12-14 19:14:43'),
(78, NULL, 6, 2, '2025-12', -1575000.0000, '2025-12-14 19:14:43'),
(79, 39, NULL, 3, '2025-12', 0.3000, '2025-12-14 19:14:44'),
(80, 26, NULL, 3, '2025-12', 4400000.0000, '2025-12-14 19:14:44'),
(81, 35, NULL, 3, '2025-12', 0.0100, '2025-12-14 19:14:44'),
(82, 25, NULL, 3, '2025-12', 11000000.0000, '2025-12-14 19:14:44'),
(83, 36, NULL, 3, '2025-12', 0.1750, '2025-12-14 19:14:44'),
(84, 34, NULL, 3, '2025-12', 0.0150, '2025-12-14 19:14:44'),
(85, 14, NULL, 3, '2025-12', 2340000.0000, '2025-12-14 19:14:44'),
(86, 13, NULL, 3, '2025-12', 1.0000, '2025-12-14 19:14:44'),
(87, 17, NULL, 3, '2025-12', 1000000.0000, '2025-12-14 19:14:44'),
(88, 3, NULL, 3, '2025-12', 0.0000, '2025-12-14 19:14:44'),
(89, 29, NULL, 3, '2025-12', 0.0000, '2025-12-14 19:14:44'),
(90, 10, NULL, 3, '2025-12', 730000.0000, '2025-12-14 19:14:44'),
(91, 2, NULL, 3, '2025-12', 26.0000, '2025-12-14 19:14:44'),
(92, 7, NULL, 3, '2025-12', 0.0000, '2025-12-14 19:14:44'),
(93, 15, NULL, 3, '2025-12', 4960000.0000, '2025-12-14 19:14:44'),
(94, 4, NULL, 3, '2025-12', 3730000.0000, '2025-12-14 19:14:44'),
(95, 16, NULL, 3, '2025-12', 20.0000, '2025-12-14 19:14:44'),
(96, 5, NULL, 3, '2025-12', 0.0000, '2025-12-14 19:14:44'),
(97, 27, NULL, 3, '2025-12', 134615.3846, '2025-12-14 19:14:44'),
(98, 6, NULL, 3, '2025-12', 0.0000, '2025-12-14 19:14:44'),
(99, 8, NULL, 3, '2025-12', 25000000.0000, '2025-12-14 19:14:44'),
(100, 33, NULL, 3, '2025-12', 0.0800, '2025-12-14 19:14:44'),
(101, 38, NULL, 3, '2025-12', 0.0100, '2025-12-14 19:14:44'),
(102, 37, NULL, 3, '2025-12', 0.0300, '2025-12-14 19:14:44'),
(103, 1, NULL, 3, '2025-12', 25000000.0000, '2025-12-14 19:14:44'),
(104, 11, NULL, 3, '2025-12', 15400000.0000, '2025-12-14 19:14:44'),
(105, NULL, 1, 3, '2025-12', 0.0000, '2025-12-14 19:14:44'),
(106, NULL, 27, 3, '2025-12', 0.0000, '2025-12-14 19:14:44'),
(107, NULL, 3, 3, '2025-12', 0.0000, '2025-12-14 19:14:44'),
(108, NULL, 20, 3, '2025-12', 2000000.0000, '2025-12-14 19:14:44'),
(109, NULL, 21, 3, '2025-12', 375000.0000, '2025-12-14 19:14:44'),
(110, NULL, 22, 3, '2025-12', 250000.0000, '2025-12-14 19:14:44'),
(111, NULL, 4, 3, '2025-12', -18755000.0000, '2025-12-14 19:14:44'),
(112, NULL, 5, 3, '2025-12', 0.0000, '2025-12-14 19:14:44'),
(113, NULL, 19, 3, '2025-12', 0.0000, '2025-12-14 19:14:44'),
(114, NULL, 24, 3, '2025-12', 4375000.0000, '2025-12-14 19:14:44'),
(115, NULL, 25, 3, '2025-12', 750000.0000, '2025-12-14 19:14:44'),
(116, NULL, 26, 3, '2025-12', 250000.0000, '2025-12-14 19:14:44'),
(117, NULL, 6, 3, '2025-12', -2625000.0000, '2025-12-14 19:14:44'),
(118, 39, NULL, 4, '2025-12', 0.3000, '2025-12-14 19:14:44'),
(119, 26, NULL, 4, '2025-12', 4400000.0000, '2025-12-14 19:14:44'),
(120, 35, NULL, 4, '2025-12', 0.0100, '2025-12-14 19:14:44'),
(121, 25, NULL, 4, '2025-12', 11000000.0000, '2025-12-14 19:14:44'),
(122, 36, NULL, 4, '2025-12', 0.1750, '2025-12-14 19:14:44'),
(123, 34, NULL, 4, '2025-12', 0.0150, '2025-12-14 19:14:44'),
(124, 14, NULL, 4, '2025-12', 2340000.0000, '2025-12-14 19:14:44'),
(125, 13, NULL, 4, '2025-12', 1.0000, '2025-12-14 19:14:44'),
(126, 17, NULL, 4, '2025-12', 1000000.0000, '2025-12-14 19:14:44'),
(127, 3, NULL, 4, '2025-12', 0.0000, '2025-12-14 19:14:44'),
(128, 29, NULL, 4, '2025-12', 0.0000, '2025-12-14 19:14:44'),
(129, 10, NULL, 4, '2025-12', 730000.0000, '2025-12-14 19:14:44'),
(130, 2, NULL, 4, '2025-12', 26.0000, '2025-12-14 19:14:44'),
(131, 7, NULL, 4, '2025-12', 0.0000, '2025-12-14 19:14:44'),
(132, 15, NULL, 4, '2025-12', 4960000.0000, '2025-12-14 19:14:44'),
(133, 4, NULL, 4, '2025-12', 1130000.0000, '2025-12-14 19:14:44'),
(134, 16, NULL, 4, '2025-12', 20.0000, '2025-12-14 19:14:44'),
(135, 5, NULL, 4, '2025-12', 0.0000, '2025-12-14 19:14:44'),
(136, 27, NULL, 4, '2025-12', 59615.3846, '2025-12-14 19:14:44'),
(137, 6, NULL, 4, '2025-12', 0.0000, '2025-12-14 19:14:44'),
(138, 8, NULL, 4, '2025-12', 12000000.0000, '2025-12-14 19:14:44'),
(139, 33, NULL, 4, '2025-12', 0.0800, '2025-12-14 19:14:44'),
(140, 38, NULL, 4, '2025-12', 0.0100, '2025-12-14 19:14:44'),
(141, 37, NULL, 4, '2025-12', 0.0300, '2025-12-14 19:14:44'),
(142, 1, NULL, 4, '2025-12', 12000000.0000, '2025-12-14 19:14:44'),
(143, 11, NULL, 4, '2025-12', 15400000.0000, '2025-12-14 19:14:44'),
(144, NULL, 1, 4, '2025-12', 0.0000, '2025-12-14 19:14:44'),
(145, NULL, 27, 4, '2025-12', 0.0000, '2025-12-14 19:14:44'),
(146, NULL, 3, 4, '2025-12', 0.0000, '2025-12-14 19:14:44'),
(147, NULL, 20, 4, '2025-12', 960000.0000, '2025-12-14 19:14:44'),
(148, NULL, 21, 4, '2025-12', 180000.0000, '2025-12-14 19:14:44'),
(149, NULL, 22, 4, '2025-12', 120000.0000, '2025-12-14 19:14:44'),
(150, NULL, 4, 4, '2025-12', -17390000.0000, '2025-12-14 19:14:44'),
(151, NULL, 5, 4, '2025-12', 0.0000, '2025-12-14 19:14:44'),
(152, NULL, 19, 4, '2025-12', 0.0000, '2025-12-14 19:14:44'),
(153, NULL, 24, 4, '2025-12', 2100000.0000, '2025-12-14 19:14:44'),
(154, NULL, 25, 4, '2025-12', 360000.0000, '2025-12-14 19:14:44'),
(155, NULL, 26, 4, '2025-12', 120000.0000, '2025-12-14 19:14:44'),
(156, NULL, 6, 4, '2025-12', -1260000.0000, '2025-12-14 19:14:44'),
(157, 39, NULL, 5, '2025-12', 0.3000, '2025-12-14 19:14:44'),
(158, 26, NULL, 5, '2025-12', 4400000.0000, '2025-12-14 19:14:44'),
(159, 35, NULL, 5, '2025-12', 0.0100, '2025-12-14 19:14:44'),
(160, 25, NULL, 5, '2025-12', 11000000.0000, '2025-12-14 19:14:44'),
(161, 36, NULL, 5, '2025-12', 0.1750, '2025-12-14 19:14:44'),
(162, 34, NULL, 5, '2025-12', 0.0150, '2025-12-14 19:14:44'),
(163, 14, NULL, 5, '2025-12', 2340000.0000, '2025-12-14 19:14:44'),
(164, 13, NULL, 5, '2025-12', 2.0000, '2025-12-14 19:14:44'),
(165, 17, NULL, 5, '2025-12', 1000000.0000, '2025-12-14 19:14:44'),
(166, 3, NULL, 5, '2025-12', 0.0000, '2025-12-14 19:14:44'),
(167, 29, NULL, 5, '2025-12', 0.0000, '2025-12-14 19:14:44'),
(168, 10, NULL, 5, '2025-12', 3730000.0000, '2025-12-14 19:14:44'),
(169, 2, NULL, 5, '2025-12', 26.0000, '2025-12-14 19:14:44'),
(170, 7, NULL, 5, '2025-12', 0.0000, '2025-12-14 19:14:44'),
(171, 15, NULL, 5, '2025-12', 4960000.0000, '2025-12-14 19:14:44'),
(172, 4, NULL, 5, '2025-12', 3730000.0000, '2025-12-14 19:14:44'),
(173, 16, NULL, 5, '2025-12', 20.0000, '2025-12-14 19:14:44'),
(174, 5, NULL, 5, '2025-12', 3000000.0000, '2025-12-14 19:14:44'),
(175, 27, NULL, 5, '2025-12', 120192.3077, '2025-12-14 19:14:44'),
(176, 6, NULL, 5, '2025-12', 0.0000, '2025-12-14 19:14:44'),
(177, 8, NULL, 5, '2025-12', 22000000.0000, '2025-12-14 19:14:44'),
(178, 33, NULL, 5, '2025-12', 0.0800, '2025-12-14 19:14:44'),
(179, 38, NULL, 5, '2025-12', 0.0100, '2025-12-14 19:14:44'),
(180, 37, NULL, 5, '2025-12', 0.0300, '2025-12-14 19:14:44'),
(181, 1, NULL, 5, '2025-12', 22000000.0000, '2025-12-14 19:14:44'),
(182, 11, NULL, 5, '2025-12', 19800000.0000, '2025-12-14 19:14:44'),
(183, NULL, 1, 5, '2025-12', 0.0000, '2025-12-14 19:14:44'),
(184, NULL, 27, 5, '2025-12', 0.0000, '2025-12-14 19:14:44'),
(185, NULL, 3, 5, '2025-12', 3000000.0000, '2025-12-14 19:14:44'),
(186, NULL, 20, 5, '2025-12', 1760000.0000, '2025-12-14 19:14:44'),
(187, NULL, 21, 5, '2025-12', 330000.0000, '2025-12-14 19:14:44'),
(188, NULL, 22, 5, '2025-12', 220000.0000, '2025-12-14 19:14:44'),
(189, NULL, 4, 5, '2025-12', -22840000.0000, '2025-12-14 19:14:44'),
(190, NULL, 5, 5, '2025-12', 0.0000, '2025-12-14 19:14:44'),
(191, NULL, 19, 5, '2025-12', 0.0000, '2025-12-14 19:14:44'),
(192, NULL, 24, 5, '2025-12', 3850000.0000, '2025-12-14 19:14:44'),
(193, NULL, 25, 5, '2025-12', 660000.0000, '2025-12-14 19:14:44'),
(194, NULL, 26, 5, '2025-12', 220000.0000, '2025-12-14 19:14:44'),
(195, NULL, 6, 5, '2025-12', 690000.0000, '2025-12-14 19:14:44'),
(196, 39, NULL, 6, '2025-12', 0.3000, '2025-12-14 19:14:44'),
(197, 26, NULL, 6, '2025-12', 4400000.0000, '2025-12-14 19:14:44'),
(198, 35, NULL, 6, '2025-12', 0.0100, '2025-12-14 19:14:44'),
(199, 25, NULL, 6, '2025-12', 11000000.0000, '2025-12-14 19:14:44'),
(200, 36, NULL, 6, '2025-12', 0.1750, '2025-12-14 19:14:44'),
(201, 34, NULL, 6, '2025-12', 0.0150, '2025-12-14 19:14:44'),
(202, 14, NULL, 6, '2025-12', 2340000.0000, '2025-12-14 19:14:44'),
(203, 13, NULL, 6, '2025-12', 1.0000, '2025-12-14 19:14:44'),
(204, 17, NULL, 6, '2025-12', 1000000.0000, '2025-12-14 19:14:44'),
(205, 3, NULL, 6, '2025-12', 0.0000, '2025-12-14 19:14:44'),
(206, 29, NULL, 6, '2025-12', 0.0000, '2025-12-14 19:14:44'),
(207, 10, NULL, 6, '2025-12', 1230000.0000, '2025-12-14 19:14:44'),
(208, 2, NULL, 6, '2025-12', 26.0000, '2025-12-14 19:14:44'),
(209, 7, NULL, 6, '2025-12', 0.0000, '2025-12-14 19:14:44'),
(210, 15, NULL, 6, '2025-12', 4960000.0000, '2025-12-14 19:14:44'),
(211, 4, NULL, 6, '2025-12', 1230000.0000, '2025-12-14 19:14:44'),
(212, 16, NULL, 6, '2025-12', 20.0000, '2025-12-14 19:14:44'),
(213, 5, NULL, 6, '2025-12', 0.0000, '2025-12-14 19:14:44'),
(214, 27, NULL, 6, '2025-12', 50480.7692, '2025-12-14 19:14:44'),
(215, 6, NULL, 6, '2025-12', 0.0000, '2025-12-14 19:14:44'),
(216, 8, NULL, 6, '2025-12', 10000000.0000, '2025-12-14 19:14:44'),
(217, 33, NULL, 6, '2025-12', 0.0800, '2025-12-14 19:14:44'),
(218, 38, NULL, 6, '2025-12', 0.0100, '2025-12-14 19:14:44'),
(219, 37, NULL, 6, '2025-12', 0.0300, '2025-12-14 19:14:44'),
(220, 1, NULL, 6, '2025-12', 10000000.0000, '2025-12-14 19:14:44'),
(221, 11, NULL, 6, '2025-12', 15400000.0000, '2025-12-14 19:14:44'),
(222, NULL, 1, 6, '2025-12', 0.0000, '2025-12-14 19:14:44'),
(223, NULL, 27, 6, '2025-12', 0.0000, '2025-12-14 19:14:44'),
(224, NULL, 3, 6, '2025-12', 0.0000, '2025-12-14 19:14:44'),
(225, NULL, 20, 6, '2025-12', 800000.0000, '2025-12-14 19:14:44'),
(226, NULL, 21, 6, '2025-12', 150000.0000, '2025-12-14 19:14:44'),
(227, NULL, 22, 6, '2025-12', 100000.0000, '2025-12-14 19:14:44'),
(228, NULL, 4, 6, '2025-12', -17680000.0000, '2025-12-14 19:14:44'),
(229, NULL, 5, 6, '2025-12', 0.0000, '2025-12-14 19:14:44'),
(230, NULL, 19, 6, '2025-12', 0.0000, '2025-12-14 19:14:44'),
(231, NULL, 24, 6, '2025-12', 1750000.0000, '2025-12-14 19:14:44'),
(232, NULL, 25, 6, '2025-12', 300000.0000, '2025-12-14 19:14:44'),
(233, NULL, 26, 6, '2025-12', 100000.0000, '2025-12-14 19:14:44'),
(234, NULL, 6, 6, '2025-12', -1050000.0000, '2025-12-14 19:14:44'),
(235, 39, NULL, 7, '2025-12', 0.3000, '2025-12-14 19:14:44'),
(236, 26, NULL, 7, '2025-12', 4400000.0000, '2025-12-14 19:14:44'),
(237, 35, NULL, 7, '2025-12', 0.0100, '2025-12-14 19:14:44'),
(238, 25, NULL, 7, '2025-12', 11000000.0000, '2025-12-14 19:14:44'),
(239, 36, NULL, 7, '2025-12', 0.1750, '2025-12-14 19:14:44'),
(240, 34, NULL, 7, '2025-12', 0.0150, '2025-12-14 19:14:44'),
(241, 14, NULL, 7, '2025-12', 2340000.0000, '2025-12-14 19:14:44'),
(242, 13, NULL, 7, '2025-12', 1.0000, '2025-12-14 19:14:44'),
(243, 17, NULL, 7, '2025-12', 1000000.0000, '2025-12-14 19:14:44'),
(244, 3, NULL, 7, '2025-12', 0.0000, '2025-12-14 19:14:44'),
(245, 29, NULL, 7, '2025-12', 0.0000, '2025-12-14 19:14:44'),
(246, 10, NULL, 7, '2025-12', 730000.0000, '2025-12-14 19:14:44'),
(247, 2, NULL, 7, '2025-12', 26.0000, '2025-12-14 19:14:44'),
(248, 7, NULL, 7, '2025-12', 0.0000, '2025-12-14 19:14:44'),
(249, 15, NULL, 7, '2025-12', 4960000.0000, '2025-12-14 19:14:44'),
(250, 4, NULL, 7, '2025-12', 3730000.0000, '2025-12-14 19:14:44'),
(251, 16, NULL, 7, '2025-12', 20.0000, '2025-12-14 19:14:44'),
(252, 5, NULL, 7, '2025-12', 0.0000, '2025-12-14 19:14:44'),
(253, 27, NULL, 7, '2025-12', 110576.9231, '2025-12-14 19:14:44'),
(254, 6, NULL, 7, '2025-12', 0.0000, '2025-12-14 19:14:44'),
(255, 8, NULL, 7, '2025-12', 20000000.0000, '2025-12-14 19:14:44'),
(256, 33, NULL, 7, '2025-12', 0.0800, '2025-12-14 19:14:44'),
(257, 38, NULL, 7, '2025-12', 0.0100, '2025-12-14 19:14:44'),
(258, 37, NULL, 7, '2025-12', 0.0300, '2025-12-14 19:14:44'),
(259, 1, NULL, 7, '2025-12', 20000000.0000, '2025-12-14 19:14:44'),
(260, 11, NULL, 7, '2025-12', 15400000.0000, '2025-12-14 19:14:44'),
(261, NULL, 1, 7, '2025-12', 0.0000, '2025-12-14 19:14:44'),
(262, NULL, 27, 7, '2025-12', 0.0000, '2025-12-14 19:14:44'),
(263, NULL, 3, 7, '2025-12', 0.0000, '2025-12-14 19:14:44'),
(264, NULL, 20, 7, '2025-12', 1600000.0000, '2025-12-14 19:14:44'),
(265, NULL, 21, 7, '2025-12', 300000.0000, '2025-12-14 19:14:44'),
(266, NULL, 22, 7, '2025-12', 200000.0000, '2025-12-14 19:14:44'),
(267, NULL, 4, 7, '2025-12', -18230000.0000, '2025-12-14 19:14:44'),
(268, NULL, 5, 7, '2025-12', 0.0000, '2025-12-14 19:14:44'),
(269, NULL, 19, 7, '2025-12', 0.0000, '2025-12-14 19:14:44'),
(270, NULL, 24, 7, '2025-12', 3500000.0000, '2025-12-14 19:14:44'),
(271, NULL, 25, 7, '2025-12', 600000.0000, '2025-12-14 19:14:44'),
(272, NULL, 26, 7, '2025-12', 200000.0000, '2025-12-14 19:14:44'),
(273, NULL, 6, 7, '2025-12', -2100000.0000, '2025-12-14 19:14:44'),
(274, 39, NULL, 8, '2025-12', 0.3000, '2025-12-14 19:14:44'),
(275, 26, NULL, 8, '2025-12', 4400000.0000, '2025-12-14 19:14:44'),
(276, 35, NULL, 8, '2025-12', 0.0100, '2025-12-14 19:14:44'),
(277, 25, NULL, 8, '2025-12', 11000000.0000, '2025-12-14 19:14:44'),
(278, 36, NULL, 8, '2025-12', 0.1750, '2025-12-14 19:14:44'),
(279, 34, NULL, 8, '2025-12', 0.0150, '2025-12-14 19:14:44'),
(280, 14, NULL, 8, '2025-12', 2340000.0000, '2025-12-14 19:14:44'),
(281, 13, NULL, 8, '2025-12', 1.0000, '2025-12-14 19:14:44'),
(282, 17, NULL, 8, '2025-12', 1000000.0000, '2025-12-14 19:14:44'),
(283, 3, NULL, 8, '2025-12', 0.0000, '2025-12-14 19:14:44'),
(284, 29, NULL, 8, '2025-12', 0.0000, '2025-12-14 19:14:44'),
(285, 10, NULL, 8, '2025-12', 1230000.0000, '2025-12-14 19:14:44'),
(286, 2, NULL, 8, '2025-12', 26.0000, '2025-12-14 19:14:44'),
(287, 7, NULL, 8, '2025-12', 0.0000, '2025-12-14 19:14:44'),
(288, 15, NULL, 8, '2025-12', 4960000.0000, '2025-12-14 19:14:44'),
(289, 4, NULL, 8, '2025-12', 1230000.0000, '2025-12-14 19:14:44'),
(290, 16, NULL, 8, '2025-12', 20.0000, '2025-12-14 19:14:44'),
(291, 5, NULL, 8, '2025-12', 0.0000, '2025-12-14 19:14:44'),
(292, 27, NULL, 8, '2025-12', 45673.0769, '2025-12-14 19:14:44'),
(293, 6, NULL, 8, '2025-12', 0.0000, '2025-12-14 19:14:44'),
(294, 8, NULL, 8, '2025-12', 9000000.0000, '2025-12-14 19:14:44'),
(295, 33, NULL, 8, '2025-12', 0.0800, '2025-12-14 19:14:44'),
(296, 38, NULL, 8, '2025-12', 0.0100, '2025-12-14 19:14:44'),
(297, 37, NULL, 8, '2025-12', 0.0300, '2025-12-14 19:14:44'),
(298, 1, NULL, 8, '2025-12', 9000000.0000, '2025-12-14 19:14:44'),
(299, 11, NULL, 8, '2025-12', 15400000.0000, '2025-12-14 19:14:44'),
(300, NULL, 1, 8, '2025-12', 0.0000, '2025-12-14 19:14:44'),
(301, NULL, 27, 8, '2025-12', 0.0000, '2025-12-14 19:14:44'),
(302, NULL, 3, 8, '2025-12', 0.0000, '2025-12-14 19:14:44'),
(303, NULL, 20, 8, '2025-12', 720000.0000, '2025-12-14 19:14:44'),
(304, NULL, 21, 8, '2025-12', 135000.0000, '2025-12-14 19:14:44'),
(305, NULL, 22, 8, '2025-12', 90000.0000, '2025-12-14 19:14:44'),
(306, NULL, 4, 8, '2025-12', -17575000.0000, '2025-12-14 19:14:44'),
(307, NULL, 5, 8, '2025-12', 0.0000, '2025-12-14 19:14:44'),
(308, NULL, 19, 8, '2025-12', 0.0000, '2025-12-14 19:14:44'),
(309, NULL, 24, 8, '2025-12', 1575000.0000, '2025-12-14 19:14:44'),
(310, NULL, 25, 8, '2025-12', 270000.0000, '2025-12-14 19:14:44'),
(311, NULL, 26, 8, '2025-12', 90000.0000, '2025-12-14 19:14:44'),
(312, NULL, 6, 8, '2025-12', -945000.0000, '2025-12-14 19:14:44'),
(313, 39, NULL, 9, '2025-12', 0.3000, '2025-12-14 19:14:44'),
(314, 26, NULL, 9, '2025-12', 4400000.0000, '2025-12-14 19:14:44'),
(315, 35, NULL, 9, '2025-12', 0.0100, '2025-12-14 19:14:44'),
(316, 25, NULL, 9, '2025-12', 11000000.0000, '2025-12-14 19:14:44'),
(317, 36, NULL, 9, '2025-12', 0.1750, '2025-12-14 19:14:44'),
(318, 34, NULL, 9, '2025-12', 0.0150, '2025-12-14 19:14:44'),
(319, 14, NULL, 9, '2025-12', 2340000.0000, '2025-12-14 19:14:44'),
(320, 13, NULL, 9, '2025-12', 2.0000, '2025-12-14 19:14:44'),
(321, 17, NULL, 9, '2025-12', 1000000.0000, '2025-12-14 19:14:44'),
(322, 3, NULL, 9, '2025-12', 0.0000, '2025-12-14 19:14:44'),
(323, 29, NULL, 9, '2025-12', 0.0000, '2025-12-14 19:14:44'),
(324, 10, NULL, 9, '2025-12', 1960000.0000, '2025-12-14 19:14:44'),
(325, 2, NULL, 9, '2025-12', 26.0000, '2025-12-14 19:14:44'),
(326, 7, NULL, 9, '2025-12', 0.0000, '2025-12-14 19:14:44'),
(327, 15, NULL, 9, '2025-12', 4960000.0000, '2025-12-14 19:14:44'),
(328, 4, NULL, 9, '2025-12', 6960000.0000, '2025-12-14 19:14:44'),
(329, 16, NULL, 9, '2025-12', 20.0000, '2025-12-14 19:14:44'),
(330, 5, NULL, 9, '2025-12', 0.0000, '2025-12-14 19:14:44'),
(331, 27, NULL, 9, '2025-12', 112980.7692, '2025-12-14 19:14:44'),
(332, 6, NULL, 9, '2025-12', 0.0000, '2025-12-14 19:14:44'),
(333, 8, NULL, 9, '2025-12', 18000000.0000, '2025-12-14 19:14:44'),
(334, 33, NULL, 9, '2025-12', 0.0800, '2025-12-14 19:14:44'),
(335, 38, NULL, 9, '2025-12', 0.0100, '2025-12-14 19:14:44'),
(336, 37, NULL, 9, '2025-12', 0.0300, '2025-12-14 19:14:44'),
(337, 1, NULL, 9, '2025-12', 18000000.0000, '2025-12-14 19:14:44'),
(338, 11, NULL, 9, '2025-12', 19800000.0000, '2025-12-14 19:14:44'),
(339, NULL, 1, 9, '2025-12', 0.0000, '2025-12-14 19:14:44'),
(340, NULL, 27, 9, '2025-12', 0.0000, '2025-12-14 19:14:44'),
(341, NULL, 3, 9, '2025-12', 0.0000, '2025-12-14 19:14:44'),
(342, NULL, 20, 9, '2025-12', 1440000.0000, '2025-12-14 19:14:44'),
(343, NULL, 21, 9, '2025-12', 270000.0000, '2025-12-14 19:14:44'),
(344, NULL, 22, 9, '2025-12', 180000.0000, '2025-12-14 19:14:44'),
(345, NULL, 4, 9, '2025-12', -23650000.0000, '2025-12-14 19:14:44'),
(346, NULL, 5, 9, '2025-12', 0.0000, '2025-12-14 19:14:44'),
(347, NULL, 19, 9, '2025-12', 0.0000, '2025-12-14 19:14:44'),
(348, NULL, 24, 9, '2025-12', 3150000.0000, '2025-12-14 19:14:44'),
(349, NULL, 25, 9, '2025-12', 540000.0000, '2025-12-14 19:14:44'),
(350, NULL, 26, 9, '2025-12', 180000.0000, '2025-12-14 19:14:44'),
(351, NULL, 6, 9, '2025-12', -1890000.0000, '2025-12-14 19:14:44'),
(352, 39, NULL, 10, '2025-12', 0.3000, '2025-12-14 19:14:44'),
(353, 26, NULL, 10, '2025-12', 4400000.0000, '2025-12-14 19:14:44'),
(354, 35, NULL, 10, '2025-12', 0.0100, '2025-12-14 19:14:44'),
(355, 25, NULL, 10, '2025-12', 11000000.0000, '2025-12-14 19:14:44'),
(356, 36, NULL, 10, '2025-12', 0.1750, '2025-12-14 19:14:44'),
(357, 34, NULL, 10, '2025-12', 0.0150, '2025-12-14 19:14:44'),
(358, 14, NULL, 10, '2025-12', 2340000.0000, '2025-12-14 19:14:44'),
(359, 13, NULL, 10, '2025-12', 1.0000, '2025-12-14 19:14:44'),
(360, 17, NULL, 10, '2025-12', 1000000.0000, '2025-12-14 19:14:44'),
(361, 3, NULL, 10, '2025-12', 0.0000, '2025-12-14 19:14:44'),
(362, 29, NULL, 10, '2025-12', 0.0000, '2025-12-14 19:14:44'),
(363, 10, NULL, 10, '2025-12', 1460000.0000, '2025-12-14 19:14:44'),
(364, 2, NULL, 10, '2025-12', 26.0000, '2025-12-14 19:14:44'),
(365, 7, NULL, 10, '2025-12', 0.0000, '2025-12-14 19:14:44'),
(366, 15, NULL, 10, '2025-12', 4960000.0000, '2025-12-14 19:14:44'),
(367, 4, NULL, 10, '2025-12', 1460000.0000, '2025-12-14 19:14:44'),
(368, 16, NULL, 10, '2025-12', 20.0000, '2025-12-14 19:14:44'),
(369, 5, NULL, 10, '2025-12', 1000000.0000, '2025-12-14 19:14:44'),
(370, 27, NULL, 10, '2025-12', 43269.2308, '2025-12-14 19:14:44'),
(371, 6, NULL, 10, '2025-12', 0.0000, '2025-12-14 19:14:44'),
(372, 8, NULL, 10, '2025-12', 9000000.0000, '2025-12-14 19:14:44'),
(373, 33, NULL, 10, '2025-12', 0.0800, '2025-12-14 19:14:44'),
(374, 38, NULL, 10, '2025-12', 0.0100, '2025-12-14 19:14:44'),
(375, 37, NULL, 10, '2025-12', 0.0300, '2025-12-14 19:14:44'),
(376, 1, NULL, 10, '2025-12', 9000000.0000, '2025-12-14 19:14:44'),
(377, 11, NULL, 10, '2025-12', 15400000.0000, '2025-12-14 19:14:44'),
(378, NULL, 1, 10, '2025-12', 0.0000, '2025-12-14 19:14:44'),
(379, NULL, 27, 10, '2025-12', 0.0000, '2025-12-14 19:14:44'),
(380, NULL, 3, 10, '2025-12', 1000000.0000, '2025-12-14 19:14:44'),
(381, NULL, 20, 10, '2025-12', 720000.0000, '2025-12-14 19:14:44'),
(382, NULL, 21, 10, '2025-12', 135000.0000, '2025-12-14 19:14:44'),
(383, NULL, 22, 10, '2025-12', 90000.0000, '2025-12-14 19:14:44'),
(384, NULL, 4, 10, '2025-12', -16805000.0000, '2025-12-14 19:14:44'),
(385, NULL, 5, 10, '2025-12', 0.0000, '2025-12-14 19:14:44'),
(386, NULL, 19, 10, '2025-12', 0.0000, '2025-12-14 19:14:44'),
(387, NULL, 24, 10, '2025-12', 1575000.0000, '2025-12-14 19:14:44'),
(388, NULL, 25, 10, '2025-12', 270000.0000, '2025-12-14 19:14:44'),
(389, NULL, 26, 10, '2025-12', 90000.0000, '2025-12-14 19:14:44'),
(390, NULL, 6, 10, '2025-12', 55000.0000, '2025-12-14 19:14:44'),
(391, 39, NULL, 11, '2025-12', 0.3000, '2025-12-14 19:14:44'),
(392, 26, NULL, 11, '2025-12', 4400000.0000, '2025-12-14 19:14:44'),
(393, 35, NULL, 11, '2025-12', 0.0100, '2025-12-14 19:14:44'),
(394, 25, NULL, 11, '2025-12', 11000000.0000, '2025-12-14 19:14:44'),
(395, 36, NULL, 11, '2025-12', 0.1750, '2025-12-14 19:14:44'),
(396, 34, NULL, 11, '2025-12', 0.0150, '2025-12-14 19:14:44'),
(397, 14, NULL, 11, '2025-12', 2340000.0000, '2025-12-14 19:14:44'),
(398, 13, NULL, 11, '2025-12', 1.0000, '2025-12-14 19:14:44'),
(399, 17, NULL, 11, '2025-12', 1000000.0000, '2025-12-14 19:14:44'),
(400, 3, NULL, 11, '2025-12', 0.0000, '2025-12-14 19:14:44'),
(401, 29, NULL, 11, '2025-12', 0.0000, '2025-12-14 19:14:44'),
(402, 10, NULL, 11, '2025-12', 730000.0000, '2025-12-14 19:14:44'),
(403, 2, NULL, 11, '2025-12', 26.0000, '2025-12-14 19:14:44'),
(404, 7, NULL, 11, '2025-12', 0.0000, '2025-12-14 19:14:44'),
(405, 15, NULL, 11, '2025-12', 4960000.0000, '2025-12-14 19:14:44'),
(406, 4, NULL, 11, '2025-12', 4130000.0000, '2025-12-14 19:14:44'),
(407, 16, NULL, 11, '2025-12', 20.0000, '2025-12-14 19:14:44'),
(408, 5, NULL, 11, '2025-12', 0.0000, '2025-12-14 19:14:44'),
(409, 27, NULL, 11, '2025-12', 98076.9231, '2025-12-14 19:14:44'),
(410, 6, NULL, 11, '2025-12', 0.0000, '2025-12-14 19:14:44'),
(411, 8, NULL, 11, '2025-12', 17000000.0000, '2025-12-14 19:14:44'),
(412, 33, NULL, 11, '2025-12', 0.0800, '2025-12-14 19:14:44'),
(413, 38, NULL, 11, '2025-12', 0.0100, '2025-12-14 19:14:44'),
(414, 37, NULL, 11, '2025-12', 0.0300, '2025-12-14 19:14:44'),
(415, 1, NULL, 11, '2025-12', 17000000.0000, '2025-12-14 19:14:44'),
(416, 11, NULL, 11, '2025-12', 15400000.0000, '2025-12-14 19:14:44'),
(417, NULL, 1, 11, '2025-12', 0.0000, '2025-12-14 19:14:44'),
(418, NULL, 27, 11, '2025-12', 0.0000, '2025-12-14 19:14:44'),
(419, NULL, 3, 11, '2025-12', 0.0000, '2025-12-14 19:14:44'),
(420, NULL, 20, 11, '2025-12', 1360000.0000, '2025-12-14 19:14:44'),
(421, NULL, 21, 11, '2025-12', 255000.0000, '2025-12-14 19:14:44'),
(422, NULL, 22, 11, '2025-12', 170000.0000, '2025-12-14 19:14:44'),
(423, NULL, 4, 11, '2025-12', -17915000.0000, '2025-12-14 19:14:44'),
(424, NULL, 5, 11, '2025-12', 0.0000, '2025-12-14 19:14:44'),
(425, NULL, 19, 11, '2025-12', 0.0000, '2025-12-14 19:14:44'),
(426, NULL, 24, 11, '2025-12', 2975000.0000, '2025-12-14 19:14:44'),
(427, NULL, 25, 11, '2025-12', 510000.0000, '2025-12-14 19:14:44'),
(428, NULL, 26, 11, '2025-12', 170000.0000, '2025-12-14 19:14:44'),
(429, NULL, 6, 11, '2025-12', -1785000.0000, '2025-12-14 19:14:44'),
(430, 39, NULL, 12, '2025-12', 0.3000, '2025-12-14 19:14:45'),
(431, 26, NULL, 12, '2025-12', 4400000.0000, '2025-12-14 19:14:45'),
(432, 35, NULL, 12, '2025-12', 0.0100, '2025-12-14 19:14:45'),
(433, 25, NULL, 12, '2025-12', 11000000.0000, '2025-12-14 19:14:45'),
(434, 36, NULL, 12, '2025-12', 0.1750, '2025-12-14 19:14:45'),
(435, 34, NULL, 12, '2025-12', 0.0150, '2025-12-14 19:14:45'),
(436, 14, NULL, 12, '2025-12', 2340000.0000, '2025-12-14 19:14:45'),
(437, 13, NULL, 12, '2025-12', 1.0000, '2025-12-14 19:14:45'),
(438, 17, NULL, 12, '2025-12', 1000000.0000, '2025-12-14 19:14:45'),
(439, 3, NULL, 12, '2025-12', 0.0000, '2025-12-14 19:14:45'),
(440, 29, NULL, 12, '2025-12', 0.0000, '2025-12-14 19:14:45'),
(441, 10, NULL, 12, '2025-12', 1230000.0000, '2025-12-14 19:14:45'),
(442, 2, NULL, 12, '2025-12', 26.0000, '2025-12-14 19:14:45'),
(443, 7, NULL, 12, '2025-12', 0.0000, '2025-12-14 19:14:45'),
(444, 15, NULL, 12, '2025-12', 4960000.0000, '2025-12-14 19:14:45'),
(445, 4, NULL, 12, '2025-12', 1130000.0000, '2025-12-14 19:14:45'),
(446, 16, NULL, 12, '2025-12', 20.0000, '2025-12-14 19:14:45'),
(447, 5, NULL, 12, '2025-12', 500000.0000, '2025-12-14 19:14:45'),
(448, 27, NULL, 12, '2025-12', 40384.6154, '2025-12-14 19:14:45'),
(449, 6, NULL, 12, '2025-12', 0.0000, '2025-12-14 19:14:45'),
(450, 8, NULL, 12, '2025-12', 8000000.0000, '2025-12-14 19:14:45'),
(451, 33, NULL, 12, '2025-12', 0.0800, '2025-12-14 19:14:45'),
(452, 38, NULL, 12, '2025-12', 0.0100, '2025-12-14 19:14:45'),
(453, 37, NULL, 12, '2025-12', 0.0300, '2025-12-14 19:14:45'),
(454, 1, NULL, 12, '2025-12', 8000000.0000, '2025-12-14 19:14:45'),
(455, 11, NULL, 12, '2025-12', 15400000.0000, '2025-12-14 19:14:45'),
(456, NULL, 1, 12, '2025-12', 0.0000, '2025-12-14 19:14:45'),
(457, NULL, 27, 12, '2025-12', 0.0000, '2025-12-14 19:14:45'),
(458, NULL, 3, 12, '2025-12', 500000.0000, '2025-12-14 19:14:45'),
(459, NULL, 20, 12, '2025-12', 640000.0000, '2025-12-14 19:14:45'),
(460, NULL, 21, 12, '2025-12', 120000.0000, '2025-12-14 19:14:45'),
(461, NULL, 22, 12, '2025-12', 80000.0000, '2025-12-14 19:14:45'),
(462, NULL, 4, 12, '2025-12', -16970000.0000, '2025-12-14 19:14:45'),
(463, NULL, 5, 12, '2025-12', 0.0000, '2025-12-14 19:14:45'),
(464, NULL, 19, 12, '2025-12', 0.0000, '2025-12-14 19:14:45'),
(465, NULL, 24, 12, '2025-12', 1400000.0000, '2025-12-14 19:14:45'),
(466, NULL, 25, 12, '2025-12', 240000.0000, '2025-12-14 19:14:45'),
(467, NULL, 26, 12, '2025-12', 80000.0000, '2025-12-14 19:14:45'),
(468, NULL, 6, 12, '2025-12', -340000.0000, '2025-12-14 19:14:45'),
(469, 39, NULL, 13, '2025-12', 0.3000, '2025-12-14 19:14:45'),
(470, 26, NULL, 13, '2025-12', 4400000.0000, '2025-12-14 19:14:45'),
(471, 35, NULL, 13, '2025-12', 0.0100, '2025-12-14 19:14:45'),
(472, 25, NULL, 13, '2025-12', 11000000.0000, '2025-12-14 19:14:45'),
(473, 36, NULL, 13, '2025-12', 0.1750, '2025-12-14 19:14:45'),
(474, 34, NULL, 13, '2025-12', 0.0150, '2025-12-14 19:14:45'),
(475, 14, NULL, 13, '2025-12', 2340000.0000, '2025-12-14 19:14:45'),
(476, 13, NULL, 13, '2025-12', 1.0000, '2025-12-14 19:14:45'),
(477, 17, NULL, 13, '2025-12', 1000000.0000, '2025-12-14 19:14:45'),
(478, 3, NULL, 13, '2025-12', 0.0000, '2025-12-14 19:14:45'),
(479, 29, NULL, 13, '2025-12', 0.0000, '2025-12-14 19:14:45'),
(480, 10, NULL, 13, '2025-12', 730000.0000, '2025-12-14 19:14:45'),
(481, 2, NULL, 13, '2025-12', 26.0000, '2025-12-14 19:14:45'),
(482, 7, NULL, 13, '2025-12', 0.0000, '2025-12-14 19:14:45'),
(483, 15, NULL, 13, '2025-12', 4960000.0000, '2025-12-14 19:14:45'),
(484, 4, NULL, 13, '2025-12', 1130000.0000, '2025-12-14 19:14:45'),
(485, 16, NULL, 13, '2025-12', 20.0000, '2025-12-14 19:14:45'),
(486, 5, NULL, 13, '2025-12', 0.0000, '2025-12-14 19:14:45'),
(487, 27, NULL, 13, '2025-12', 69230.7692, '2025-12-14 19:14:45'),
(488, 6, NULL, 13, '2025-12', 0.0000, '2025-12-14 19:14:45'),
(489, 8, NULL, 13, '2025-12', 14000000.0000, '2025-12-14 19:14:45'),
(490, 33, NULL, 13, '2025-12', 0.0800, '2025-12-14 19:14:45'),
(491, 38, NULL, 13, '2025-12', 0.0100, '2025-12-14 19:14:45'),
(492, 37, NULL, 13, '2025-12', 0.0300, '2025-12-14 19:14:45'),
(493, 1, NULL, 13, '2025-12', 14000000.0000, '2025-12-14 19:14:45'),
(494, 11, NULL, 13, '2025-12', 15400000.0000, '2025-12-14 19:14:45'),
(495, NULL, 1, 13, '2025-12', 0.0000, '2025-12-14 19:14:45'),
(496, NULL, 27, 13, '2025-12', 0.0000, '2025-12-14 19:14:45'),
(497, NULL, 3, 13, '2025-12', 0.0000, '2025-12-14 19:14:45'),
(498, NULL, 20, 13, '2025-12', 1120000.0000, '2025-12-14 19:14:45'),
(499, NULL, 21, 13, '2025-12', 210000.0000, '2025-12-14 19:14:45'),
(500, NULL, 22, 13, '2025-12', 140000.0000, '2025-12-14 19:14:45'),
(501, NULL, 4, 13, '2025-12', -17600000.0000, '2025-12-14 19:14:45'),
(502, NULL, 5, 13, '2025-12', 0.0000, '2025-12-14 19:14:45'),
(503, NULL, 19, 13, '2025-12', 0.0000, '2025-12-14 19:14:45'),
(504, NULL, 24, 13, '2025-12', 2450000.0000, '2025-12-14 19:14:45'),
(505, NULL, 25, 13, '2025-12', 420000.0000, '2025-12-14 19:14:45'),
(506, NULL, 26, 13, '2025-12', 140000.0000, '2025-12-14 19:14:45'),
(507, NULL, 6, 13, '2025-12', -1470000.0000, '2025-12-14 19:14:45'),
(508, 39, NULL, 14, '2025-12', 0.3000, '2025-12-14 19:14:45'),
(509, 26, NULL, 14, '2025-12', 4400000.0000, '2025-12-14 19:14:45'),
(510, 35, NULL, 14, '2025-12', 0.0100, '2025-12-14 19:14:45'),
(511, 25, NULL, 14, '2025-12', 11000000.0000, '2025-12-14 19:14:45'),
(512, 36, NULL, 14, '2025-12', 0.1750, '2025-12-14 19:14:45'),
(513, 34, NULL, 14, '2025-12', 0.0150, '2025-12-14 19:14:45'),
(514, 14, NULL, 14, '2025-12', 2340000.0000, '2025-12-14 19:14:45'),
(515, 13, NULL, 14, '2025-12', 1.0000, '2025-12-14 19:14:45'),
(516, 17, NULL, 14, '2025-12', 1000000.0000, '2025-12-14 19:14:45'),
(517, 3, NULL, 14, '2025-12', 0.0000, '2025-12-14 19:14:45'),
(518, 29, NULL, 14, '2025-12', 0.0000, '2025-12-14 19:14:45'),
(519, 10, NULL, 14, '2025-12', 730000.0000, '2025-12-14 19:14:45'),
(520, 2, NULL, 14, '2025-12', 26.0000, '2025-12-14 19:14:45'),
(521, 7, NULL, 14, '2025-12', 0.0000, '2025-12-14 19:14:45'),
(522, 15, NULL, 14, '2025-12', 4960000.0000, '2025-12-14 19:14:45'),
(523, 4, NULL, 14, '2025-12', 1130000.0000, '2025-12-14 19:14:45'),
(524, 16, NULL, 14, '2025-12', 20.0000, '2025-12-14 19:14:45'),
(525, 5, NULL, 14, '2025-12', 0.0000, '2025-12-14 19:14:45'),
(526, 27, NULL, 14, '2025-12', 25961.5385, '2025-12-14 19:14:45'),
(527, 6, NULL, 14, '2025-12', 0.0000, '2025-12-14 19:14:45'),
(528, 8, NULL, 14, '2025-12', 0.0000, '2025-12-14 19:14:45'),
(529, 33, NULL, 14, '2025-12', 0.0800, '2025-12-14 19:14:45'),
(530, 38, NULL, 14, '2025-12', 0.0100, '2025-12-14 19:14:45'),
(531, 37, NULL, 14, '2025-12', 0.0300, '2025-12-14 19:14:45'),
(532, 1, NULL, 14, '2025-12', 5000000.0000, '2025-12-14 19:14:45'),
(533, 11, NULL, 14, '2025-12', 15400000.0000, '2025-12-14 19:14:45'),
(534, NULL, 1, 14, '2025-12', 0.0000, '2025-12-14 19:14:45'),
(535, NULL, 27, 14, '2025-12', 0.0000, '2025-12-14 19:14:45'),
(536, NULL, 3, 14, '2025-12', 0.0000, '2025-12-14 19:14:45'),
(537, NULL, 20, 14, '2025-12', 0.0000, '2025-12-14 19:14:45'),
(538, NULL, 21, 14, '2025-12', 0.0000, '2025-12-14 19:14:45'),
(539, NULL, 22, 14, '2025-12', 0.0000, '2025-12-14 19:14:45'),
(540, NULL, 4, 14, '2025-12', -16130000.0000, '2025-12-14 19:14:45'),
(541, NULL, 5, 14, '2025-12', 0.0000, '2025-12-14 19:14:45'),
(542, NULL, 19, 14, '2025-12', 0.0000, '2025-12-14 19:14:45'),
(543, NULL, 24, 14, '2025-12', 0.0000, '2025-12-14 19:14:45'),
(544, NULL, 25, 14, '2025-12', 0.0000, '2025-12-14 19:14:45'),
(545, NULL, 26, 14, '2025-12', 0.0000, '2025-12-14 19:14:45'),
(546, NULL, 6, 14, '2025-12', 0.0000, '2025-12-14 19:14:45'),
(547, 39, NULL, 15, '2025-12', 0.3000, '2025-12-14 19:14:45'),
(548, 26, NULL, 15, '2025-12', 4400000.0000, '2025-12-14 19:14:45'),
(549, 35, NULL, 15, '2025-12', 0.0100, '2025-12-14 19:14:45'),
(550, 25, NULL, 15, '2025-12', 11000000.0000, '2025-12-14 19:14:45'),
(551, 36, NULL, 15, '2025-12', 0.1750, '2025-12-14 19:14:45'),
(552, 34, NULL, 15, '2025-12', 0.0150, '2025-12-14 19:14:45'),
(553, 14, NULL, 15, '2025-12', 2340000.0000, '2025-12-14 19:14:45'),
(554, 13, NULL, 15, '2025-12', 1.0000, '2025-12-14 19:14:45'),
(555, 17, NULL, 15, '2025-12', 1000000.0000, '2025-12-14 19:14:45'),
(556, 3, NULL, 15, '2025-12', 0.0000, '2025-12-14 19:14:45'),
(557, 29, NULL, 15, '2025-12', 0.0000, '2025-12-14 19:14:45'),
(558, 10, NULL, 15, '2025-12', 730000.0000, '2025-12-14 19:14:45'),
(559, 2, NULL, 15, '2025-12', 26.0000, '2025-12-14 19:14:45'),
(560, 7, NULL, 15, '2025-12', 0.0000, '2025-12-14 19:14:45'),
(561, 15, NULL, 15, '2025-12', 4960000.0000, '2025-12-14 19:14:45'),
(562, 4, NULL, 15, '2025-12', 730000.0000, '2025-12-14 19:14:45'),
(563, 16, NULL, 15, '2025-12', 20.0000, '2025-12-14 19:14:45'),
(564, 5, NULL, 15, '2025-12', 0.0000, '2025-12-14 19:14:45'),
(565, 27, NULL, 15, '2025-12', 45673.0769, '2025-12-14 19:14:45'),
(566, 6, NULL, 15, '2025-12', 0.0000, '2025-12-14 19:14:45'),
(567, 8, NULL, 15, '2025-12', 9500000.0000, '2025-12-14 19:14:45'),
(568, 33, NULL, 15, '2025-12', 0.0800, '2025-12-14 19:14:45'),
(569, 38, NULL, 15, '2025-12', 0.0100, '2025-12-14 19:14:45'),
(570, 37, NULL, 15, '2025-12', 0.0300, '2025-12-14 19:14:45'),
(571, 1, NULL, 15, '2025-12', 9500000.0000, '2025-12-14 19:14:45'),
(572, 11, NULL, 15, '2025-12', 15400000.0000, '2025-12-14 19:14:45'),
(573, NULL, 1, 15, '2025-12', 0.0000, '2025-12-14 19:14:45'),
(574, NULL, 27, 15, '2025-12', 0.0000, '2025-12-14 19:14:45'),
(575, NULL, 3, 15, '2025-12', 0.0000, '2025-12-14 19:14:45'),
(576, NULL, 20, 15, '2025-12', 760000.0000, '2025-12-14 19:14:45'),
(577, NULL, 21, 15, '2025-12', 142500.0000, '2025-12-14 19:14:45'),
(578, NULL, 22, 15, '2025-12', 95000.0000, '2025-12-14 19:14:45'),
(579, NULL, 4, 15, '2025-12', -17127500.0000, '2025-12-14 19:14:45'),
(580, NULL, 5, 15, '2025-12', 0.0000, '2025-12-14 19:14:45'),
(581, NULL, 19, 15, '2025-12', 0.0000, '2025-12-14 19:14:45'),
(582, NULL, 24, 15, '2025-12', 1662500.0000, '2025-12-14 19:14:45'),
(583, NULL, 25, 15, '2025-12', 285000.0000, '2025-12-14 19:14:45'),
(584, NULL, 26, 15, '2025-12', 95000.0000, '2025-12-14 19:14:45'),
(585, NULL, 6, 15, '2025-12', -997500.0000, '2025-12-14 19:14:45'),
(586, 39, NULL, 16, '2025-12', 0.3000, '2025-12-14 19:14:45'),
(587, 26, NULL, 16, '2025-12', 4400000.0000, '2025-12-14 19:14:45'),
(588, 35, NULL, 16, '2025-12', 0.0100, '2025-12-14 19:14:45'),
(589, 25, NULL, 16, '2025-12', 11000000.0000, '2025-12-14 19:14:45'),
(590, 36, NULL, 16, '2025-12', 0.1750, '2025-12-14 19:14:45'),
(591, 34, NULL, 16, '2025-12', 0.0150, '2025-12-14 19:14:45'),
(592, 14, NULL, 16, '2025-12', 2340000.0000, '2025-12-14 19:14:45'),
(593, 13, NULL, 16, '2025-12', 1.0000, '2025-12-14 19:14:45'),
(594, 17, NULL, 16, '2025-12', 1000000.0000, '2025-12-14 19:14:45'),
(595, 3, NULL, 16, '2025-12', 0.0000, '2025-12-14 19:14:45'),
(596, 29, NULL, 16, '2025-12', 0.0000, '2025-12-14 19:14:45'),
(597, 10, NULL, 16, '2025-12', 730000.0000, '2025-12-14 19:14:45'),
(598, 2, NULL, 16, '2025-12', 26.0000, '2025-12-14 19:14:45'),
(599, 7, NULL, 16, '2025-12', 0.0000, '2025-12-14 19:14:45'),
(600, 15, NULL, 16, '2025-12', 4960000.0000, '2025-12-14 19:14:45'),
(601, 4, NULL, 16, '2025-12', 730000.0000, '2025-12-14 19:14:45'),
(602, 16, NULL, 16, '2025-12', 20.0000, '2025-12-14 19:14:45'),
(603, 5, NULL, 16, '2025-12', 0.0000, '2025-12-14 19:14:45'),
(604, 27, NULL, 16, '2025-12', 44230.7692, '2025-12-14 19:14:45'),
(605, 6, NULL, 16, '2025-12', 0.0000, '2025-12-14 19:14:45'),
(606, 8, NULL, 16, '2025-12', 9200000.0000, '2025-12-14 19:14:45'),
(607, 33, NULL, 16, '2025-12', 0.0800, '2025-12-14 19:14:45'),
(608, 38, NULL, 16, '2025-12', 0.0100, '2025-12-14 19:14:45'),
(609, 37, NULL, 16, '2025-12', 0.0300, '2025-12-14 19:14:45'),
(610, 1, NULL, 16, '2025-12', 9200000.0000, '2025-12-14 19:14:45'),
(611, 11, NULL, 16, '2025-12', 15400000.0000, '2025-12-14 19:14:45'),
(612, NULL, 1, 16, '2025-12', 0.0000, '2025-12-14 19:14:45'),
(613, NULL, 27, 16, '2025-12', 0.0000, '2025-12-14 19:14:45'),
(614, NULL, 3, 16, '2025-12', 0.0000, '2025-12-14 19:14:45'),
(615, NULL, 20, 16, '2025-12', 736000.0000, '2025-12-14 19:14:45'),
(616, NULL, 21, 16, '2025-12', 138000.0000, '2025-12-14 19:14:45'),
(617, NULL, 22, 16, '2025-12', 92000.0000, '2025-12-14 19:14:45'),
(618, NULL, 4, 16, '2025-12', -17096000.0000, '2025-12-14 19:14:45'),
(619, NULL, 5, 16, '2025-12', 0.0000, '2025-12-14 19:14:45'),
(620, NULL, 19, 16, '2025-12', 0.0000, '2025-12-14 19:14:45'),
(621, NULL, 24, 16, '2025-12', 1610000.0000, '2025-12-14 19:14:45'),
(622, NULL, 25, 16, '2025-12', 276000.0000, '2025-12-14 19:14:45'),
(623, NULL, 26, 16, '2025-12', 92000.0000, '2025-12-14 19:14:45'),
(624, NULL, 6, 16, '2025-12', -966000.0000, '2025-12-14 19:14:45'),
(625, 39, NULL, 17, '2025-12', 0.3000, '2025-12-14 19:14:45'),
(626, 26, NULL, 17, '2025-12', 4400000.0000, '2025-12-14 19:14:45'),
(627, 35, NULL, 17, '2025-12', 0.0100, '2025-12-14 19:14:45'),
(628, 25, NULL, 17, '2025-12', 11000000.0000, '2025-12-14 19:14:45'),
(629, 36, NULL, 17, '2025-12', 0.1750, '2025-12-14 19:14:45'),
(630, 34, NULL, 17, '2025-12', 0.0150, '2025-12-14 19:14:45'),
(631, 14, NULL, 17, '2025-12', 2340000.0000, '2025-12-14 19:14:45'),
(632, 13, NULL, 17, '2025-12', 1.0000, '2025-12-14 19:14:45'),
(633, 17, NULL, 17, '2025-12', 1000000.0000, '2025-12-14 19:14:45'),
(634, 3, NULL, 17, '2025-12', 0.0000, '2025-12-14 19:14:45'),
(635, 29, NULL, 17, '2025-12', 0.0000, '2025-12-14 19:14:45'),
(636, 10, NULL, 17, '2025-12', 1230000.0000, '2025-12-14 19:14:45'),
(637, 2, NULL, 17, '2025-12', 26.0000, '2025-12-14 19:14:45'),
(638, 7, NULL, 17, '2025-12', 0.0000, '2025-12-14 19:14:45'),
(639, 15, NULL, 17, '2025-12', 4960000.0000, '2025-12-14 19:14:45'),
(640, 4, NULL, 17, '2025-12', 1230000.0000, '2025-12-14 19:14:45'),
(641, 16, NULL, 17, '2025-12', 20.0000, '2025-12-14 19:14:45'),
(642, 5, NULL, 17, '2025-12', 0.0000, '2025-12-14 19:14:45'),
(643, 27, NULL, 17, '2025-12', 44711.5385, '2025-12-14 19:14:45'),
(644, 6, NULL, 17, '2025-12', 0.0000, '2025-12-14 19:14:45'),
(645, 8, NULL, 17, '2025-12', 8800000.0000, '2025-12-14 19:14:45'),
(646, 33, NULL, 17, '2025-12', 0.0800, '2025-12-14 19:14:45'),
(647, 38, NULL, 17, '2025-12', 0.0100, '2025-12-14 19:14:45'),
(648, 37, NULL, 17, '2025-12', 0.0300, '2025-12-14 19:14:45'),
(649, 1, NULL, 17, '2025-12', 8800000.0000, '2025-12-14 19:14:45'),
(650, 11, NULL, 17, '2025-12', 15400000.0000, '2025-12-14 19:14:45'),
(651, NULL, 1, 17, '2025-12', 0.0000, '2025-12-14 19:14:45'),
(652, NULL, 27, 17, '2025-12', 0.0000, '2025-12-14 19:14:45'),
(653, NULL, 3, 17, '2025-12', 0.0000, '2025-12-14 19:14:45'),
(654, NULL, 20, 17, '2025-12', 704000.0000, '2025-12-14 19:14:45'),
(655, NULL, 21, 17, '2025-12', 132000.0000, '2025-12-14 19:14:45'),
(656, NULL, 22, 17, '2025-12', 88000.0000, '2025-12-14 19:14:45'),
(657, NULL, 4, 17, '2025-12', -17554000.0000, '2025-12-14 19:14:45'),
(658, NULL, 5, 17, '2025-12', 0.0000, '2025-12-14 19:14:45'),
(659, NULL, 19, 17, '2025-12', 0.0000, '2025-12-14 19:14:45'),
(660, NULL, 24, 17, '2025-12', 1540000.0000, '2025-12-14 19:14:45'),
(661, NULL, 25, 17, '2025-12', 264000.0000, '2025-12-14 19:14:45'),
(662, NULL, 26, 17, '2025-12', 88000.0000, '2025-12-14 19:14:45'),
(663, NULL, 6, 17, '2025-12', -924000.0000, '2025-12-14 19:14:45'),
(664, 39, NULL, 18, '2025-12', 0.3000, '2025-12-14 19:14:45'),
(665, 26, NULL, 18, '2025-12', 4400000.0000, '2025-12-14 19:14:45'),
(666, 35, NULL, 18, '2025-12', 0.0100, '2025-12-14 19:14:45'),
(667, 25, NULL, 18, '2025-12', 11000000.0000, '2025-12-14 19:14:45'),
(668, 36, NULL, 18, '2025-12', 0.1750, '2025-12-14 19:14:45'),
(669, 34, NULL, 18, '2025-12', 0.0150, '2025-12-14 19:14:45'),
(670, 14, NULL, 18, '2025-12', 2340000.0000, '2025-12-14 19:14:45'),
(671, 13, NULL, 18, '2025-12', 1.0000, '2025-12-14 19:14:45'),
(672, 17, NULL, 18, '2025-12', 1000000.0000, '2025-12-14 19:14:45'),
(673, 3, NULL, 18, '2025-12', 0.0000, '2025-12-14 19:14:45'),
(674, 29, NULL, 18, '2025-12', 0.0000, '2025-12-14 19:14:45'),
(675, 10, NULL, 18, '2025-12', 0.0000, '2025-12-14 19:14:45'),
(676, 2, NULL, 18, '2025-12', 26.0000, '2025-12-14 19:14:45'),
(677, 7, NULL, 18, '2025-12', 0.0000, '2025-12-14 19:14:45'),
(678, 15, NULL, 18, '2025-12', 4960000.0000, '2025-12-14 19:14:45'),
(679, 4, NULL, 18, '2025-12', 0.0000, '2025-12-14 19:14:45'),
(680, 16, NULL, 18, '2025-12', 20.0000, '2025-12-14 19:14:45'),
(681, 5, NULL, 18, '2025-12', 0.0000, '2025-12-14 19:14:45'),
(682, 27, NULL, 18, '2025-12', 72115.3846, '2025-12-14 19:14:45'),
(683, 6, NULL, 18, '2025-12', 0.0000, '2025-12-14 19:14:45'),
(684, 8, NULL, 18, '2025-12', 15000000.0000, '2025-12-14 19:14:45'),
(685, 33, NULL, 18, '2025-12', 0.0800, '2025-12-14 19:14:45'),
(686, 38, NULL, 18, '2025-12', 0.0100, '2025-12-14 19:14:45'),
(687, 37, NULL, 18, '2025-12', 0.0300, '2025-12-14 19:14:45'),
(688, 1, NULL, 18, '2025-12', 15000000.0000, '2025-12-14 19:14:45'),
(689, 11, NULL, 18, '2025-12', 15400000.0000, '2025-12-14 19:14:45'),
(690, NULL, 1, 18, '2025-12', 0.0000, '2025-12-14 19:14:45'),
(691, NULL, 27, 18, '2025-12', 0.0000, '2025-12-14 19:14:45'),
(692, NULL, 3, 18, '2025-12', 0.0000, '2025-12-14 19:14:45'),
(693, NULL, 20, 18, '2025-12', 1200000.0000, '2025-12-14 19:14:45'),
(694, NULL, 21, 18, '2025-12', 225000.0000, '2025-12-14 19:14:45'),
(695, NULL, 22, 18, '2025-12', 150000.0000, '2025-12-14 19:14:45'),
(696, NULL, 4, 18, '2025-12', -16975000.0000, '2025-12-14 19:14:45'),
(697, NULL, 5, 18, '2025-12', 0.0000, '2025-12-14 19:14:45'),
(698, NULL, 19, 18, '2025-12', 0.0000, '2025-12-14 19:14:45'),
(699, NULL, 24, 18, '2025-12', 2625000.0000, '2025-12-14 19:14:45'),
(700, NULL, 25, 18, '2025-12', 450000.0000, '2025-12-14 19:14:45'),
(701, NULL, 26, 18, '2025-12', 150000.0000, '2025-12-14 19:14:45'),
(702, NULL, 6, 18, '2025-12', -1575000.0000, '2025-12-14 19:14:45'),
(703, 39, NULL, 19, '2025-12', 0.3000, '2025-12-14 19:14:45'),
(704, 26, NULL, 19, '2025-12', 4400000.0000, '2025-12-14 19:14:45'),
(705, 35, NULL, 19, '2025-12', 0.0100, '2025-12-14 19:14:45'),
(706, 25, NULL, 19, '2025-12', 11000000.0000, '2025-12-14 19:14:45'),
(707, 36, NULL, 19, '2025-12', 0.1750, '2025-12-14 19:14:45'),
(708, 34, NULL, 19, '2025-12', 0.0150, '2025-12-14 19:14:45'),
(709, 14, NULL, 19, '2025-12', 2340000.0000, '2025-12-14 19:14:45'),
(710, 13, NULL, 19, '2025-12', 1.0000, '2025-12-14 19:14:45'),
(711, 17, NULL, 19, '2025-12', 1000000.0000, '2025-12-14 19:14:45'),
(712, 3, NULL, 19, '2025-12', 0.0000, '2025-12-14 19:14:45'),
(713, 29, NULL, 19, '2025-12', 0.0000, '2025-12-14 19:14:45'),
(714, 10, NULL, 19, '2025-12', 0.0000, '2025-12-14 19:14:45'),
(715, 2, NULL, 19, '2025-12', 26.0000, '2025-12-14 19:14:45'),
(716, 7, NULL, 19, '2025-12', 0.0000, '2025-12-14 19:14:45'),
(717, 15, NULL, 19, '2025-12', 4960000.0000, '2025-12-14 19:14:45'),
(718, 4, NULL, 19, '2025-12', 0.0000, '2025-12-14 19:14:45'),
(719, 16, NULL, 19, '2025-12', 20.0000, '2025-12-14 19:14:45'),
(720, 5, NULL, 19, '2025-12', 0.0000, '2025-12-14 19:14:45'),
(721, 27, NULL, 19, '2025-12', 72115.3846, '2025-12-14 19:14:45'),
(722, 6, NULL, 19, '2025-12', 0.0000, '2025-12-14 19:14:45'),
(723, 8, NULL, 19, '2025-12', 15000000.0000, '2025-12-14 19:14:45'),
(724, 33, NULL, 19, '2025-12', 0.0800, '2025-12-14 19:14:45'),
(725, 38, NULL, 19, '2025-12', 0.0100, '2025-12-14 19:14:45'),
(726, 37, NULL, 19, '2025-12', 0.0300, '2025-12-14 19:14:45'),
(727, 1, NULL, 19, '2025-12', 15000000.0000, '2025-12-14 19:14:45'),
(728, 11, NULL, 19, '2025-12', 15400000.0000, '2025-12-14 19:14:45'),
(729, NULL, 1, 19, '2025-12', 0.0000, '2025-12-14 19:14:45'),
(730, NULL, 27, 19, '2025-12', 0.0000, '2025-12-14 19:14:45'),
(731, NULL, 3, 19, '2025-12', 0.0000, '2025-12-14 19:14:45'),
(732, NULL, 20, 19, '2025-12', 1200000.0000, '2025-12-14 19:14:45'),
(733, NULL, 21, 19, '2025-12', 225000.0000, '2025-12-14 19:14:45'),
(734, NULL, 22, 19, '2025-12', 150000.0000, '2025-12-14 19:14:45'),
(735, NULL, 4, 19, '2025-12', -16975000.0000, '2025-12-14 19:14:45'),
(736, NULL, 5, 19, '2025-12', 0.0000, '2025-12-14 19:14:45'),
(737, NULL, 19, 19, '2025-12', 0.0000, '2025-12-14 19:14:45'),
(738, NULL, 24, 19, '2025-12', 2625000.0000, '2025-12-14 19:14:45'),
(739, NULL, 25, 19, '2025-12', 450000.0000, '2025-12-14 19:14:45'),
(740, NULL, 26, 19, '2025-12', 150000.0000, '2025-12-14 19:14:45'),
(741, NULL, 6, 19, '2025-12', -1575000.0000, '2025-12-14 19:14:45'),
(742, 39, NULL, 20, '2025-12', 0.3000, '2025-12-14 19:14:45'),
(743, 26, NULL, 20, '2025-12', 4400000.0000, '2025-12-14 19:14:45'),
(744, 35, NULL, 20, '2025-12', 0.0100, '2025-12-14 19:14:45'),
(745, 25, NULL, 20, '2025-12', 11000000.0000, '2025-12-14 19:14:45'),
(746, 36, NULL, 20, '2025-12', 0.1750, '2025-12-14 19:14:45'),
(747, 34, NULL, 20, '2025-12', 0.0150, '2025-12-14 19:14:45'),
(748, 14, NULL, 20, '2025-12', 2340000.0000, '2025-12-14 19:14:45'),
(749, 13, NULL, 20, '2025-12', 0.0000, '2025-12-14 19:14:45'),
(750, 17, NULL, 20, '2025-12', 1000000.0000, '2025-12-14 19:14:45'),
(751, 3, NULL, 20, '2025-12', 3.0000, '2025-12-14 19:14:45'),
(752, 29, NULL, 20, '2025-12', 8.0000, '2025-12-14 19:14:45'),
(753, 10, NULL, 20, '2025-12', 730000.0000, '2025-12-14 19:14:45'),
(754, 2, NULL, 20, '2025-12', 26.0000, '2025-12-14 19:14:45'),
(755, 7, NULL, 20, '2025-12', 15.0000, '2025-12-14 19:14:45'),
(756, 15, NULL, 20, '2025-12', 4960000.0000, '2025-12-14 19:14:45'),
(757, 4, NULL, 20, '2025-12', 730000.0000, '2025-12-14 19:14:45'),
(758, 16, NULL, 20, '2025-12', 20.0000, '2025-12-14 19:14:45'),
(759, 5, NULL, 20, '2025-12', 0.0000, '2025-12-14 19:14:45'),
(760, 27, NULL, 20, '2025-12', 36057.6923, '2025-12-14 19:14:45'),
(761, 6, NULL, 20, '2025-12', 0.0000, '2025-12-14 19:14:45'),
(762, 8, NULL, 20, '2025-12', 0.0000, '2025-12-14 19:14:45'),
(763, 33, NULL, 20, '2025-12', 0.0800, '2025-12-14 19:14:45'),
(764, 38, NULL, 20, '2025-12', 0.0100, '2025-12-14 19:14:45'),
(765, 37, NULL, 20, '2025-12', 0.0300, '2025-12-14 19:14:45'),
(766, 1, NULL, 20, '2025-12', 7500000.0000, '2025-12-14 19:14:45'),
(767, 11, NULL, 20, '2025-12', 11000000.0000, '2025-12-14 19:14:45'),
(768, NULL, 1, 20, '2025-12', 949615.3800, '2025-12-14 19:14:45'),
(769, NULL, 27, 20, '2025-12', 86538.4615, '2025-12-14 19:14:45'),
(770, NULL, 3, 20, '2025-12', 1577019.2260, '2025-12-14 19:14:45'),
(771, NULL, 20, 20, '2025-12', 0.0000, '2025-12-14 19:14:45'),
(772, NULL, 21, 20, '2025-12', 0.0000, '2025-12-14 19:14:45'),
(773, NULL, 22, 20, '2025-12', 0.0000, '2025-12-14 19:14:45'),
(774, NULL, 4, 20, '2025-12', -10152980.7740, '2025-12-14 19:14:45'),
(775, NULL, 5, 20, '2025-12', 0.0000, '2025-12-14 19:14:45'),
(776, NULL, 19, 20, '2025-12', 0.0000, '2025-12-14 19:14:45'),
(777, NULL, 24, 20, '2025-12', 0.0000, '2025-12-14 19:14:45'),
(778, NULL, 25, 20, '2025-12', 0.0000, '2025-12-14 19:14:45'),
(779, NULL, 26, 20, '2025-12', 0.0000, '2025-12-14 19:14:45'),
(780, NULL, 6, 20, '2025-12', 1577019.2260, '2025-12-14 19:14:45'),
(781, 39, NULL, 21, '2025-12', 0.3000, '2025-12-14 19:14:45'),
(782, 26, NULL, 21, '2025-12', 4400000.0000, '2025-12-14 19:14:45'),
(783, 35, NULL, 21, '2025-12', 0.0100, '2025-12-14 19:14:45'),
(784, 25, NULL, 21, '2025-12', 11000000.0000, '2025-12-14 19:14:45'),
(785, 36, NULL, 21, '2025-12', 0.1750, '2025-12-14 19:14:45'),
(786, 34, NULL, 21, '2025-12', 0.0150, '2025-12-14 19:14:45'),
(787, 14, NULL, 21, '2025-12', 2340000.0000, '2025-12-14 19:14:45'),
(788, 13, NULL, 21, '2025-12', 0.0000, '2025-12-14 19:14:45'),
(789, 17, NULL, 21, '2025-12', 1000000.0000, '2025-12-14 19:14:45'),
(790, 3, NULL, 21, '2025-12', 5.0000, '2025-12-14 19:14:45'),
(791, 29, NULL, 21, '2025-12', 0.0000, '2025-12-14 19:14:45'),
(792, 10, NULL, 21, '2025-12', 0.0000, '2025-12-14 19:14:45');
INSERT INTO `salary_variable_cache` (`cache_id`, `variable_id`, `rule_id`, `employee_id`, `payperiod`, `value`, `evaluated_at`) VALUES
(793, 2, NULL, 21, '2025-12', 26.0000, '2025-12-14 19:14:45'),
(794, 7, NULL, 21, '2025-12', 0.0000, '2025-12-14 19:14:45'),
(795, 15, NULL, 21, '2025-12', 4960000.0000, '2025-12-14 19:14:45'),
(796, 4, NULL, 21, '2025-12', 0.0000, '2025-12-14 19:14:45'),
(797, 16, NULL, 21, '2025-12', 20.0000, '2025-12-14 19:14:45'),
(798, 5, NULL, 21, '2025-12', 0.0000, '2025-12-14 19:14:45'),
(799, 27, NULL, 21, '2025-12', 72115.3846, '2025-12-14 19:14:45'),
(800, 6, NULL, 21, '2025-12', 0.0000, '2025-12-14 19:14:45'),
(801, 8, NULL, 21, '2025-12', 15000000.0000, '2025-12-14 19:14:45'),
(802, 33, NULL, 21, '2025-12', 0.0800, '2025-12-14 19:14:45'),
(803, 38, NULL, 21, '2025-12', 0.0100, '2025-12-14 19:14:45'),
(804, 37, NULL, 21, '2025-12', 0.0300, '2025-12-14 19:14:45'),
(805, 1, NULL, 21, '2025-12', 15000000.0000, '2025-12-14 19:14:45'),
(806, 11, NULL, 21, '2025-12', 11000000.0000, '2025-12-14 19:14:45'),
(807, NULL, 1, 21, '2025-12', 2884615.4000, '2025-12-14 19:14:45'),
(808, NULL, 27, 21, '2025-12', 0.0000, '2025-12-14 19:14:45'),
(809, NULL, 3, 21, '2025-12', 2884615.4000, '2025-12-14 19:14:45'),
(810, NULL, 20, 21, '2025-12', 1200000.0000, '2025-12-14 19:14:45'),
(811, NULL, 21, 21, '2025-12', 225000.0000, '2025-12-14 19:14:45'),
(812, NULL, 22, 21, '2025-12', 150000.0000, '2025-12-14 19:14:45'),
(813, NULL, 4, 21, '2025-12', -9690384.6000, '2025-12-14 19:14:45'),
(814, NULL, 5, 21, '2025-12', 0.0000, '2025-12-14 19:14:45'),
(815, NULL, 19, 21, '2025-12', 0.0000, '2025-12-14 19:14:45'),
(816, NULL, 24, 21, '2025-12', 2625000.0000, '2025-12-14 19:14:45'),
(817, NULL, 25, 21, '2025-12', 450000.0000, '2025-12-14 19:14:45'),
(818, NULL, 26, 21, '2025-12', 150000.0000, '2025-12-14 19:14:45'),
(819, NULL, 6, 21, '2025-12', 1309615.4000, '2025-12-14 19:14:45'),
(820, 39, NULL, 22, '2025-12', 0.3000, '2025-12-14 19:14:45'),
(821, 26, NULL, 22, '2025-12', 4400000.0000, '2025-12-14 19:14:45'),
(822, 35, NULL, 22, '2025-12', 0.0100, '2025-12-14 19:14:45'),
(823, 25, NULL, 22, '2025-12', 11000000.0000, '2025-12-14 19:14:45'),
(824, 36, NULL, 22, '2025-12', 0.1750, '2025-12-14 19:14:45'),
(825, 34, NULL, 22, '2025-12', 0.0150, '2025-12-14 19:14:45'),
(826, 14, NULL, 22, '2025-12', 2340000.0000, '2025-12-14 19:14:45'),
(827, 13, NULL, 22, '2025-12', 0.0000, '2025-12-14 19:14:45'),
(828, 17, NULL, 22, '2025-12', 1000000.0000, '2025-12-14 19:14:45'),
(829, 3, NULL, 22, '2025-12', 0.0000, '2025-12-14 19:14:45'),
(830, 29, NULL, 22, '2025-12', 0.0000, '2025-12-14 19:14:45'),
(831, 10, NULL, 22, '2025-12', 0.0000, '2025-12-14 19:14:45'),
(832, 2, NULL, 22, '2025-12', 26.0000, '2025-12-14 19:14:45'),
(833, 7, NULL, 22, '2025-12', 0.0000, '2025-12-14 19:14:45'),
(834, 15, NULL, 22, '2025-12', 4960000.0000, '2025-12-14 19:14:45'),
(835, 4, NULL, 22, '2025-12', 0.0000, '2025-12-14 19:14:45'),
(836, 16, NULL, 22, '2025-12', 20.0000, '2025-12-14 19:14:45'),
(837, 5, NULL, 22, '2025-12', 0.0000, '2025-12-14 19:14:45'),
(838, 27, NULL, 22, '2025-12', 0.0000, '2025-12-14 19:14:45'),
(839, 6, NULL, 22, '2025-12', 0.0000, '2025-12-14 19:14:45'),
(840, 8, NULL, 22, '2025-12', 0.0000, '2025-12-14 19:14:45'),
(841, 33, NULL, 22, '2025-12', 0.0800, '2025-12-14 19:14:45'),
(842, 38, NULL, 22, '2025-12', 0.0100, '2025-12-14 19:14:45'),
(843, 37, NULL, 22, '2025-12', 0.0300, '2025-12-14 19:14:45'),
(844, 1, NULL, 22, '2025-12', 0.0000, '2025-12-14 19:14:45'),
(845, 11, NULL, 22, '2025-12', 11000000.0000, '2025-12-14 19:14:45'),
(846, NULL, 1, 22, '2025-12', 0.0000, '2025-12-14 19:14:45'),
(847, NULL, 27, 22, '2025-12', 0.0000, '2025-12-14 19:14:45'),
(848, NULL, 3, 22, '2025-12', 0.0000, '2025-12-14 19:14:45'),
(849, NULL, 20, 22, '2025-12', 0.0000, '2025-12-14 19:14:45'),
(850, NULL, 21, 22, '2025-12', 0.0000, '2025-12-14 19:14:45'),
(851, NULL, 22, 22, '2025-12', 0.0000, '2025-12-14 19:14:45'),
(852, NULL, 4, 22, '2025-12', -11000000.0000, '2025-12-14 19:14:45'),
(853, NULL, 5, 22, '2025-12', 0.0000, '2025-12-14 19:14:45'),
(854, NULL, 19, 22, '2025-12', 0.0000, '2025-12-14 19:14:45'),
(855, NULL, 24, 22, '2025-12', 0.0000, '2025-12-14 19:14:45'),
(856, NULL, 25, 22, '2025-12', 0.0000, '2025-12-14 19:14:45'),
(857, NULL, 26, 22, '2025-12', 0.0000, '2025-12-14 19:14:45'),
(858, NULL, 6, 22, '2025-12', 0.0000, '2025-12-14 19:14:45'),
(859, 39, NULL, 23, '2025-12', 0.3000, '2025-12-14 19:14:45'),
(860, 26, NULL, 23, '2025-12', 4400000.0000, '2025-12-14 19:14:45'),
(861, 35, NULL, 23, '2025-12', 0.0100, '2025-12-14 19:14:45'),
(862, 25, NULL, 23, '2025-12', 11000000.0000, '2025-12-14 19:14:45'),
(863, 36, NULL, 23, '2025-12', 0.1750, '2025-12-14 19:14:45'),
(864, 34, NULL, 23, '2025-12', 0.0150, '2025-12-14 19:14:45'),
(865, 14, NULL, 23, '2025-12', 2340000.0000, '2025-12-14 19:14:45'),
(866, 13, NULL, 23, '2025-12', 0.0000, '2025-12-14 19:14:45'),
(867, 17, NULL, 23, '2025-12', 1000000.0000, '2025-12-14 19:14:45'),
(868, 3, NULL, 23, '2025-12', 0.0000, '2025-12-14 19:14:45'),
(869, 29, NULL, 23, '2025-12', 0.0000, '2025-12-14 19:14:45'),
(870, 10, NULL, 23, '2025-12', 0.0000, '2025-12-14 19:14:45'),
(871, 2, NULL, 23, '2025-12', 26.0000, '2025-12-14 19:14:45'),
(872, 7, NULL, 23, '2025-12', 0.0000, '2025-12-14 19:14:45'),
(873, 15, NULL, 23, '2025-12', 4960000.0000, '2025-12-14 19:14:45'),
(874, 4, NULL, 23, '2025-12', 0.0000, '2025-12-14 19:14:45'),
(875, 16, NULL, 23, '2025-12', 20.0000, '2025-12-14 19:14:45'),
(876, 5, NULL, 23, '2025-12', 0.0000, '2025-12-14 19:14:45'),
(877, 27, NULL, 23, '2025-12', 0.0000, '2025-12-14 19:14:45'),
(878, 6, NULL, 23, '2025-12', 0.0000, '2025-12-14 19:14:45'),
(879, 8, NULL, 23, '2025-12', 0.0000, '2025-12-14 19:14:45'),
(880, 33, NULL, 23, '2025-12', 0.0800, '2025-12-14 19:14:45'),
(881, 38, NULL, 23, '2025-12', 0.0100, '2025-12-14 19:14:45'),
(882, 37, NULL, 23, '2025-12', 0.0300, '2025-12-14 19:14:45'),
(883, 1, NULL, 23, '2025-12', 0.0000, '2025-12-14 19:14:45'),
(884, 11, NULL, 23, '2025-12', 11000000.0000, '2025-12-14 19:14:45'),
(885, NULL, 1, 23, '2025-12', 0.0000, '2025-12-14 19:14:45'),
(886, NULL, 27, 23, '2025-12', 0.0000, '2025-12-14 19:14:45'),
(887, NULL, 3, 23, '2025-12', 0.0000, '2025-12-14 19:14:45'),
(888, NULL, 20, 23, '2025-12', 0.0000, '2025-12-14 19:14:45'),
(889, NULL, 21, 23, '2025-12', 0.0000, '2025-12-14 19:14:45'),
(890, NULL, 22, 23, '2025-12', 0.0000, '2025-12-14 19:14:45'),
(891, NULL, 4, 23, '2025-12', -11000000.0000, '2025-12-14 19:14:45'),
(892, NULL, 5, 23, '2025-12', 0.0000, '2025-12-14 19:14:45'),
(893, NULL, 19, 23, '2025-12', 0.0000, '2025-12-14 19:14:45'),
(894, NULL, 24, 23, '2025-12', 0.0000, '2025-12-14 19:14:45'),
(895, NULL, 25, 23, '2025-12', 0.0000, '2025-12-14 19:14:45'),
(896, NULL, 26, 23, '2025-12', 0.0000, '2025-12-14 19:14:45'),
(897, NULL, 6, 23, '2025-12', 0.0000, '2025-12-14 19:14:45');

-- --------------------------------------------------------

--
-- Cáș„u trĂșc báșŁng cho báșŁng `schedulerequirements`
--

DROP TABLE IF EXISTS `schedulerequirements`;
CREATE TABLE IF NOT EXISTS `schedulerequirements` (
  `requirementID` int NOT NULL AUTO_INCREMENT COMMENT 'KhĂła chĂ­nh',
  `departmentID` int NOT NULL COMMENT 'FK - Ăp dá»„ng cho phĂČng ban nĂ o (vĂ­ dá»„: In áș„n)',
  `shiftID` int NOT NULL COMMENT 'FK - Ăp dá»„ng cho ca nĂ o (vĂ­ dá»„: C808)',
  `totalstaffneeded` int NOT NULL DEFAULT '0' COMMENT 'Tá»ng sá» nhĂąn viĂȘn cáș§n (vĂ­ dá»„: 3)',
  PRIMARY KEY (`requirementID`),
  UNIQUE KEY `UQ_Dept_Shift` (`departmentID`,`shiftID`) COMMENT 'Má»i phĂČng ban/ca chá» cĂł 1 yĂȘu cáș§u',
  KEY `FK_schedule_req_shift` (`shiftID`)
) ENGINE=InnoDB AUTO_INCREMENT=16 DEFAULT CHARSET=utf8mb4 COLLATE=utf8mb4_unicode_ci COMMENT='Nhu cáș§u nhĂąn sá»± cÆĄ báșŁn cho ca lĂ m viá»c cá»§a phĂČng ban';

--
-- Äang Äá» dá»Ż liá»u cho báșŁng `schedulerequirements`
--

INSERT INTO `schedulerequirements` (`requirementID`, `departmentID`, `shiftID`, `totalstaffneeded`) VALUES
(2, 5, 36, 3),
(3, 5, 41, 3),
(6, 4, 41, 3),
(7, 4, 36, 1),
(12, 3, 36, 2),
(14, 3, 41, 1);

-- --------------------------------------------------------

--
-- Cáș„u trĂșc báșŁng cho báșŁng `shifts`
--

DROP TABLE IF EXISTS `shifts`;
CREATE TABLE IF NOT EXISTS `shifts` (
  `shiftID` int NOT NULL AUTO_INCREMENT,
  `shiftname` varchar(100) COLLATE utf8mb4_unicode_ci NOT NULL,
  `starttime` time NOT NULL,
  `endtime` time NOT NULL,
  `durationhours` int NOT NULL,
  PRIMARY KEY (`shiftID`)
) ENGINE=InnoDB AUTO_INCREMENT=58 DEFAULT CHARSET=utf8mb4 COLLATE=utf8mb4_unicode_ci;

--
-- Äang Äá» dá»Ż liá»u cho báșŁng `shifts`
--

INSERT INTO `shifts` (`shiftID`, `shiftname`, `starttime`, `endtime`, `durationhours`) VALUES
(1, 'HĂ nh chĂ­nh', '08:00:00', '17:00:00', 0),
(2, 'Ca SĂĄng (SX)', '06:00:00', '14:00:00', 0),
(3, 'Ca Chiá»u (SX)', '14:00:00', '22:00:00', 0),
(4, 'Ca ÄĂȘm (SX)', '22:00:00', '06:00:00', 0),
(5, 'C601', '01:00:00', '07:00:00', 6),
(6, 'C602', '02:00:00', '08:00:00', 6),
(7, 'C603', '03:00:00', '09:00:00', 6),
(8, 'C604', '04:00:00', '10:00:00', 6),
(9, 'C605', '05:00:00', '11:00:00', 6),
(10, 'C606', '06:00:00', '12:00:00', 6),
(11, 'C607', '07:00:00', '13:00:00', 6),
(12, 'C608', '08:00:00', '14:00:00', 6),
(13, 'C609', '09:00:00', '15:00:00', 6),
(14, 'C610', '10:00:00', '16:00:00', 6),
(15, 'C611', '11:00:00', '17:00:00', 6),
(16, 'C612', '12:00:00', '18:00:00', 6),
(17, 'C613', '13:00:00', '19:00:00', 6),
(18, 'C614', '14:00:00', '20:00:00', 6),
(19, 'C615', '15:00:00', '21:00:00', 6),
(20, 'C616', '16:00:00', '22:00:00', 6),
(21, 'C617', '17:00:00', '23:00:00', 6),
(22, 'C618', '18:00:00', '00:00:00', 6),
(23, 'C619', '19:00:00', '01:00:00', 6),
(24, 'C620', '20:00:00', '02:00:00', 6),
(25, 'C621', '21:00:00', '03:00:00', 6),
(26, 'C622', '22:00:00', '04:00:00', 6),
(27, 'C623', '23:00:00', '05:00:00', 6),
(28, 'C624', '00:00:00', '06:00:00', 6),
(29, 'C801', '01:00:00', '10:00:00', 8),
(30, 'C802', '02:00:00', '11:00:00', 8),
(31, 'C803', '03:00:00', '12:00:00', 8),
(32, 'C804', '04:00:00', '13:00:00', 8),
(33, 'C805', '05:00:00', '14:00:00', 8),
(34, 'C806', '06:00:00', '15:00:00', 8),
(35, 'C807', '07:00:00', '16:00:00', 8),
(36, 'C808', '08:00:00', '17:00:00', 8),
(37, 'C809', '09:00:00', '18:00:00', 8),
(38, 'C810', '10:00:00', '19:00:00', 8),
(39, 'C811', '11:00:00', '20:00:00', 8),
(40, 'C812', '12:00:00', '21:00:00', 8),
(41, 'C813', '13:00:00', '22:00:00', 8),
(42, 'C814', '14:00:00', '23:00:00', 8),
(43, 'C815', '15:00:00', '00:00:00', 8),
(44, 'C816', '16:00:00', '01:00:00', 8),
(45, 'C817', '17:00:00', '02:00:00', 8),
(46, 'C818', '18:00:00', '03:00:00', 8),
(47, 'C819', '19:00:00', '04:00:00', 8),
(48, 'C820', '20:00:00', '05:00:00', 8),
(49, 'C821', '21:00:00', '06:00:00', 8),
(50, 'C822', '22:00:00', '07:00:00', 8),
(51, 'C823', '23:00:00', '08:00:00', 8),
(52, 'C824', '00:00:00', '09:00:00', 8),
(53, 'AL (Anually Leave)', '00:00:00', '00:00:00', 0),
(54, 'SL (Sick Leave)', '00:00:00', '00:00:00', 0),
(55, 'PL (Paternity Leave)', '00:00:00', '00:00:00', 0),
(56, 'ML (Maternity Leave)', '00:00:00', '00:00:00', 0),
(57, 'UL (Unpaid Leave)', '00:00:00', '00:00:00', 0);

-- --------------------------------------------------------

--
-- Cáș„u trĂșc báșŁng cho báșŁng `shift_change_requests`
--

DROP TABLE IF EXISTS `shift_change_requests`;
CREATE TABLE IF NOT EXISTS `shift_change_requests` (
  `requestID` int NOT NULL AUTO_INCREMENT,
  `employeeID` int NOT NULL COMMENT 'NgÆ°á»i xin Äá»i',
  `date` date NOT NULL COMMENT 'NgĂ y muá»n Äá»i',
  `currentShiftID` int DEFAULT NULL COMMENT 'Ca hiá»n táșĄi (trÆ°á»c khi Äá»i)',
  `newShiftID` int DEFAULT NULL COMMENT 'Ca mong muá»n (NULL náșżu xin nghá»)',
  `reason` text CHARACTER SET utf8mb4 COLLATE utf8mb4_unicode_ci NOT NULL COMMENT 'LĂœ do',
  `status` enum('PENDING','APPROVED','REJECTED','CANCELLED') CHARACTER SET utf8mb4 COLLATE utf8mb4_unicode_ci DEFAULT 'PENDING',
  `approverID` int DEFAULT NULL COMMENT 'NgÆ°á»i duyá»t',
  `created_at` datetime DEFAULT CURRENT_TIMESTAMP,
  `updated_at` datetime DEFAULT CURRENT_TIMESTAMP ON UPDATE CURRENT_TIMESTAMP,
  PRIMARY KEY (`requestID`),
  KEY `FK_Request_Employee` (`employeeID`),
  KEY `FK_Request_Approver` (`approverID`),
  KEY `FK_Request_NewShift` (`newShiftID`)
) ENGINE=InnoDB AUTO_INCREMENT=4 DEFAULT CHARSET=utf8mb4 COLLATE=utf8mb4_unicode_ci;

--
-- Äang Äá» dá»Ż liá»u cho báșŁng `shift_change_requests`
--

INSERT INTO `shift_change_requests` (`requestID`, `employeeID`, `date`, `currentShiftID`, `newShiftID`, `reason`, `status`, `approverID`, `created_at`, `updated_at`) VALUES
(1, 9, '2025-12-03', 41, 41, 'Em báș­n viá»c gia ÄĂŹnh buá»i sĂĄng nĂȘn xin Äá»i sang ca chiá»u', 'APPROVED', 9, '2025-12-11 09:54:13', NULL),
(2, 9, '2025-12-03', 41, 36, 'Em báș­n viá»c gia ÄĂŹnh buá»i sĂĄng nĂȘn xin Äá»i sang ca sĂĄng', 'APPROVED', 9, '2025-12-11 09:54:44', NULL),
(3, 20, '2025-12-17', 36, 41, 'test YC gá»­i xin Äá»i ca', 'APPROVED', 9, '2025-12-15 09:05:25', NULL);

-- --------------------------------------------------------

--
-- Cáș„u trĂșc báșŁng cho báșŁng `taxsettings`
--

DROP TABLE IF EXISTS `taxsettings`;
CREATE TABLE IF NOT EXISTS `taxsettings` (
  `SettingID` int NOT NULL AUTO_INCREMENT,
  `SettingKey` varchar(50) COLLATE utf8mb4_unicode_ci NOT NULL,
  `Value` decimal(15,4) NOT NULL,
  `EffectiveDate` date NOT NULL,
  `IsActive` tinyint(1) NOT NULL DEFAULT '1',
  `Description` varchar(255) COLLATE utf8mb4_unicode_ci DEFAULT NULL COMMENT 'MĂŽ táșŁ chi tiáșżt vá» tham sá»',
  PRIMARY KEY (`SettingID`),
  UNIQUE KEY `uk_setting_key_date` (`SettingKey`,`EffectiveDate`)
) ENGINE=MyISAM AUTO_INCREMENT=18 DEFAULT CHARSET=utf8mb4 COLLATE=utf8mb4_unicode_ci;

--
-- Äang Äá» dá»Ż liá»u cho báșŁng `taxsettings`
--

INSERT INTO `taxsettings` (`SettingID`, `SettingKey`, `Value`, `EffectiveDate`, `IsActive`, `Description`) VALUES
(1, 'PERSONAL_DEDUCTION', 11000000.0000, '2024-01-01', 1, 'GiáșŁm trá»« báșŁn thĂąn (VN)'),
(2, 'DEPENDENT_DEDUCTION', 4400000.0000, '2024-01-01', 1, 'GiáșŁm trá»« ngÆ°á»i phá»„ thuá»c (VN)'),
(3, 'BASIC_SALARY_STATE', 2340000.0000, '2024-01-01', 1, 'LÆ°ÆĄng cÆĄ sá» nhĂ  nÆ°á»c'),
(4, 'REGION_MIN_SALARY', 4960000.0000, '2024-01-01', 1, 'LÆ°ÆĄng tá»i thiá»u vĂčng I'),
(5, 'LUNCH_ALLOWANCE_LIMIT', 1000000.0000, '2024-01-01', 1, 'Tiá»n Än ca tá»i Äa khĂŽng chá»u thuáșż TNCN'),
(6, 'INSURANCE_CAP_MULTIPLIER', 20.0000, '2024-01-01', 1, 'Sá» láș§n lÆ°ÆĄng cÆĄ sá» Äá» tĂ­nh tráș§n BHXH/BHYT'),
(7, 'HOURS_PER_WORKDAY', 8.0000, '2024-01-01', 1, 'Sá» giá» lĂ m viá»c chuáș©n trong 1 ngĂ y (dĂčng tĂ­nh overtime)'),
(11, 'BHXH_RATE_EMP', 0.0800, '2025-01-01', 1, 'Tá»· lá» ÄĂłng BHXH cá»§a nhĂąn viĂȘn (8%)'),
(12, 'BHYT_RATE_EMP', 0.0150, '2025-01-01', 1, 'Tá»· lá» ÄĂłng BHYT cá»§a nhĂąn viĂȘn (1.5%)'),
(13, 'BHTN_RATE_EMP', 0.0100, '2025-01-01', 1, 'Tá»· lá» ÄĂłng BHTN cá»§a nhĂąn viĂȘn (1%)'),
(14, 'BHXH_RATE_COMP', 0.1750, '2025-01-01', 1, 'Tá»· lá» ÄĂłng BHXH cá»§a cĂŽng ty (17.5%)'),
(15, 'BHYT_RATE_COMP', 0.0300, '2025-01-01', 1, 'Tá»· lá» ÄĂłng BHYT cá»§a cĂŽng ty (3%)'),
(16, 'BHTN_RATE_COMP', 0.0100, '2025-01-01', 1, 'Tá»· lá» ÄĂłng BHTN cá»§a cĂŽng ty (1%)'),
(17, 'REGION_MIN_SALARY', 5500000.0000, '2026-01-01', 1, 'ÄĂ­nh chĂ­nh: Theo nghá» Äá»nh 123/CP');

-- --------------------------------------------------------

--
-- Cáș„u trĂșc báșŁng cho báșŁng `userpermissions`
--

DROP TABLE IF EXISTS `userpermissions`;
CREATE TABLE IF NOT EXISTS `userpermissions` (
  `userID` int NOT NULL,
  `permissionID` int NOT NULL,
  `activepermission` tinyint(1) DEFAULT '1',
  PRIMARY KEY (`userID`,`permissionID`),
  KEY `permissionID` (`permissionID`)
) ENGINE=InnoDB DEFAULT CHARSET=utf8mb4 COLLATE=utf8mb4_unicode_ci;

--
-- Äang Äá» dá»Ż liá»u cho báșŁng `userpermissions`
--

INSERT INTO `userpermissions` (`userID`, `permissionID`, `activepermission`) VALUES
(4, 29, 0),
(4, 31, 0),
(6, 5, 1),
(6, 10, 1),
(7, 29, 0);

-- --------------------------------------------------------

--
-- Cáș„u trĂșc báșŁng cho báșŁng `users`
--

DROP TABLE IF EXISTS `users`;
CREATE TABLE IF NOT EXISTS `users` (
  `userID` int NOT NULL AUTO_INCREMENT,
  `username` varchar(100) COLLATE utf8mb4_unicode_ci NOT NULL,
  `password` varchar(255) COLLATE utf8mb4_unicode_ci NOT NULL,
  `fullname` varchar(255) COLLATE utf8mb4_unicode_ci NOT NULL,
  `cccd` varchar(20) COLLATE utf8mb4_unicode_ci DEFAULT NULL,
  `email` varchar(255) COLLATE utf8mb4_unicode_ci DEFAULT NULL,
  `phonenumber` varchar(20) COLLATE utf8mb4_unicode_ci DEFAULT NULL,
  `birth` date DEFAULT NULL,
  `gender` enum('MALE','FEMALE') COLLATE utf8mb4_unicode_ci DEFAULT NULL,
  `address` varchar(255) COLLATE utf8mb4_unicode_ci DEFAULT NULL,
  `bankaccount` varchar(50) COLLATE utf8mb4_unicode_ci DEFAULT NULL,
  `bankname` varchar(100) COLLATE utf8mb4_unicode_ci DEFAULT NULL,
  `hiredate` date DEFAULT NULL,
  `status` enum('active','inactive','on_leave') COLLATE utf8mb4_unicode_ci NOT NULL DEFAULT 'active',
  `roleID` int DEFAULT NULL,
  `departmentID` int DEFAULT NULL,
  `skillGrade` int DEFAULT '1',
  `jobtype` varchar(100) COLLATE utf8mb4_unicode_ci NOT NULL DEFAULT 'NORMAL',
  PRIMARY KEY (`userID`),
  UNIQUE KEY `username` (`username`),
  UNIQUE KEY `email` (`email`),
  KEY `roleID` (`roleID`),
  KEY `departmentID` (`departmentID`)
) ENGINE=InnoDB AUTO_INCREMENT=24 DEFAULT CHARSET=utf8mb4 COLLATE=utf8mb4_unicode_ci;

--
-- Äang Äá» dá»Ż liá»u cho báșŁng `users`
--

INSERT INTO `users` (`userID`, `username`, `password`, `fullname`, `cccd`, `email`, `phonenumber`, `birth`, `gender`, `address`, `bankaccount`, `bankname`, `hiredate`, `status`, `roleID`, `departmentID`, `skillGrade`, `jobtype`) VALUES
(1, 'admin', '$2a$10$2sQzJxjvMcMeSNOSsysqjOQZzWIpwvHKIdwdeZ.EqQDM6QKcufj0q', 'PháșĄm Minh Anh', '12345678987', 'admin@manaplastic.com', '0123456789', NULL, 'MALE', '123 Cao Lá» ', NULL, NULL, '2023-01-01', 'active', 1, 2, 3, 'NORMAL'),
(2, 'it_support', '$2a$10$skyfJgN4n.Z2GMTP7GLnneUFL4cSm1DWoJdSsYGvF06flQTGz1GBC', 'LĂȘ Há» Trá»Ł IT', NULL, 'it.support@manaplastic.com', NULL, NULL, 'MALE', NULL, NULL, NULL, '2023-05-10', 'active', 1, 2, 3, 'NORMAL'),
(3, 'hr_manager', '$2a$10$yVs4Kv0e36Kcb8wesofM3enjSu/Kicj5TFJm6YavsG5TDd2kLtsqy', 'Nguyá»n Thá» NhĂąn Sá»±', '012345678906', 'hr.manager@manaplastic.com', '0123456789', '2006-03-02', 'FEMALE', '123 Cao Lá»', '1028123123', 'vietcombank', '2023-02-15', 'active', 2, 1, 1, 'NORMAL'),
(4, 'hr_staff', '$2a$10$wnTMZHPSgAkKLfwNCY3cE.ufDKVPHrdWvaJ5oL.o0dKj7kxBMJNXG', 'PháșĄm VÄn Tuyá»n Dá»„ng', NULL, 'hr.staff@manaplastic.com', NULL, NULL, 'MALE', NULL, NULL, NULL, '2023-08-01', 'active', 2, 1, 1, 'NORMAL'),
(5, 'kythuat_lead', '$2a$10$QP/JCd6cnNgRkFr3BYzbKOSRMIbdI6Y1fE6D.w.p1xfbvQV9y5UJe', 'VĂ” VÄn Ká»č Thuáș­t', NULL, 'kythuat.lead@manaplastic.com', NULL, NULL, 'FEMALE', NULL, NULL, NULL, '2023-03-01', 'active', 3, 3, 3, 'NORMAL'),
(6, 'kythuat_staff', '$2a$10$TXgpVb3lT7f/1YQxy2i/he2wiepriI6XqcPO2WcxG2xBLt0V9T8HO', 'HoĂ ng Thá» MĂĄy MĂłc', '012345678911', 'kythuat.staff@manaplastic.com', '0123456789', NULL, 'MALE', NULL, NULL, NULL, '2023-09-10', 'active', 4, 3, 1, 'NORMAL'),
(7, 'sanxuat_lead', '$2a$10$4b25FwYYUWVDgrItKmyyJ.ntqK6S6SJFqLHabuDL.xsoP/yScAov.', 'Trá»nh Há»Żu SáșŁn Xuáș„t', '01234568900', 'sanxuat.lead@manaplastic.com', NULL, NULL, 'MALE', NULL, NULL, NULL, '2023-03-02', 'active', 3, 4, 3, 'NORMAL'),
(8, 'sanxuat_staff', '$2a$10$TxHjoxC0uVKLIDznDhNWmuF73p7LTpVr1Lf1uGdn1lw2lo8gR0ApS', 'Äáș·ng VÄn Váș­n HĂ nh', '09876543211', 'sanxuat.staff@manaplastic.com', NULL, NULL, 'FEMALE', NULL, NULL, NULL, '2023-09-15', 'active', 4, 4, 1, 'NORMAL'),
(9, 'inan_lead', '$2a$10$6v5RYvb1wRZZ333NkxGDLuVRAgXeG0xHcfsxiBQHV0tXRpvai2yYS', 'BĂči VÄn Má»±c', '123456789876', 'inan.lead@manaplastic.com', NULL, NULL, 'FEMALE', '123 Cao Lá»', NULL, 'Vietcombankkkkkkkkkk', '2023-04-01', 'active', 3, 5, 3, 'NORMAL'),
(10, 'inan_staff', '$2a$10$JN0oA3nYZmxvy4FXcXyMHuTBXs4xWWzcoFkXTgSbwgoqyHGmEG3Pm', 'LĂœ Thá» In', '098765432111', 'inan.staff@manaplastic.com', NULL, NULL, 'MALE', NULL, NULL, NULL, '2023-10-01', 'active', 4, 5, 1, 'DANGER'),
(11, 'cskh_lead', '$2a$10$bm/qxbS1udqc01zrB/p/HuNdfz1kH9oFBVpfuLoTaGFLZKEuysMF.', 'Äá» Thá» KhĂĄch HĂ ng', NULL, 'cskh.lead@manaplastic.com', NULL, NULL, 'MALE', NULL, NULL, NULL, '2023-05-01', 'active', 3, 6, 3, 'NORMAL'),
(12, 'cskh_staff', '$2a$10$tHV/qqOG68rkmYyYL82LIe5v1hnm.lzY.SlZclzOZoV6j13l6LtD.', 'MáșĄc VÄn HĂ i LĂČng', NULL, 'cskh.staff@manaplastic.com', NULL, NULL, 'FEMALE', NULL, NULL, NULL, '2023-11-01', 'active', 4, 6, 1, 'NORMAL'),
(13, '57540101', '$2a$10$xPIdXJigdb91ZNCAFFtTu.4RLJpIYAaQGJ70VlaE2wSblfQznOlDi', 'PháșĄm Minh Anh HR', '123456789876', NULL, NULL, NULL, 'FEMALE', NULL, NULL, NULL, '2024-04-28', 'active', 2, 1, 3, 'NORMAL'),
(14, '52082901', '$2a$10$jeaJPcpV3IQMoxGHBLw2teRExwzuD0ZB9ubxat7yzrqgAgfWn.CvS', 'testAddAccountHR', '79203031165', NULL, NULL, NULL, 'MALE', NULL, NULL, NULL, '2023-02-09', 'active', 2, 1, 3, 'NORMAL'),
(15, '71939801', '$2a$10$U0qh1Bel43Hp2K6CbsOCXefQQRgRqPJMU5Sah3eIflWTGeSkZlrPG', 'testAddAccountNV', '79203031168', 'test@gmail.com', NULL, NULL, 'FEMALE', NULL, NULL, NULL, '2023-02-23', 'active', 4, 5, 3, 'NORMAL'),
(16, '83637905', '$2a$10$IHOeCVrioPATwf9X9s3wh.zNbCKAEHubkZxk8uPfqEWrmUb8mJCGm', 'PháșĄm NhĂąn ViĂȘn', '12345678922', NULL, '0123456789', NULL, 'FEMALE', NULL, NULL, NULL, '2024-10-13', 'active', 4, 5, 2, 'NORMAL'),
(17, '72001905', '$2a$10$eQmfti7ZY3a5TXk4xqfSaOc25bW6d1.bScjcFq5pabC7b6D5WTtSK', 'testAddAccountNVinan', '123456789000', NULL, NULL, NULL, 'FEMALE', NULL, NULL, NULL, '2023-08-03', 'active', 4, 5, 1, 'NORMAL'),
(18, '56885905', '$2a$10$4WtXYERXuVRu89Fh1KVm4uc0PuMsuHbwMg7/32dl9/qbrsFZvin3m', 'testAddAccountNVinan', '12345678900', 'pminhanh1106@gmail.com', NULL, NULL, 'FEMALE', NULL, NULL, NULL, '2024-02-17', 'active', 4, 5, 2, 'NORMAL'),
(19, '79753710', '$2a$10$vHtQqmnZ0POJYFnxD42L4O./uv5SHW5viV3DZdBCXAa8vpYdD1MQG', 'PháșĄm Minh Anh Test Pass', '12345678922', 'phamminhanh11623@gmail.com', '0395168006', '2003-06-11', 'MALE', NULL, '1023765488', NULL, '2024-11-27', 'active', 2, 1, 1, 'NORMAL'),
(20, '000020', '$2a$10$gFUhtqQKDR2Lxwp71TlleONgBBbuc7ND.rIf/lhNhksN1lfEEJrbS', 'testAddAccountNVinan logic má»i', '012345678900', NULL, NULL, NULL, 'FEMALE', NULL, NULL, NULL, '2025-11-15', 'active', 4, 5, 1, 'NORMAL'),
(21, '000021', '$2a$10$hbZy3M1bMaLduAoQQ5g0eOEpoo6CtNZp5P1zi3GofCnBbMNlJnSjO', 'PháșĄm Minh Anh Ká»č Thuáș­t', '012345678900', 'darkpic1106@gmail.com', '0395168006', '2003-06-11', 'MALE', '123 Cao Lá»', '1028792003', 'Vietcombank', '2025-11-28', 'active', 3, 3, 1, 'NORMAL'),
(22, '000022', '$2a$10$u2IyQxrWOZ.Y6oRGTVEnBu.NieT5QReL9OBod7Jz2hRPfqoEAb/Ou', 'PháșĄm Minh Anh NhĂąn Sá»±', '012345678900', NULL, NULL, NULL, 'MALE', NULL, NULL, NULL, '2025-12-10', 'active', 2, 1, 1, 'NORMAL'),
(23, '000023', '$2a$10$KqJl/D63wJh4Qsd4eKbIM.H.NKNk13jQGHctYQyGUOXnTPs3rlXE.', 'PháșĄm Minh Anh SáșŁn Xuáș„t', '012345678900', NULL, NULL, NULL, 'MALE', NULL, NULL, NULL, '2025-12-10', 'active', 4, 4, 1, 'NORMAL');

-- --------------------------------------------------------

--
-- Cáș„u trĂșc ÄĂłng vai cho view `v_employee_profile_flat`
-- (See below for the actual view)
--
DROP VIEW IF EXISTS `v_employee_profile_flat`;
CREATE TABLE IF NOT EXISTS `v_employee_profile_flat` (
`AGE` bigint
,`BASE_SALARY` decimal(15,2)
,`CONTRACT_TYPE` varchar(100)
,`DEPENDENT_COUNT` bigint
,`DEPT_NAME` varchar(255)
,`GENDER` enum('MALE','FEMALE')
,`INSURANCE_BASE` decimal(15,2)
,`IS_OFFICE` bit(1)
,`JOB_TYPE` varchar(100)
,`ROLE_NAME` varchar(100)
,`SENIORITY_DAYS` int
,`SENIORITY_MONTHS` bigint
,`SKILL_GRADE` int
,`TOXIC_TYPE` enum('NONE','CASH','IN_KIND')
,`userID` int
);

-- --------------------------------------------------------

--
-- Cáș„u trĂșc cho view `v_employee_profile_flat`
--
DROP TABLE IF EXISTS `v_employee_profile_flat`;

DROP VIEW IF EXISTS `v_employee_profile_flat`;
CREATE ALGORITHM=UNDEFINED DEFINER=`root`@`localhost` SQL SECURITY DEFINER VIEW `v_employee_profile_flat`  AS SELECT `u`.`userID` AS `userID`, `u`.`gender` AS `GENDER`, `u`.`jobtype` AS `JOB_TYPE`, `u`.`skillGrade` AS `SKILL_GRADE`, timestampdiff(YEAR,`u`.`birth`,curdate()) AS `AGE`, (to_days(curdate()) - to_days(`u`.`hiredate`)) AS `SENIORITY_DAYS`, timestampdiff(MONTH,`u`.`hiredate`,curdate()) AS `SENIORITY_MONTHS`, `c`.`basesalary` AS `BASE_SALARY`, `c`.`type` AS `CONTRACT_TYPE`, `c`.`AllowanceToxicType` AS `TOXIC_TYPE`, `c`.`InsuranceSalary` AS `INSURANCE_BASE`, `d`.`departmentname` AS `DEPT_NAME`, `d`.`isoffice` AS `IS_OFFICE`, `r`.`rolename` AS `ROLE_NAME`, (select count(0) from `dependents` `dep` where ((`dep`.`userID` = `u`.`userID`) and (`dep`.`istaxdeductible` = 1))) AS `DEPENDENT_COUNT` FROM (((`users` `u` left join `contracts` `c` on(((`u`.`userID` = `c`.`userID`) and (`c`.`Status` = 'ACTIVE')))) left join `departments` `d` on((`u`.`departmentID` = `d`.`departmentID`))) left join `roles` `r` on((`u`.`roleID` = `r`.`roleID`))) ;

--
-- CĂĄc rĂ ng buá»c cho cĂĄc báșŁng ÄĂŁ Äá»
--

--
-- CĂĄc rĂ ng buá»c cho báșŁng `activitylogs`
--
ALTER TABLE `activitylogs`
  ADD CONSTRAINT `activitylogs_ibfk_1` FOREIGN KEY (`userID`) REFERENCES `users` (`userID`) ON DELETE SET NULL ON UPDATE CASCADE;

--
-- CĂĄc rĂ ng buá»c cho báșŁng `attendancelogs`
--
ALTER TABLE `attendancelogs`
  ADD CONSTRAINT `attendancelogs_ibfk_1` FOREIGN KEY (`userID`) REFERENCES `users` (`userID`) ON DELETE SET NULL ON UPDATE CASCADE;

--
-- CĂĄc rĂ ng buá»c cho báșŁng `attendances`
--
ALTER TABLE `attendances`
  ADD CONSTRAINT `attendances_ibfk_1` FOREIGN KEY (`shiftID`) REFERENCES `shifts` (`shiftID`) ON UPDATE CASCADE,
  ADD CONSTRAINT `attendances_ibfk_2` FOREIGN KEY (`userID`) REFERENCES `users` (`userID`) ON DELETE CASCADE ON UPDATE CASCADE,
  ADD CONSTRAINT `FK_Attendance_CheckInLog` FOREIGN KEY (`checkInLogID`) REFERENCES `attendancelogs` (`attendanceLogID`) ON DELETE SET NULL ON UPDATE CASCADE,
  ADD CONSTRAINT `FK_Attendance_CheckOutLog` FOREIGN KEY (`checkOutLogID`) REFERENCES `attendancelogs` (`attendanceLogID`) ON DELETE SET NULL ON UPDATE CASCADE;

--
-- CĂĄc rĂ ng buá»c cho báșŁng `contractallowances`
--
ALTER TABLE `contractallowances`
  ADD CONSTRAINT `FK_Allowance_Contract` FOREIGN KEY (`ContractID`) REFERENCES `contracts` (`contractID`) ON DELETE CASCADE ON UPDATE CASCADE;

--
-- CĂĄc rĂ ng buá»c cho báșŁng `contracts`
--
ALTER TABLE `contracts`
  ADD CONSTRAINT `contracts_ibfk_1` FOREIGN KEY (`userID`) REFERENCES `users` (`userID`) ON DELETE CASCADE ON UPDATE CASCADE;

--
-- CĂĄc rĂ ng buá»c cho báșŁng `departments`
--
ALTER TABLE `departments`
  ADD CONSTRAINT `FK_Department_Manager` FOREIGN KEY (`managerID`) REFERENCES `users` (`userID`) ON DELETE SET NULL ON UPDATE CASCADE;

--
-- CĂĄc rĂ ng buá»c cho báșŁng `dependents`
--
ALTER TABLE `dependents`
  ADD CONSTRAINT `FK_dependent_User` FOREIGN KEY (`userID`) REFERENCES `users` (`userID`) ON DELETE CASCADE ON UPDATE CASCADE;

--
-- CĂĄc rĂ ng buá»c cho báșŁng `employeedraftschedule`
--
ALTER TABLE `employeedraftschedule`
  ADD CONSTRAINT `FK_preferences_shift` FOREIGN KEY (`shiftID`) REFERENCES `shifts` (`shiftID`) ON DELETE SET NULL ON UPDATE CASCADE,
  ADD CONSTRAINT `FK_preferences_user` FOREIGN KEY (`employeeID`) REFERENCES `users` (`userID`) ON DELETE CASCADE ON UPDATE CASCADE;

--
-- CĂĄc rĂ ng buá»c cho báșŁng `employeeofficialschedule`
--
ALTER TABLE `employeeofficialschedule`
  ADD CONSTRAINT `FK_schedule_manager` FOREIGN KEY (`approvedbymanagerID`) REFERENCES `users` (`userID`) ON DELETE SET NULL ON UPDATE CASCADE,
  ADD CONSTRAINT `FK_schedule_shift` FOREIGN KEY (`shiftID`) REFERENCES `shifts` (`shiftID`) ON DELETE SET NULL ON UPDATE CASCADE,
  ADD CONSTRAINT `FK_schedule_user` FOREIGN KEY (`employeeID`) REFERENCES `users` (`userID`) ON DELETE CASCADE ON UPDATE CASCADE;

--
-- CĂĄc rĂ ng buá»c cho báșŁng `leavebalance`
--
ALTER TABLE `leavebalance`
  ADD CONSTRAINT `FK_leavebalance_Shift` FOREIGN KEY (`leavetypeid`) REFERENCES `shifts` (`shiftID`) ON DELETE CASCADE ON UPDATE CASCADE,
  ADD CONSTRAINT `FK_leavebalance_User` FOREIGN KEY (`userID`) REFERENCES `users` (`userID`) ON DELETE CASCADE ON UPDATE CASCADE;

--
-- CĂĄc rĂ ng buá»c cho báșŁng `leavepolicy`
--
ALTER TABLE `leavepolicy`
  ADD CONSTRAINT `FK_Policy_Shift` FOREIGN KEY (`leavetypeid`) REFERENCES `shifts` (`shiftID`) ON DELETE CASCADE ON UPDATE CASCADE;

--
-- CĂĄc rĂ ng buá»c cho báșŁng `leaverequests`
--
ALTER TABLE `leaverequests`
  ADD CONSTRAINT `FK_Request_Shift` FOREIGN KEY (`shiftID`) REFERENCES `shifts` (`shiftID`) ON DELETE SET NULL ON UPDATE CASCADE,
  ADD CONSTRAINT `leaverequests_ibfk_1` FOREIGN KEY (`userID`) REFERENCES `users` (`userID`) ON DELETE CASCADE ON UPDATE CASCADE;

--
-- CĂĄc rĂ ng buá»c cho báșŁng `overtime`
--
ALTER TABLE `overtime`
  ADD CONSTRAINT `fk_overtime_type` FOREIGN KEY (`overtimetypeid`) REFERENCES `overtimetypes` (`OvertimeTypeID`),
  ADD CONSTRAINT `fk_overtime_users` FOREIGN KEY (`userid`) REFERENCES `users` (`userID`);

--
-- CĂĄc rĂ ng buá»c cho báșŁng `payrolls`
--
ALTER TABLE `payrolls`
  ADD CONSTRAINT `payrolls_ibfk_1` FOREIGN KEY (`userID`) REFERENCES `users` (`userID`) ON DELETE CASCADE ON UPDATE CASCADE;

--
-- CĂĄc rĂ ng buá»c cho báșŁng `requirementrules`
--
ALTER TABLE `requirementrules`
  ADD CONSTRAINT `FK_rule_req` FOREIGN KEY (`requirementID`) REFERENCES `schedulerequirements` (`requirementID`) ON DELETE CASCADE ON UPDATE CASCADE;

--
-- CĂĄc rĂ ng buá»c cho báșŁng `rewardpunishmentdecisions`
--
ALTER TABLE `rewardpunishmentdecisions`
  ADD CONSTRAINT `FK_Decision_User` FOREIGN KEY (`UserID`) REFERENCES `users` (`userID`) ON DELETE CASCADE ON UPDATE CASCADE;

--
-- CĂĄc rĂ ng buá»c cho báșŁng `rolespermissions`
--
ALTER TABLE `rolespermissions`
  ADD CONSTRAINT `rolespermissions_ibfk_1` FOREIGN KEY (`roleID`) REFERENCES `roles` (`roleID`) ON DELETE CASCADE ON UPDATE CASCADE,
  ADD CONSTRAINT `rolespermissions_ibfk_2` FOREIGN KEY (`permissionID`) REFERENCES `permissions` (`permissionID`) ON DELETE CASCADE ON UPDATE CASCADE;

--
-- CĂĄc rĂ ng buá»c cho báșŁng `salaryvariables`
--
ALTER TABLE `salaryvariables`
  ADD CONSTRAINT `fk_salaryvariables_rule_fix` FOREIGN KEY (`rule_id`) REFERENCES `salary_rule` (`rule_id`);

--
-- CĂĄc rĂ ng buá»c cho báșŁng `salary_rule_version`
--
ALTER TABLE `salary_rule_version`
  ADD CONSTRAINT `FK_RuleVersion_Rule` FOREIGN KEY (`rule_id`) REFERENCES `salary_rule` (`rule_id`) ON DELETE CASCADE ON UPDATE CASCADE;

--
-- CĂĄc rĂ ng buá»c cho báșŁng `salary_variable_cache`
--
ALTER TABLE `salary_variable_cache`
  ADD CONSTRAINT `FK_Cache_Employee` FOREIGN KEY (`employee_id`) REFERENCES `users` (`userID`) ON DELETE CASCADE ON UPDATE CASCADE,
  ADD CONSTRAINT `FK_Cache_Rule` FOREIGN KEY (`rule_id`) REFERENCES `salary_rule` (`rule_id`) ON DELETE CASCADE ON UPDATE CASCADE,
  ADD CONSTRAINT `FK_Cache_Variable` FOREIGN KEY (`variable_id`) REFERENCES `salaryvariables` (`VariableID`) ON DELETE CASCADE ON UPDATE CASCADE;

--
-- CĂĄc rĂ ng buá»c cho báșŁng `schedulerequirements`
--
ALTER TABLE `schedulerequirements`
  ADD CONSTRAINT `FK_schedule_req_dept` FOREIGN KEY (`departmentID`) REFERENCES `departments` (`departmentID`) ON DELETE CASCADE ON UPDATE CASCADE,
  ADD CONSTRAINT `FK_schedule_req_shift` FOREIGN KEY (`shiftID`) REFERENCES `shifts` (`shiftID`) ON DELETE CASCADE ON UPDATE CASCADE;

--
-- CĂĄc rĂ ng buá»c cho báșŁng `shift_change_requests`
--
ALTER TABLE `shift_change_requests`
  ADD CONSTRAINT `FK_Request_Approver` FOREIGN KEY (`approverID`) REFERENCES `users` (`userID`) ON DELETE SET NULL,
  ADD CONSTRAINT `FK_Request_Employee` FOREIGN KEY (`employeeID`) REFERENCES `users` (`userID`) ON DELETE CASCADE,
  ADD CONSTRAINT `FK_Request_NewShift` FOREIGN KEY (`newShiftID`) REFERENCES `shifts` (`shiftID`) ON DELETE SET NULL;

--
-- CĂĄc rĂ ng buá»c cho báșŁng `userpermissions`
--
ALTER TABLE `userpermissions`
  ADD CONSTRAINT `userpermissions_ibfk_1` FOREIGN KEY (`userID`) REFERENCES `users` (`userID`) ON DELETE CASCADE ON UPDATE CASCADE,
  ADD CONSTRAINT `userpermissions_ibfk_2` FOREIGN KEY (`permissionID`) REFERENCES `permissions` (`permissionID`) ON DELETE CASCADE ON UPDATE CASCADE;

--
-- CĂĄc rĂ ng buá»c cho báșŁng `users`
--
ALTER TABLE `users`
  ADD CONSTRAINT `users_ibfk_1` FOREIGN KEY (`roleID`) REFERENCES `roles` (`roleID`) ON UPDATE CASCADE,
  ADD CONSTRAINT `users_ibfk_2` FOREIGN KEY (`departmentID`) REFERENCES `departments` (`departmentID`) ON UPDATE CASCADE;
COMMIT;

/*!40101 SET CHARACTER_SET_CLIENT=@OLD_CHARACTER_SET_CLIENT */;
/*!40101 SET CHARACTER_SET_RESULTS=@OLD_CHARACTER_SET_RESULTS */;
/*!40101 SET COLLATION_CONNECTION=@OLD_COLLATION_CONNECTION */;
