-- phpMyAdmin SQL Dump
-- version 5.2.1
-- https://www.phpmyadmin.net/
--
-- MĂĄy chá»§: 127.0.0.1:3306
-- Thá»i gian ÄĂŁ táșĄo: Th1 07, 2026 lĂșc 10:42 PM
-- PhiĂȘn báșŁn mĂĄy phá»„c vá»„: 8.2.0
-- PhiĂȘn báșŁn PHP: 8.2.13

SET SQL_MODE = "NO_AUTO_VALUE_ON_ZERO";
START TRANSACTION;
SET time_zone = "+00:00";


/*!40101 SET @OLD_CHARACTER_SET_CLIENT=@@CHARACTER_SET_CLIENT */;
/*!40101 SET @OLD_CHARACTER_SET_RESULTS=@@CHARACTER_SET_RESULTS */;
/*!40101 SET @OLD_COLLATION_CONNECTION=@@COLLATION_CONNECTION */;
/*!40101 SET NAMES utf8mb4 */;

--
-- CÆĄ sá» dá»Ż liá»u: `manaplastic_hr`
--

-- --------------------------------------------------------

--
-- Cáș„u trĂșc báșŁng cho báșŁng `activitylogs`
--

DROP TABLE IF EXISTS `activitylogs`;
CREATE TABLE IF NOT EXISTS `activitylogs` (
  `logID` int NOT NULL AUTO_INCREMENT,
  `action` varchar(255) COLLATE utf8mb4_unicode_ci NOT NULL,
  `logType` enum('INFO','WARNING','ERROR','DANGER') CHARACTER SET utf8mb4 COLLATE utf8mb4_unicode_ci DEFAULT 'INFO',
  `details` text CHARACTER SET utf8mb4 COLLATE utf8mb4_unicode_ci,
  `actiontime` datetime DEFAULT CURRENT_TIMESTAMP,
  `username` varchar(50) COLLATE utf8mb4_unicode_ci DEFAULT NULL,
  `userID` int DEFAULT NULL,
  PRIMARY KEY (`logID`),
  KEY `userID` (`userID`)
) ENGINE=InnoDB AUTO_INCREMENT=94 DEFAULT CHARSET=utf8mb4 COLLATE=utf8mb4_unicode_ci;

--
-- Äang Äá» dá»Ż liá»u cho báșŁng `activitylogs`
--

INSERT INTO `activitylogs` (`logID`, `action`, `logType`, `details`, `actiontime`, `username`, `userID`) VALUES
(1, 'CREATE_LEAVE_POLICY', 'INFO', 'Desc: ThĂȘm má»i chĂ­nh sĂĄch nghá» phĂ©p | Data: {\"headers\":{},\"body\":{\"gendertarget\":null,\"id\":17,\"days\":15,\"description\":\"NhĂąn viĂȘn thĂąm niĂȘn trĂȘn 20 nÄm\",\"leavetype\":\"ANNUAL\",\"minyearsservice\":20,\"maxyearsservice\":null,\"jobtype\":null,\"leavetypeid\":{\"id\":53,\"shiftname\":\"AL (Anually Leave)\",\"starttime\":\"00:00:00\",\"endtime\":\"00:00:00\",\"durationHours\":0,\"shiftnameAsEnum\":\"ANNUAL\"}},\"statusCode\":\"OK\",\"statusCodeValue\":200}', '2025-12-20 14:21:53', '000022', NULL),
(2, 'UPDATE_ACCOUNT', 'INFO', 'Desc: Sá»­a thĂŽng tin tĂ i khoáșŁn | Data: {\"headers\":{},\"body\":\"Cáș­p nháș­t tĂ i khoáșŁn thĂ nh cĂŽng!\",\"statusCode\":\"OK\",\"statusCodeValue\":200}', '2025-12-22 01:00:10', 'hr_manager', 3),
(3, 'UPDATE_ROLE_PERMISSION', 'WARNING', 'Desc: Má» quyá»n/NgÄn cháș·n kháș©n cáș„p quyá»n máș·c Äinh cá»§a role | Data: {\"headers\":{},\"body\":\"Cáș­p nháș­t quyá»n cho Role thĂ nh cĂŽng!\",\"statusCode\":\"OK\",\"statusCodeValue\":200}', '2025-12-22 01:26:39', 'admin', 1),
(4, 'UPDATE_OVERTIME_TYPE', 'WARNING', 'Desc: Sá»­a chĂ­nh sĂĄch loáșĄi tÄng ca | Data: {\"headers\":{},\"body\":{\"id\":7,\"otCode\":\"OT_NIGHT_HOLIDAY\",\"otName\":\"TÄng ca ÄĂȘm Lá» Táșżt (390%)\",\"rate\":3.8,\"isTaxExemptPart\":true,\"calculationType\":\"MULTIPLIER\",\"taxExemptFormula\":\"EXCESS_ONLY\",\"taxExemptPercentage\":0,\"description\":\"LĂ m thĂȘm giá» vĂ o ban ÄĂȘm ngĂ y Lá»/Táșżt\"},\"statusCode\":\"OK\",\"statusCodeValue\":200}', '2025-12-22 01:27:19', 'admin', 1),
(5, 'ADD_ACCOUNT_PERMISSION', 'INFO', 'Desc: Cáș„p / Cháș·n quyá»n cá»§a tĂ i khoáșŁn | Data: {\"headers\":{},\"body\":\"ÄĂŁ CHáș¶N (Blacklist) quyá»n thĂ nh cĂŽng cho user.\",\"statusCode\":\"OK\",\"statusCodeValue\":200}', '2025-12-22 01:32:10', 'admin', 1),
(6, 'ADD_ACCOUNT_PERMISSION', 'INFO', 'Desc: Cáș„p / Cháș·n quyá»n cá»§a tĂ i khoáșŁn | Data: {\"headers\":{},\"body\":\"ÄĂŁ Cáș€P (Whitelist) quyá»n thĂ nh cĂŽng cho user.\",\"statusCode\":\"OK\",\"statusCodeValue\":200}', '2025-12-22 01:32:22', 'admin', 1),
(7, 'RESET_ACCOUNT_PERMISSION', 'DANGER', 'Desc: TráșŁ vá» quyá»n máș·c Äá»nh cá»§a tĂ i khoáșŁn | Data: {\"headers\":{},\"body\":\"ÄĂŁ reset quyá»n (ID: 1) cá»§a user [000021] vá» máș·c Äá»nh.\",\"statusCode\":\"OK\",\"statusCodeValue\":200}', '2025-12-22 01:32:27', 'admin', 1),
(8, 'UPDATE_ROLE_PERMISSION', 'WARNING', 'Desc: Má» quyá»n/NgÄn cháș·n kháș©n cáș„p quyá»n máș·c Äinh cá»§a role | Data: {\"headers\":{},\"body\":\"Cáș­p nháș­t quyá»n cho Role thĂ nh cĂŽng!\",\"statusCode\":\"OK\",\"statusCodeValue\":200}', '2025-12-23 22:47:26', 'admin', 1),
(9, 'UPDATE_ROLE_PERMISSION', 'WARNING', 'Desc: Má» quyá»n/NgÄn cháș·n kháș©n cáș„p quyá»n máș·c Äinh cá»§a role | Data: {\"headers\":{},\"body\":\"Cáș­p nháș­t quyá»n cho Role thĂ nh cĂŽng!\",\"statusCode\":\"OK\",\"statusCodeValue\":200}', '2025-12-23 22:47:31', 'admin', 1),
(10, 'UPDATE_ROLE_PERMISSION', 'WARNING', 'Desc: Má» quyá»n/NgÄn cháș·n kháș©n cáș„p quyá»n máș·c Äinh cá»§a role | Data: {\"headers\":{},\"body\":\"Cáș­p nháș­t quyá»n cho Role thĂ nh cĂŽng!\",\"statusCode\":\"OK\",\"statusCodeValue\":200}', '2025-12-23 22:48:48', 'admin', 1),
(11, 'CREATE_ATTENDANCE_REQ', 'INFO', 'Desc: Gá»­i yĂȘu cáș§u bá» sung cĂŽng | Data: {\"headers\":{},\"body\":\"Gá»­i yĂȘu cáș§u thĂ nh cĂŽng! Vui lĂČng chá» quáșŁn lĂœ duyá»t.\",\"statusCode\":\"OK\",\"statusCodeValue\":200}', '2025-12-23 23:55:16', '000020', 20),
(12, 'APPROVE_ATTENDANCE_REQ', 'WARNING', 'Desc: Duyá»t yĂȘu cáș§u cĂŽng | Data: {\"headers\":{},\"body\":\"ÄĂŁ duyá»t yĂȘu cáș§u vĂ  cáș­p nháș­t dá»Ż liá»u cháș„m cĂŽng thĂ nh cĂŽng.\",\"statusCodeValue\":200,\"statusCode\":\"OK\"}', '2025-12-24 00:11:52', '000022', 22),
(13, 'CREATE_ATTENDANCE_REQ', 'INFO', 'Desc: Gá»­i yĂȘu cáș§u bá» sung cĂŽng | Data: {\"headers\":{},\"body\":\"Gá»­i yĂȘu cáș§u thĂ nh cĂŽng! Vui lĂČng chá» quáșŁn lĂœ duyá»t.\",\"statusCode\":\"OK\",\"statusCodeValue\":200}', '2025-12-27 15:21:15', '000022', 22),
(14, 'UPDATE_ACCOUNT', 'INFO', 'Desc: Sá»­a thĂŽng tin tĂ i khoáșŁn | Data: {\"headers\":{},\"body\":\"Cáș­p nháș­t tĂ i khoáșŁn thĂ nh cĂŽng!\",\"statusCode\":\"OK\",\"statusCodeValue\":200}', '2025-12-29 22:58:15', 'admin', 1),
(15, 'UPDATE_ROLE_PERMISSION', 'WARNING', 'Desc: Má» quyá»n/NgÄn cháș·n kháș©n cáș„p quyá»n máș·c Äinh cá»§a role | Data: {\"headers\":{},\"body\":\"Cáș­p nháș­t quyá»n cho Role thĂ nh cĂŽng!\",\"statusCode\":\"OK\",\"statusCodeValue\":200}', '2025-12-29 23:00:14', 'admin', 1),
(16, 'PAYROLL_CALCULATE', 'INFO', 'Desc: CháșĄy tĂ­nh lÆ°ÆĄng | Data: {\"headers\":{},\"body\":\"ÄĂŁ hoĂ n thĂ nh tĂ­nh lÆ°ÆĄng. ThĂ nh cĂŽng: 23/23\",\"statusCode\":\"OK\",\"statusCodeValue\":200}', '2025-12-30 00:23:22', 'hr_manager', 3),
(17, 'UPDATE_TAX_SETTING', 'WARNING', 'Desc: Cáș­p nháș­t chĂ­nh sĂĄch thuáșż | Data: {\"headers\":{},\"body\":{\"id\":2,\"settingKey\":\"DEPENDENT_DEDUCTION\",\"value\":4500000,\"effectiveDate\":\"2024-01-01\",\"isActive\":true,\"description\":\"GiáșŁm trá»« ngÆ°á»i phá»„ thuá»c (VN)\"},\"statusCode\":\"OK\",\"statusCodeValue\":200}', '2025-12-30 00:26:45', 'hr_manager', 3),
(18, 'PAYROLL_CALCULATE', 'INFO', 'Desc: CháșĄy tĂ­nh lÆ°ÆĄng | Data: {\"headers\":{},\"body\":\"ÄĂŁ hoĂ n thĂ nh tĂ­nh lÆ°ÆĄng. ThĂ nh cĂŽng: 23/23\",\"statusCode\":\"OK\",\"statusCodeValue\":200}', '2025-12-30 00:26:54', 'hr_manager', 3),
(19, 'UPDATE_TAX_SETTING', 'WARNING', 'Desc: Cáș­p nháș­t chĂ­nh sĂĄch thuáșż | Data: {\"headers\":{},\"body\":{\"id\":6,\"settingKey\":\"INSURANCE_CAP_MULTIPLIER\",\"value\":0.2,\"effectiveDate\":\"2024-01-01\",\"isActive\":true,\"description\":\"Sá» láș§n lÆ°ÆĄng cÆĄ sá» Äá» tĂ­nh tráș§n BHXH/BHYT\"},\"statusCode\":\"OK\",\"statusCodeValue\":200}', '2025-12-30 00:29:09', 'hr_manager', 3),
(20, 'UPDATE_TAX_SETTING', 'WARNING', 'Desc: Cáș­p nháș­t chĂ­nh sĂĄch thuáșż | Data: {\"headers\":{},\"body\":{\"id\":6,\"settingKey\":\"INSURANCE_CAP_MULTIPLIER\",\"value\":20,\"effectiveDate\":\"2024-01-01\",\"isActive\":true,\"description\":\"Sá» láș§n lÆ°ÆĄng cÆĄ sá» Äá» tĂ­nh tráș§n BHXH/BHYT\"},\"statusCode\":\"OK\",\"statusCodeValue\":200}', '2025-12-30 00:29:23', 'hr_manager', 3),
(21, 'CREATE_RULE_SALARY', 'INFO', 'Desc: ThĂȘm má»i cĂŽng thá»©c tĂ­nh lÆ°ÆĄng | Data: {\"headers\":{},\"body\":\"LÆ°u cĂŽng thá»©c thĂ nh cĂŽng!\",\"statusCode\":\"OK\",\"statusCodeValue\":200}', '2025-12-30 00:32:20', 'hr_manager', 3),
(22, 'CREATE_RULE_SALARY', 'INFO', 'Desc: ThĂȘm má»i cĂŽng thá»©c tĂ­nh lÆ°ÆĄng | Data: {\"headers\":{},\"body\":\"LÆ°u cĂŽng thá»©c thĂ nh cĂŽng!\",\"statusCode\":\"OK\",\"statusCodeValue\":200}', '2025-12-30 00:32:42', 'hr_manager', 3),
(23, 'CREATE_RULE_SALARY', 'INFO', 'Desc: ThĂȘm má»i cĂŽng thá»©c tĂ­nh lÆ°ÆĄng | Data: {\"headers\":{},\"body\":\"LÆ°u cĂŽng thá»©c thĂ nh cĂŽng!\",\"statusCode\":\"OK\",\"statusCodeValue\":200}', '2025-12-30 00:34:19', 'hr_manager', 3),
(24, 'CREATE_RULE_SALARY', 'INFO', 'Desc: ThĂȘm má»i cĂŽng thá»©c tĂ­nh lÆ°ÆĄng | Data: {\"headers\":{},\"body\":\"LÆ°u cĂŽng thá»©c thĂ nh cĂŽng!\",\"statusCode\":\"OK\",\"statusCodeValue\":200}', '2025-12-30 00:36:01', 'hr_manager', 3),
(25, 'CREATE_RULE_SALARY', 'INFO', 'Desc: ThĂȘm má»i cĂŽng thá»©c tĂ­nh lÆ°ÆĄng | Data: {\"headers\":{},\"body\":\"LÆ°u cĂŽng thá»©c thĂ nh cĂŽng!\",\"statusCode\":\"OK\",\"statusCodeValue\":200}', '2025-12-30 00:47:01', 'hr_manager', 3),
(26, 'UPDATE_ACCOUNT', 'INFO', 'Desc: Sá»­a thĂŽng tin tĂ i khoáșŁn | Data: {\"headers\":{},\"body\":\"Cáș­p nháș­t tĂ i khoáșŁn thĂ nh cĂŽng!\",\"statusCode\":\"OK\",\"statusCodeValue\":200}', '2025-12-30 00:57:12', 'hr_manager', 3),
(27, 'UPDATE_ACCOUNT', 'INFO', 'Desc: Sá»­a thĂŽng tin tĂ i khoáșŁn | Data: {\"headers\":{},\"body\":\"Cáș­p nháș­t tĂ i khoáșŁn thĂ nh cĂŽng!\",\"statusCode\":\"OK\",\"statusCodeValue\":200}', '2025-12-30 00:58:11', 'hr_manager', 3),
(28, 'UPDATE_ACCOUNT', 'INFO', 'Desc: Sá»­a thĂŽng tin tĂ i khoáșŁn | Data: {\"headers\":{},\"body\":\"Cáș­p nháș­t tĂ i khoáșŁn thĂ nh cĂŽng!\",\"statusCode\":\"OK\",\"statusCodeValue\":200}', '2025-12-30 00:59:07', 'hr_manager', 3),
(29, 'UPDATE_ACCOUNT', 'INFO', 'Desc: Sá»­a thĂŽng tin tĂ i khoáșŁn | Data: {\"headers\":{},\"body\":\"Cáș­p nháș­t tĂ i khoáșŁn thĂ nh cĂŽng!\",\"statusCode\":\"OK\",\"statusCodeValue\":200}', '2025-12-30 01:00:24', 'hr_manager', 3),
(30, 'UPDATE_ACCOUNT', 'INFO', 'Desc: Sá»­a thĂŽng tin tĂ i khoáșŁn | Data: {\"headers\":{},\"body\":\"Cáș­p nháș­t tĂ i khoáșŁn thĂ nh cĂŽng!\",\"statusCode\":\"OK\",\"statusCodeValue\":200}', '2025-12-30 01:01:29', 'hr_manager', 3),
(31, 'CREATE_REWPUN', 'INFO', 'Desc: TáșĄo má»i thÆ°á»ng/pháșĄt cho nhĂąn sá»± | Data: {\"headers\":{},\"body\":{\"userID\":10,\"userName\":null,\"type\":\"REWARD\",\"reason\":\"ThÆ°á»ng nĂłng hoĂ n thĂ nh dá»± ĂĄn cuĂŽi nÄm\",\"decisionDate\":\"2024-12-30\",\"amount\":2000000.00,\"isTaxExempt\":true,\"status\":\"APPROVED\"},\"statusCode\":\"OK\",\"statusCodeValue\":200}', '2025-12-30 03:07:49', 'hr_manager', 3),
(32, 'UPDATE_REWPUN', 'WARNING', 'Desc: Cáș­p nháș­t thÆ°á»ng/pháșĄt cho nhĂąn sá»± | Data: {\"headers\":{},\"body\":\"Cáș­p nháș­t thĂ nh cĂŽng!\",\"statusCode\":\"OK\",\"statusCodeValue\":200}', '2025-12-30 03:12:17', 'hr_manager', 3),
(33, 'CREATE_ACCOUNT', 'INFO', 'Desc: Cáș„p tĂ i khoáșŁn | Data: {\"headers\":{},\"body\":\"TĂ i khoáșŁn ÄĂŁ ÄÆ°á»Łc cáș„p thĂ nh cĂŽng. Username: 000024\",\"statusCode\":\"CREATED\",\"statusCodeValue\":201}', '2025-12-30 14:25:39', 'admin', 1),
(34, 'CREATE_ACCOUNT', 'INFO', 'Desc: Cáș„p tĂ i khoáșŁn | Data: {\"headers\":{},\"body\":\"TĂ i khoáșŁn ÄĂŁ ÄÆ°á»Łc cáș„p thĂ nh cĂŽng. Username: 000025\",\"statusCode\":\"CREATED\",\"statusCodeValue\":201}', '2025-12-30 14:26:15', 'admin', 1),
(35, 'CREATE_ACCOUNT', 'INFO', 'Desc: Cáș„p tĂ i khoáșŁn | Data: {\"headers\":{},\"body\":\"TĂ i khoáșŁn ÄĂŁ ÄÆ°á»Łc cáș„p thĂ nh cĂŽng. Username: 000026\",\"statusCode\":\"CREATED\",\"statusCodeValue\":201}', '2025-12-30 14:30:44', 'admin', 1),
(36, 'CREATE_ACCOUNT', 'INFO', 'Desc: Cáș„p tĂ i khoáșŁn | Data: {\"headers\":{},\"body\":\"TĂ i khoáșŁn ÄĂŁ ÄÆ°á»Łc cáș„p thĂ nh cĂŽng. Username: 000027\",\"statusCode\":\"CREATED\",\"statusCodeValue\":201}', '2025-12-30 14:40:50', 'admin', 1),
(37, 'UPDATE_ACCOUNT', 'INFO', 'Desc: Sá»­a thĂŽng tin tĂ i khoáșŁn | Data: {\"headers\":{},\"body\":\"Cáș­p nháș­t tĂ i khoáșŁn thĂ nh cĂŽng!\",\"statusCode\":\"OK\",\"statusCodeValue\":200}', '2025-12-30 14:46:54', 'admin', 1),
(38, 'UPDATE_ACCOUNT', 'INFO', 'Desc: Sá»­a thĂŽng tin tĂ i khoáșŁn | Data: {\"headers\":{},\"body\":\"Cáș­p nháș­t tĂ i khoáșŁn thĂ nh cĂŽng!\",\"statusCode\":\"OK\",\"statusCodeValue\":200}', '2025-12-30 14:47:33', 'admin', 1),
(39, 'UPDATE_ACCOUNT', 'INFO', 'Desc: Sá»­a thĂŽng tin tĂ i khoáșŁn | Data: {\"headers\":{},\"body\":\"Cáș­p nháș­t tĂ i khoáșŁn thĂ nh cĂŽng!\",\"statusCode\":\"OK\",\"statusCodeValue\":200}', '2025-12-30 14:48:25', 'admin', 1),
(40, 'UPDATE_ACCOUNT', 'INFO', 'Desc: Sá»­a thĂŽng tin tĂ i khoáșŁn | Data: {\"headers\":{},\"body\":\"Cáș­p nháș­t tĂ i khoáșŁn thĂ nh cĂŽng!\",\"statusCode\":\"OK\",\"statusCodeValue\":200}', '2025-12-30 15:01:44', 'admin', 1),
(41, 'UPDATE_ACCOUNT', 'INFO', 'Desc: Sá»­a thĂŽng tin tĂ i khoáșŁn | Data: {\"headers\":{},\"body\":\"Cáș­p nháș­t tĂ i khoáșŁn thĂ nh cĂŽng!\",\"statusCode\":\"OK\",\"statusCodeValue\":200}', '2025-12-30 15:02:19', 'admin', 1),
(42, 'UPDATE_ACCOUNT', 'INFO', 'Desc: Sá»­a thĂŽng tin tĂ i khoáșŁn | Data: {\"headers\":{},\"body\":\"Cáș­p nháș­t tĂ i khoáșŁn thĂ nh cĂŽng!\",\"statusCode\":\"OK\",\"statusCodeValue\":200}', '2025-12-30 15:03:08', 'admin', 1),
(43, 'UPDATE_ACCOUNT', 'INFO', 'Desc: Sá»­a thĂŽng tin tĂ i khoáșŁn | Data: {\"headers\":{},\"body\":\"Cáș­p nháș­t tĂ i khoáșŁn thĂ nh cĂŽng!\",\"statusCode\":\"OK\",\"statusCodeValue\":200}', '2025-12-30 15:03:40', 'admin', 1),
(44, 'UPDATE_ACCOUNT', 'INFO', 'Desc: Sá»­a thĂŽng tin tĂ i khoáșŁn | Data: {\"headers\":{},\"body\":\"Cáș­p nháș­t tĂ i khoáșŁn thĂ nh cĂŽng!\",\"statusCode\":\"OK\",\"statusCodeValue\":200}', '2025-12-30 15:04:24', 'admin', 1),
(45, 'CREATE_RULE_SALARY', 'INFO', 'Desc: ThĂȘm má»i cĂŽng thá»©c tĂ­nh lÆ°ÆĄng | Data: {\"headers\":{},\"body\":\"LÆ°u cĂŽng thá»©c thĂ nh cĂŽng!\",\"statusCode\":\"OK\",\"statusCodeValue\":200}', '2025-12-30 15:10:16', 'admin', 1),
(46, 'PAYROLL_CALCULATE', 'INFO', 'Desc: CháșĄy tĂ­nh lÆ°ÆĄng | Data: {\"headers\":{},\"body\":\"ÄĂŁ hoĂ n thĂ nh tĂ­nh lÆ°ÆĄng. ThĂ nh cĂŽng: 27/27\",\"statusCode\":\"OK\",\"statusCodeValue\":200}', '2025-12-30 15:59:18', 'hr_manager', 3),
(47, 'CREATE_RULE_SALARY', 'INFO', 'Desc: ThĂȘm má»i cĂŽng thá»©c tĂ­nh lÆ°ÆĄng | Data: {\"headers\":{},\"body\":\"LÆ°u cĂŽng thá»©c thĂ nh cĂŽng!\",\"statusCode\":\"OK\",\"statusCodeValue\":200}', '2025-12-30 16:05:51', 'hr_manager', 3),
(48, 'CREATE_ATTENDANCE_REQ', 'INFO', 'Desc: Gá»­i yĂȘu cáș§u bá» sung cĂŽng | Data: {\"headers\":{},\"body\":\"Gá»­i yĂȘu cáș§u thĂ nh cĂŽng! Vui lĂČng chá» quáșŁn lĂœ duyá»t.\",\"statusCode\":\"OK\",\"statusCodeValue\":200}', '2025-12-30 17:05:33', 'hr_manager', 3),
(49, 'CREATE_ACCOUNT', 'INFO', 'Desc: Cáș„p tĂ i khoáșŁn | Data: {\"headers\":{},\"body\":\"TĂ i khoáșŁn ÄĂŁ ÄÆ°á»Łc cáș„p thĂ nh cĂŽng. Username: 000028\",\"statusCode\":\"CREATED\",\"statusCodeValue\":201}', '2025-12-30 18:33:59', 'admin', 1),
(50, 'UPDATE_ACCOUNT', 'INFO', 'Desc: Sá»­a thĂŽng tin tĂ i khoáșŁn | Data: {\"headers\":{},\"body\":\"Cáș­p nháș­t tĂ i khoáșŁn thĂ nh cĂŽng!\",\"statusCode\":\"OK\",\"statusCodeValue\":200}', '2025-12-30 20:50:45', 'admin', 1),
(51, 'UPDATE_ACCOUNT', 'INFO', 'Desc: Sá»­a thĂŽng tin tĂ i khoáșŁn | Data: {\"headers\":{},\"body\":\"Cáș­p nháș­t tĂ i khoáșŁn thĂ nh cĂŽng!\",\"statusCode\":\"OK\",\"statusCodeValue\":200}', '2025-12-30 20:51:25', 'admin', 1),
(52, 'UPDATE_ACCOUNT', 'INFO', 'Desc: Sá»­a thĂŽng tin tĂ i khoáșŁn | Data: {\"headers\":{},\"body\":\"Cáș­p nháș­t tĂ i khoáșŁn thĂ nh cĂŽng!\",\"statusCode\":\"OK\",\"statusCodeValue\":200}', '2025-12-30 20:55:17', 'admin', 1),
(53, 'CREATE_CONTRACT', 'INFO', 'Desc: TáșĄo má»i há»Łp Äá»ng lao Äá»ng | Data: {\"headers\":{},\"body\":{\"message\":\"TáșĄo há»Łp Äá»ng má»i thĂ nh cĂŽng!\"},\"statusCode\":\"OK\",\"statusCodeValue\":200}', '2025-12-30 20:58:37', 'hr_manager', 3),
(54, 'MANAGER_APPROVE_LEAVE', 'INFO', 'Manager BĂči VÄn Má»±c duyá»t ÄÆĄn nghá» phĂ©p cho nhĂąn viĂȘn: PháșĄm VÄn In | Tá»«: 2025-12-01 Äáșżn: 2025-12-02 (MĂŁ ÄÆĄn: 5)', '2025-12-30 21:21:46', NULL, 9),
(55, 'HR_APPROVE_LEAVE', 'INFO', 'HR Nguyá»n Thá» NhĂąn Sá»± duyá»t hoĂ n táș„t ÄÆĄn nghá» phĂ©p cho: HoĂ ng Thá» MĂĄy MĂłc | Tá»«: 2025-12-25 Äáșżn: 2025-12-26 (MĂŁ ÄÆĄn: 9)', '2025-12-30 21:39:16', NULL, 3),
(56, 'UPDATE_ACCOUNT', 'INFO', 'Desc: Sá»­a thĂŽng tin tĂ i khoáșŁn | Data: {\"headers\":{},\"body\":\"Cáș­p nháș­t tĂ i khoáșŁn thĂ nh cĂŽng!\",\"statusCode\":\"OK\",\"statusCodeValue\":200}', '2025-12-30 21:44:52', 'admin', 1),
(57, 'UPDATE_ACCOUNT', 'INFO', 'Desc: Sá»­a thĂŽng tin tĂ i khoáșŁn | Data: {\"headers\":{},\"body\":\"Cáș­p nháș­t tĂ i khoáșŁn thĂ nh cĂŽng!\",\"statusCode\":\"OK\",\"statusCodeValue\":200}', '2025-12-30 21:46:05', 'hr_manager', 3),
(58, 'UPDATE_CONTRACT', 'WARNING', 'Desc: Cáș­p nháș­t há»Łp Äá»ng | Data: Result: <200 OK OK,com.manaplastic.backend.entity.ContractEntity@5a5e4a01,[]>', '2025-12-30 23:01:01', 'hr_manager', 3),
(59, 'UPDATE_CONTRACT', 'WARNING', 'Desc: Cáș­p nháș­t há»Łp Äá»ng | Data: {\"headers\":{},\"body\":\"ÄĂŁ cáș­p nháș­t thĂ nh cĂŽng\",\"statusCodeValue\":200,\"statusCode\":\"OK\"}', '2025-12-30 23:04:23', 'hr_manager', 3),
(60, 'UPDATE_ACCOUNT', 'INFO', 'Desc: Sá»­a thĂŽng tin tĂ i khoáșŁn | Data: {\"headers\":{},\"body\":\"Cáș­p nháș­t tĂ i khoáșŁn thĂ nh cĂŽng!\",\"statusCode\":\"OK\",\"statusCodeValue\":200}', '2025-12-30 23:15:49', 'hr_manager', 3),
(61, 'UPDATE_ACCOUNT', 'INFO', 'Desc: Sá»­a thĂŽng tin tĂ i khoáșŁn | Data: {\"headers\":{},\"body\":\"Cáș­p nháș­t tĂ i khoáșŁn thĂ nh cĂŽng!\",\"statusCode\":\"OK\",\"statusCodeValue\":200}', '2025-12-30 23:16:09', 'hr_manager', 3),
(62, 'CREATE_RULE_SALARY', 'INFO', 'Desc: ThĂȘm má»i cĂŽng thá»©c tĂ­nh lÆ°ÆĄng | Data: {\"headers\":{},\"body\":\"LÆ°u cĂŽng thá»©c thĂ nh cĂŽng!\",\"statusCode\":\"OK\",\"statusCodeValue\":200}', '2025-12-31 00:07:05', 'hr_manager', 3),
(63, 'CREATE_RULE_SALARY', 'INFO', 'Desc: ThĂȘm má»i cĂŽng thá»©c tĂ­nh lÆ°ÆĄng | Data: {\"headers\":{},\"body\":\"LÆ°u cĂŽng thá»©c thĂ nh cĂŽng!\",\"statusCode\":\"OK\",\"statusCodeValue\":200}', '2025-12-31 00:07:32', 'hr_manager', 3),
(64, 'CREATE_RULE_SALARY', 'INFO', 'Desc: ThĂȘm má»i cĂŽng thá»©c tĂ­nh lÆ°ÆĄng | Data: {\"headers\":{},\"body\":\"LÆ°u cĂŽng thá»©c thĂ nh cĂŽng!\",\"statusCode\":\"OK\",\"statusCodeValue\":200}', '2025-12-31 00:08:46', 'hr_manager', 3),
(65, 'CREATE_RULE_SALARY', 'INFO', 'Desc: ThĂȘm má»i cĂŽng thá»©c tĂ­nh lÆ°ÆĄng | Data: {\"headers\":{},\"body\":\"LÆ°u cĂŽng thá»©c thĂ nh cĂŽng!\",\"statusCode\":\"OK\",\"statusCodeValue\":200}', '2025-12-31 00:09:28', 'hr_manager', 3),
(66, 'CREATE_RULE_SALARY', 'INFO', 'Desc: ThĂȘm má»i cĂŽng thá»©c tĂ­nh lÆ°ÆĄng | Data: {\"headers\":{},\"body\":\"LÆ°u cĂŽng thá»©c thĂ nh cĂŽng!\",\"statusCode\":\"OK\",\"statusCodeValue\":200}', '2025-12-31 00:12:03', 'hr_manager', 3),
(67, 'PAYROLL_CALCULATE', 'INFO', 'Desc: CháșĄy tĂ­nh lÆ°ÆĄng | Data: {\"headers\":{},\"body\":\"ÄĂŁ hoĂ n thĂ nh tĂ­nh lÆ°ÆĄng. ThĂ nh cĂŽng: 28/28\",\"statusCode\":\"OK\",\"statusCodeValue\":200}', '2025-12-31 00:12:23', 'hr_manager', 3),
(68, 'CREATE_RULE_SALARY', 'INFO', 'Desc: ThĂȘm má»i cĂŽng thá»©c tĂ­nh lÆ°ÆĄng | Data: {\"headers\":{},\"body\":\"LÆ°u cĂŽng thá»©c thĂ nh cĂŽng!\",\"statusCode\":\"OK\",\"statusCodeValue\":200}', '2025-12-31 00:14:15', 'hr_manager', 3),
(69, 'CREATE_REWPUN', 'INFO', 'Desc: TáșĄo má»i thÆ°á»ng/pháșĄt cho nhĂąn sá»± | Data: {\"headers\":{},\"body\":\"ThĂȘm má»i thĂ nh cĂŽng!\",\"statusCode\":\"OK\",\"statusCodeValue\":200}', '2025-12-31 00:18:28', 'hr_manager', 3),
(70, 'PAYROLL_CALCULATE', 'INFO', 'Desc: CháșĄy tĂ­nh lÆ°ÆĄng | Data: {\"headers\":{},\"body\":\"ÄĂŁ hoĂ n thĂ nh tĂ­nh lÆ°ÆĄng. ThĂ nh cĂŽng: 28/28\",\"statusCode\":\"OK\",\"statusCodeValue\":200}', '2025-12-31 00:19:30', 'hr_manager', 3),
(71, 'UPDATE_REWPUN', 'WARNING', 'Desc: Cáș­p nháș­t thÆ°á»ng/pháșĄt cho nhĂąn sá»± | Data: {\"headers\":{},\"body\":\"Cáș­p nháș­t thĂ nh cĂŽng!\",\"statusCode\":\"OK\",\"statusCodeValue\":200}', '2025-12-31 00:21:49', 'hr_manager', 3),
(72, 'PAYROLL_CALCULATE', 'INFO', 'Desc: CháșĄy tĂ­nh lÆ°ÆĄng | Data: {\"headers\":{},\"body\":\"ÄĂŁ hoĂ n thĂ nh tĂ­nh lÆ°ÆĄng. ThĂ nh cĂŽng: 28/28\",\"statusCode\":\"OK\",\"statusCodeValue\":200}', '2025-12-31 00:21:58', 'hr_manager', 3),
(73, 'PAYROLL_CALCULATE', 'INFO', 'Desc: CháșĄy tĂ­nh lÆ°ÆĄng | Data: {\"headers\":{},\"body\":\"ÄĂŁ hoĂ n thĂ nh tĂ­nh lÆ°ÆĄng. ThĂ nh cĂŽng: 28/28\",\"statusCode\":\"OK\",\"statusCodeValue\":200}', '2025-12-31 00:27:58', 'hr_manager', 3),
(74, 'PAYROLL_CALCULATE', 'INFO', 'Desc: CháșĄy tĂ­nh lÆ°ÆĄng | Data: {\"headers\":{},\"body\":\"ÄĂŁ hoĂ n thĂ nh tĂ­nh lÆ°ÆĄng. ThĂ nh cĂŽng: 28/28\",\"statusCode\":\"OK\",\"statusCodeValue\":200}', '2025-12-31 00:33:00', 'hr_manager', 3),
(75, 'CREATE_ACCOUNT', 'INFO', 'Desc: Cáș„p tĂ i khoáșŁn | Data: {\"headers\":{},\"body\":\"TĂ i khoáșŁn ÄĂŁ ÄÆ°á»Łc cáș„p thĂ nh cĂŽng. Username: 000029\",\"statusCode\":\"CREATED\",\"statusCodeValue\":201}', '2025-12-31 09:44:21', 'admin', 1),
(76, 'CREATE_CONTRACT', 'INFO', 'Desc: TáșĄo má»i há»Łp Äá»ng lao Äá»ng | Data: {\"headers\":{},\"body\":{\"message\":\"TáșĄo há»Łp Äá»ng má»i thĂ nh cĂŽng!\"},\"statusCode\":\"OK\",\"statusCodeValue\":200}', '2025-12-31 09:55:15', 'hr_manager', 3),
(77, 'CREATE_ATTENDANCE_REQ', 'INFO', 'Desc: Gá»­i yĂȘu cáș§u bá» sung cĂŽng | Data: {\"headers\":{},\"body\":\"Gá»­i yĂȘu cáș§u thĂ nh cĂŽng! Vui lĂČng chá» quáșŁn lĂœ duyá»t.\",\"statusCode\":\"OK\",\"statusCodeValue\":200}', '2025-12-31 10:05:35', '000029', 29),
(78, 'REJECT_ATTENDANCE_REQ', 'WARNING', 'Desc: Tá»« chá»i yĂȘu cáș§u cĂŽng | Data: {\"headers\":{},\"body\":\"ÄĂŁ tá»« chá»i yĂȘu cáș§u.\",\"statusCode\":\"OK\",\"statusCodeValue\":200}', '2025-12-31 10:08:01', 'hr_manager', 3),
(79, 'CREATE_ACCOUNT', 'INFO', 'Desc: Cáș„p tĂ i khoáșŁn | Data: {\"headers\":{},\"body\":\"TĂ i khoáșŁn ÄĂŁ ÄÆ°á»Łc cáș„p thĂ nh cĂŽng. Username: 000030\",\"statusCode\":\"CREATED\",\"statusCodeValue\":201}', '2026-01-02 14:13:22', 'admin', 1),
(80, 'CREATE_ACCOUNT', 'INFO', 'Desc: Cáș„p tĂ i khoáșŁn | Data: {\"headers\":{},\"body\":\"TĂ i khoáșŁn ÄĂŁ ÄÆ°á»Łc cáș„p thĂ nh cĂŽng. Username: 000031\",\"statusCode\":\"CREATED\",\"statusCodeValue\":201}', '2026-01-02 14:27:02', 'admin', 1),
(81, 'CREATE_CONTRACT', 'INFO', 'Desc: TáșĄo má»i há»Łp Äá»ng lao Äá»ng | Data: {\"headers\":{},\"body\":\"TáșĄo má»i há»Łp Äá»ng thĂ nh cĂŽng!\",\"statusCode\":\"OK\",\"statusCodeValue\":200}', '2026-01-02 18:44:47', 'hr_manager', 3),
(82, 'CREATE_ACCOUNT', 'INFO', 'Desc: Cáș„p tĂ i khoáșŁn | Data: {\"headers\":{},\"body\":\"KĂ­ch hoáșĄt há»Łp Äá»ng vĂ  tĂ i khoáșŁn thĂ nh cĂŽng! Email ÄĂŁ ÄÆ°á»Łc gá»­i.\",\"statusCode\":\"OK\",\"statusCodeValue\":200}', '2026-01-02 22:50:59', 'admin', 1),
(83, 'CREATE_ACCOUNT', 'INFO', 'Desc: Cáș„p tĂ i khoáșŁn | Data: {\"headers\":{},\"body\":\"KĂ­ch hoáșĄt há»Łp Äá»ng vĂ  tĂ i khoáșŁn thĂ nh cĂŽng! Email ÄĂŁ ÄÆ°á»Łc gá»­i.\",\"statusCode\":\"OK\",\"statusCodeValue\":200}', '2026-01-02 23:07:43', 'admin', 1),
(84, 'CREATE_ACCOUNT', 'INFO', 'Desc: Cáș„p tĂ i khoáșŁn | Data: {\"headers\":{},\"body\":\"KĂ­ch hoáșĄt há»Łp Äá»ng vĂ  tĂ i khoáșŁn thĂ nh cĂŽng! Email ÄĂŁ ÄÆ°á»Łc gá»­i.\",\"statusCode\":\"OK\",\"statusCodeValue\":200}', '2026-01-02 23:13:51', 'admin', 1),
(85, 'CREATE_ACCOUNT', 'INFO', 'Desc: Cáș„p tĂ i khoáșŁn | Data: {\"headers\":{},\"body\":\"KĂ­ch hoáșĄt há»Łp Äá»ng vĂ  tĂ i khoáșŁn thĂ nh cĂŽng! Email ÄĂŁ ÄÆ°á»Łc gá»­i.\",\"statusCode\":\"OK\",\"statusCodeValue\":200}', '2026-01-04 15:26:40', 'hr_manager', 3),
(86, 'CREATE_CONTRACT', 'INFO', 'Desc: TáșĄo má»i há»Łp Äá»ng lao Äá»ng | Data: {\"headers\":{},\"body\":{\"contractId\":30,\"message\":\"TáșĄo nhĂĄp thĂ nh cĂŽng!\"},\"statusCode\":\"OK\",\"statusCodeValue\":200}', '2026-01-04 19:21:28', 'hr_manager', 3),
(87, 'UPDATE_CONTRACT', 'INFO', 'Desc: Cáș­p nháș­t thĂŽng tin há»Łp Äá»ng nhĂĄp | Data: {\"headers\":{},\"body\":\"ÄĂŁ cáș­p nháș­t dá»Ż liá»u thĂ nh cĂŽng!\",\"statusCode\":\"OK\",\"statusCodeValue\":200}', '2026-01-04 19:27:43', 'hr_manager', 3),
(88, 'CREATE_ACCOUNT', 'INFO', 'Desc: Cáș„p tĂ i khoáșŁn | Data: {\"headers\":{},\"body\":\"KĂ­ch hoáșĄt há»Łp Äá»ng vĂ  tĂ i khoáșŁn thĂ nh cĂŽng! Email ÄĂŁ ÄÆ°á»Łc gá»­i.\",\"statusCode\":\"OK\",\"statusCodeValue\":200}', '2026-01-04 19:29:33', 'hr_manager', 3),
(89, 'UPLOAD_DOCUMENT', 'INFO', 'Desc: ÄÄng táșŁi tĂ i liá»u, há» sÆĄ | Data: {\"headers\":{},\"body\":{\"documentID\":1,\"employeeName\":\"PháșĄm Minh TĂ i (ÄĂŁ sá»­a tĂȘn)\",\"type\":\"OTHER\",\"name\":\"CV NhĂąn viĂȘn\",\"status\":\"PENDING\",\"fileUrl\":\"31b59d76-cf6c-41d1-b82e-f53327b785bb.pdf\",\"expiryDate\":null},\"statusCode\":\"OK\",\"statusCodeValue\":200}', '2026-01-05 18:10:10', 'hr_manager', 3),
(90, 'APPROVED_DOCUMENT', 'INFO', 'Desc: Duyá»t/ Tá»« chá»i tĂ i liá»u, há» sÆĄ | Data: {\"headers\":{},\"body\":{\"documentID\":1,\"employeeName\":\"PháșĄm Minh TĂ i (ÄĂŁ sá»­a tĂȘn)\",\"type\":\"OTHER\",\"name\":\"CV NhĂąn viĂȘn\",\"status\":\"APPROVED\",\"fileUrl\":\"31b59d76-cf6c-41d1-b82e-f53327b785bb.pdf\",\"expiryDate\":null},\"statusCode\":\"OK\",\"statusCodeValue\":200}', '2026-01-05 18:14:24', 'hr_manager', 3),
(91, 'CREATE_CONTRACT', 'INFO', 'Desc: TáșĄo má»i há»Łp Äá»ng lao Äá»ng | Data: {\"headers\":{},\"body\":{\"contractId\":31,\"message\":\"TáșĄo nhĂĄp thĂ nh cĂŽng!\"},\"statusCode\":\"OK\",\"statusCodeValue\":200}', '2026-01-06 22:25:00', 'hr_manager', 3),
(92, 'CREATE_CONTRACT_REQ', 'INFO', 'Desc: TáșĄo má»i yĂȘu cáș§u sá»­a Äá»i file há»Łp Äá»ng. | Data: {\"headers\":{},\"body\":\"ÄĂŁ gá»­i yĂȘu cáș§u thĂ nh cĂŽng!\",\"statusCode\":\"OK\",\"statusCodeValue\":200}', '2026-01-08 04:22:37', 'hr_manager', 3),
(93, 'APPROVED_CONTRACT_REQ', 'INFO', 'Desc: Xá»­ lĂœ duyá»t/tá»« chá»i yĂȘu cáș§u sá»­a Äá»i file há»Łp Äá»ng. | Data: {\"headers\":{},\"body\":\"ÄĂŁ xá»­ lĂœ cho ÄÆĄn 1 thĂ nh cĂŽng\",\"statusCode\":\"OK\",\"statusCodeValue\":200}', '2026-01-08 04:58:32', 'hr_manager', 3);

-- --------------------------------------------------------

--
-- Cáș„u trĂșc báșŁng cho báșŁng `attendancelogs`
--

DROP TABLE IF EXISTS `attendancelogs`;
CREATE TABLE IF NOT EXISTS `attendancelogs` (
  `attendanceLogID` int NOT NULL AUTO_INCREMENT,
  `timestamp` datetime NOT NULL,
  `imgurl` varchar(255) COLLATE utf8mb4_unicode_ci DEFAULT NULL,
  `userID` int DEFAULT NULL,
  PRIMARY KEY (`attendanceLogID`),
  KEY `userID` (`userID`)
) ENGINE=InnoDB AUTO_INCREMENT=28 DEFAULT CHARSET=utf8mb4 COLLATE=utf8mb4_unicode_ci;

--
-- Äang Äá» dá»Ż liá»u cho báșŁng `attendancelogs`
--

INSERT INTO `attendancelogs` (`attendanceLogID`, `timestamp`, `imgurl`, `userID`) VALUES
(1, '2025-11-01 07:58:15', 'https://img.url/checkin_6_1.jpg', 6),
(2, '2025-11-01 17:02:30', 'https://img.url/checkout_6_1.jpg', 6),
(3, '2025-11-01 05:55:10', 'https://img.url/checkin_8_1.jpg', 8),
(4, '2025-11-01 11:30:00', 'https://img.url/scan_mid.jpg', 8),
(5, '2025-11-01 14:01:00', 'https://img.url/checkout_8_1.jpg', 8),
(6, '2025-11-01 08:22:45', 'https://img.url/checkin_12_1.jpg', 12),
(7, '2025-11-01 17:01:00', 'https://img.url/checkout_12_1.jpg', 12),
(8, '2025-11-01 08:10:00', 'https://img.url/checkin_5_1.jpg', 5),
(9, '2025-11-01 16:45:00', 'https://img.url/checkout_5_1.jpg', 5),
(10, '2025-11-02 05:59:00', 'https://img.url/checkin_8_3.jpg', 8),
(11, '2025-11-02 17:05:00', 'https://img.url/checkout_9_1.jpg', 9),
(16, '2025-11-19 11:00:12', '/uploads/47358d64-7cf1-4a33-8e1c-c5efbb7553d0.jpg', 20),
(17, '2025-11-19 11:02:27', '/uploads/238acd2f-fd35-46f8-a36f-c4bfbe93b13d.jpg', 20),
(21, '2025-12-27 15:53:43', 'c4cd199d-c4c5-48f7-be02-7aa9a6168a7e.jpg', 22),
(22, '2025-12-27 16:02:29', '875a992b-42fe-4952-91c2-2ebb7a8f4e89.jpg', 21),
(23, '2025-12-27 16:03:37', '1ada91b8-6141-4371-982f-fe1ed75f5a03.jpg', 21),
(24, '2025-12-31 08:54:42', '609a6331-4efb-451e-8c50-678603976bfa.jpg', 5),
(25, '2025-12-31 09:20:12', 'b765526a-dde1-4678-b22c-bde5ce796d80.jpg', 5),
(26, '2025-12-31 10:01:53', '56ebad80-1205-4355-b580-fe7fff419603.jpg', 29),
(27, '2025-12-31 10:18:25', '465869b7-b038-4ced-9e5b-888b45ed129d.jpg', 29);

-- --------------------------------------------------------

--
-- Cáș„u trĂșc báșŁng cho báșŁng `attendancerequests`
--

DROP TABLE IF EXISTS `attendancerequests`;
CREATE TABLE IF NOT EXISTS `attendancerequests` (
  `requestid` int NOT NULL AUTO_INCREMENT,
  `userid` int NOT NULL COMMENT 'NhĂąn viĂȘn gá»­i yĂȘu cáș§u',
  `date` date NOT NULL COMMENT 'NgĂ y cáș§n bá» sung cĂŽng',
  `shiftid` int DEFAULT NULL COMMENT 'Ca lĂ m viá»c liĂȘn quan',
  `requesttype` enum('CHECK_IN','CHECK_OUT','FULL_SHIFT') CHARACTER SET utf8mb4 COLLATE utf8mb4_unicode_ci NOT NULL,
  `checkintime` datetime DEFAULT NULL,
  `checkouttime` datetime DEFAULT NULL,
  `imgproof` varchar(255) CHARACTER SET utf8mb4 COLLATE utf8mb4_unicode_ci DEFAULT NULL,
  `reason` text CHARACTER SET utf8mb4 COLLATE utf8mb4_unicode_ci,
  `status` enum('PENDING','APPROVED','REJECTED') CHARACTER SET utf8mb4 COLLATE utf8mb4_unicode_ci DEFAULT 'PENDING',
  `approverid` int DEFAULT NULL COMMENT 'NgÆ°á»i duyá»t (HR/Manager)',
  `comment` text CHARACTER SET utf8mb4 COLLATE utf8mb4_unicode_ci,
  `createdat` datetime DEFAULT CURRENT_TIMESTAMP,
  `updatedat` datetime DEFAULT CURRENT_TIMESTAMP ON UPDATE CURRENT_TIMESTAMP,
  PRIMARY KEY (`requestid`),
  KEY `fk_attrequest_user` (`userid`),
  KEY `fk_attrequest_approver` (`approverid`),
  KEY `fk_attrequest_shift` (`shiftid`)
) ENGINE=InnoDB AUTO_INCREMENT=7 DEFAULT CHARSET=utf8mb4 COLLATE=utf8mb4_unicode_ci COMMENT='YĂȘu cáș§u bá» sung dá»Ż liá»u cháș„m cĂŽng';

--
-- Äang Äá» dá»Ż liá»u cho báșŁng `attendancerequests`
--

INSERT INTO `attendancerequests` (`requestid`, `userid`, `date`, `shiftid`, `requesttype`, `checkintime`, `checkouttime`, `imgproof`, `reason`, `status`, `approverid`, `comment`, `createdat`, `updatedat`) VALUES
(1, 6, '2025-11-02', 1, 'CHECK_OUT', NULL, '2025-11-02 17:00:00', 'checkout_fix_6.jpg', 'QuĂȘn check-out khi vá»', 'PENDING', NULL, NULL, '2025-12-23 21:51:15', '2025-12-27 14:42:06'),
(2, 8, '2025-11-04', 2, 'FULL_SHIFT', '2025-11-04 06:00:00', '2025-11-04 14:00:00', 'full_fix_8.jpg', 'MĂĄy cháș„m cĂŽng bá» lá»i khĂŽng nháș­n diá»n ÄÆ°á»Łc', 'PENDING', NULL, NULL, '2025-12-23 21:51:15', '2025-12-27 14:42:06'),
(3, 20, '2025-12-03', 36, 'CHECK_IN', '2025-12-03 08:00:00', NULL, 'a07b9472-6f8c-49e7-b5d9-a1939248dca0_Gemini_Generated_Image_1iwfj11iwfj11iwf (1).png', 'Cháș„m cĂŽng hÆ° mĂĄy', 'APPROVED', 22, NULL, '2025-12-23 23:55:15', '2025-12-27 14:42:06'),
(4, 22, '2025-12-03', 36, 'CHECK_IN', '2025-12-03 08:00:00', NULL, 'b31f9e6c-ac4f-498d-bc50-77151b5ee112_Gemini_Generated_Image_1iwfj11iwfj11iwf__1_.png', 'Cháș„m cĂŽng hÆ° mĂĄy', 'PENDING', NULL, NULL, '2025-12-27 15:21:15', NULL),
(5, 3, '2025-12-30', 36, 'CHECK_IN', '2025-12-30 08:00:00', NULL, 'a5a35bd7-13c7-4bd2-9ad9-6f910320dc22_AdobeStock_632882689.jpg', 'QuĂȘn cháș„m cĂŽng vĂ o', 'PENDING', NULL, NULL, '2025-12-30 17:05:33', NULL),
(6, 29, '2025-12-31', 45, 'CHECK_IN', '2025-12-31 08:00:00', NULL, '1242f1bc-19a4-4269-8760-d7031eed5c1e_anhminhchung.jpg', 'cty cĂșp Äiá»n', 'REJECTED', 3, 'khĂŽng rĂ” rĂ ng', '2025-12-31 10:05:35', '2025-12-31 10:08:01');

-- --------------------------------------------------------

--
-- Cáș„u trĂșc báșŁng cho báșŁng `attendances`
--

DROP TABLE IF EXISTS `attendances`;
CREATE TABLE IF NOT EXISTS `attendances` (
  `attendanceID` int NOT NULL AUTO_INCREMENT,
  `date` date NOT NULL,
  `checkin` datetime DEFAULT NULL,
  `checkout` datetime DEFAULT NULL,
  `checkinimgurl` varchar(255) COLLATE utf8mb4_unicode_ci DEFAULT NULL,
  `checkoutimgurl` varchar(255) COLLATE utf8mb4_unicode_ci DEFAULT NULL,
  `status` enum('PRESENT','ABSENT','LATE_AND_EARLY','ON_LEAVE','MISSING_OUTPUT_DATA','MISSING_INPUT_DATA') COLLATE utf8mb4_unicode_ci NOT NULL DEFAULT 'ABSENT',
  `shiftID` int DEFAULT NULL,
  `userID` int DEFAULT NULL,
  `checkInLogID` int DEFAULT NULL,
  `checkOutLogID` int DEFAULT NULL,
  PRIMARY KEY (`attendanceID`),
  UNIQUE KEY `UQ_User_Date` (`userID`,`date`),
  KEY `shiftID` (`shiftID`),
  KEY `FK_Attendance_CheckInLog` (`checkInLogID`),
  KEY `FK_Attendance_CheckOutLog` (`checkOutLogID`)
) ENGINE=InnoDB AUTO_INCREMENT=53 DEFAULT CHARSET=utf8mb4 COLLATE=utf8mb4_unicode_ci;

--
-- Äang Äá» dá»Ż liá»u cho báșŁng `attendances`
--

INSERT INTO `attendances` (`attendanceID`, `date`, `checkin`, `checkout`, `checkinimgurl`, `checkoutimgurl`, `status`, `shiftID`, `userID`, `checkInLogID`, `checkOutLogID`) VALUES
(6, '2025-11-01', '2025-11-01 07:58:15', '2025-11-01 17:02:30', 'https://img.url/checkin_6_1.jpg', 'https://img.url/checkout_6_1.jpg', 'PRESENT', 1, 6, 1, 2),
(7, '2025-11-01', '2025-11-01 05:55:10', '2025-11-01 14:01:00', 'https://img.url/checkin_8_1.jpg', 'https://img.url/checkout_8_1.jpg', 'PRESENT', 2, 8, 3, 5),
(8, '2025-11-01', '2025-11-01 08:22:45', '2025-11-01 17:01:00', 'https://img.url/checkin_12_1.jpg', 'https://img.url/checkout_12_1.jpg', 'PRESENT', 1, 12, 6, 7),
(9, '2025-11-01', '2025-11-01 08:10:00', '2025-11-01 16:45:00', 'https://img.url/checkin_5_1.jpg', 'https://img.url/checkout_5_1.jpg', 'PRESENT', 1, 5, 8, 9),
(10, '2025-11-02', '2025-11-02 05:59:00', NULL, 'https://img.url/checkin_8_3.jpg', NULL, 'MISSING_OUTPUT_DATA', 2, 8, 10, NULL),
(11, '2025-11-02', NULL, '2025-11-02 17:05:00', NULL, 'https://img.url/checkout_9_1.jpg', 'MISSING_INPUT_DATA', 1, 9, NULL, 11),
(12, '2025-11-02', NULL, NULL, NULL, NULL, 'ABSENT', 1, 6, NULL, NULL),
(13, '2025-11-02', NULL, NULL, NULL, NULL, 'ON_LEAVE', 1, 10, NULL, NULL),
(14, '2025-11-04', '2025-11-04 08:00:00', '2025-11-04 17:00:00', NULL, NULL, 'PRESENT', 1, 6, NULL, NULL),
(15, '2025-11-04', '2025-11-04 08:30:00', NULL, NULL, NULL, 'MISSING_OUTPUT_DATA', 2, 8, NULL, NULL),
(21, '2025-11-01', '2025-11-01 07:55:00', '2025-11-01 17:05:00', NULL, NULL, 'PRESENT', 36, 21, NULL, NULL),
(22, '2025-11-03', '2025-11-03 07:50:00', '2025-11-03 17:00:00', NULL, NULL, 'PRESENT', 36, 21, NULL, NULL),
(23, '2025-11-04', '2025-11-04 07:55:00', '2025-11-04 17:10:00', NULL, NULL, 'PRESENT', 36, 21, NULL, NULL),
(24, '2025-11-05', '2025-11-05 07:58:00', '2025-11-05 17:05:00', NULL, NULL, 'PRESENT', 36, 21, NULL, NULL),
(25, '2025-11-06', '2025-11-06 07:45:00', '2025-11-06 17:00:00', NULL, NULL, 'PRESENT', 36, 21, NULL, NULL),
(26, '2025-11-07', '2025-11-07 07:55:00', '2025-11-07 17:05:00', NULL, NULL, 'PRESENT', 36, 21, NULL, NULL),
(27, '2025-11-08', '2025-11-08 07:59:00', '2025-11-08 17:00:00', NULL, NULL, 'PRESENT', 36, 21, NULL, NULL),
(28, '2025-11-10', '2025-11-10 07:55:00', '2025-11-10 17:05:00', NULL, NULL, 'PRESENT', 36, 21, NULL, NULL),
(29, '2025-11-11', '2025-11-11 07:52:00', '2025-11-11 17:00:00', NULL, NULL, 'PRESENT', 36, 21, NULL, NULL),
(30, '2025-11-12', '2025-11-12 07:55:00', '2025-11-12 17:15:00', NULL, NULL, 'PRESENT', 36, 21, NULL, NULL),
(31, '2025-11-13', '2025-11-13 08:00:00', '2025-11-13 17:05:00', NULL, NULL, 'PRESENT', 36, 21, NULL, NULL),
(32, '2025-11-14', '2025-11-14 07:55:00', '2025-11-14 17:00:00', NULL, NULL, 'PRESENT', 36, 21, NULL, NULL),
(33, '2025-11-15', '2025-11-15 07:55:00', '2025-11-15 17:05:00', NULL, NULL, 'PRESENT', 36, 21, NULL, NULL),
(34, '2025-11-17', '2025-11-17 07:50:00', '2025-11-17 17:00:00', NULL, NULL, 'PRESENT', 36, 21, NULL, NULL),
(35, '2025-11-18', '2025-11-18 07:55:00', '2025-11-18 17:10:00', NULL, NULL, 'PRESENT', 36, 21, NULL, NULL),
(36, '2025-11-19', '2025-11-19 07:55:00', '2025-11-19 17:05:00', NULL, NULL, 'PRESENT', 36, 21, NULL, NULL),
(37, '2025-11-20', '2025-11-20 07:45:00', '2025-11-20 17:00:00', NULL, NULL, 'PRESENT', 36, 21, NULL, NULL),
(38, '2025-11-21', '2025-11-21 07:55:00', '2025-11-21 17:05:00', NULL, NULL, 'PRESENT', 36, 21, NULL, NULL),
(39, '2025-11-22', '2025-11-22 07:59:00', '2025-11-22 17:00:00', NULL, NULL, 'PRESENT', 36, 21, NULL, NULL),
(40, '2025-11-24', '2025-11-24 07:55:00', '2025-11-24 17:05:00', NULL, NULL, 'PRESENT', 36, 21, NULL, NULL),
(41, '2025-11-25', '2025-11-25 07:52:00', '2025-11-25 17:00:00', NULL, NULL, 'PRESENT', 36, 21, NULL, NULL),
(42, '2025-11-26', '2025-11-26 07:55:00', '2025-11-26 17:15:00', NULL, NULL, 'PRESENT', 36, 21, NULL, NULL),
(43, '2025-11-27', '2025-11-27 08:00:00', '2025-11-27 17:05:00', NULL, NULL, 'PRESENT', 36, 21, NULL, NULL),
(44, '2025-11-28', '2025-11-28 07:55:00', '2025-11-28 17:00:00', NULL, NULL, 'PRESENT', 36, 21, NULL, NULL),
(45, '2025-11-29', '2025-11-29 07:55:00', '2025-11-29 17:05:00', NULL, NULL, 'PRESENT', 36, 21, NULL, NULL),
(46, '2025-11-30', '2025-11-30 07:55:00', '2025-11-30 17:05:00', NULL, NULL, 'PRESENT', 36, 21, NULL, NULL),
(47, '2025-12-01', '2025-12-01 07:55:00', '2025-12-01 17:00:00', NULL, NULL, 'PRESENT', 36, 20, NULL, NULL),
(48, '2025-12-02', '2025-12-02 21:50:00', '2025-12-03 06:10:00', NULL, NULL, 'PRESENT', 50, 20, NULL, NULL),
(49, '2025-12-03', '2025-12-03 08:00:00', '2025-12-03 17:05:00', NULL, NULL, 'PRESENT', 36, 20, NULL, NULL),
(50, '2025-12-27', '2025-12-27 16:02:29', '2025-12-27 16:03:37', '875a992b-42fe-4952-91c2-2ebb7a8f4e89.jpg', '1ada91b8-6141-4371-982f-fe1ed75f5a03.jpg', 'LATE_AND_EARLY', 36, 21, 22, 23),
(51, '2025-12-31', '2025-12-31 08:54:42', '2025-12-31 09:20:12', '609a6331-4efb-451e-8c50-678603976bfa.jpg', 'b765526a-dde1-4678-b22c-bde5ce796d80.jpg', 'LATE_AND_EARLY', 41, 5, 24, 25),
(52, '2025-12-31', '2025-12-31 10:01:53', '2025-12-31 10:18:25', '56ebad80-1205-4355-b580-fe7fff419603.jpg', '465869b7-b038-4ced-9e5b-888b45ed129d.jpg', 'LATE_AND_EARLY', 36, 29, 26, 27);

-- --------------------------------------------------------

--
-- Cáș„u trĂșc báșŁng cho báșŁng `contractallowances`
--

DROP TABLE IF EXISTS `contractallowances`;
CREATE TABLE IF NOT EXISTS `contractallowances` (
  `ContractAllowanceID` int NOT NULL AUTO_INCREMENT,
  `ContractID` int NOT NULL,
  `AllowanceName` varchar(100) CHARACTER SET utf8mb4 COLLATE utf8mb4_unicode_ci NOT NULL COMMENT 'TĂȘn phá»„ cáș„p',
  `AllowanceType` varchar(50) COLLATE utf8mb4_unicode_ci DEFAULT 'OTHER' COMMENT 'LoáșĄi phá»„ cáș„p: MEAL, RESPONSIBILITY, TOXIC, PHONE, OTHER',
  `Amount` decimal(15,2) NOT NULL DEFAULT '0.00',
  `IsTaxable` tinyint(1) DEFAULT '1' COMMENT '1=Chá»u thuáșż, 0=KhĂŽng',
  `IsInsuranceBase` tinyint(1) DEFAULT '0' COMMENT '1=TĂ­nh ÄĂłng BHXH, 0=KhĂŽng',
  `TaxFreeAmount` decimal(15,2) DEFAULT '0.00' COMMENT 'Sá» tiá»n miá»n thuáșż trong khoáșŁn phá»„ cáș„p nĂ y',
  PRIMARY KEY (`ContractAllowanceID`),
  KEY `FK_Allowance_Contract` (`ContractID`),
  KEY `idx_allowance_type` (`AllowanceType`)
) ENGINE=InnoDB AUTO_INCREMENT=68 DEFAULT CHARSET=utf8mb4 COLLATE=utf8mb4_unicode_ci;

--
-- Äang Äá» dá»Ż liá»u cho báșŁng `contractallowances`
--

INSERT INTO `contractallowances` (`ContractAllowanceID`, `ContractID`, `AllowanceName`, `AllowanceType`, `Amount`, `IsTaxable`, `IsInsuranceBase`, `TaxFreeAmount`) VALUES
(1, 9, 'Phá»„ cáș„p trĂĄch nhiá»m', 'RESPONSIBILITY', 2000000.00, 1, 1, 0.00),
(2, 9, 'Há» trá»Ł Än ca', 'MEAL', 730000.00, 0, 0, 730000.00),
(3, 9, 'Phá»„ cáș„p Äá»c háșĄi (Tiá»n máș·t)', 'TOXIC', 500000.00, 1, 0, 500000.00),
(4, 1, 'Há» trá»Ł Än ca', 'MEAL', 730000.00, 0, 0, 730000.00),
(5, 2, 'Há» trá»Ł Än ca', 'MEAL', 730000.00, 0, 0, 730000.00),
(6, 3, 'Há» trá»Ł Än ca', 'MEAL', 730000.00, 0, 0, 730000.00),
(7, 4, 'Há» trá»Ł Än ca', 'MEAL', 730000.00, 0, 0, 730000.00),
(8, 5, 'Há» trá»Ł Än ca', 'MEAL', 730000.00, 0, 0, 730000.00),
(9, 6, 'Há» trá»Ł Än ca', 'MEAL', 730000.00, 0, 0, 730000.00),
(10, 7, 'Há» trá»Ł Än ca', 'MEAL', 730000.00, 0, 0, 730000.00),
(11, 8, 'Há» trá»Ł Än ca', 'MEAL', 730000.00, 0, 0, 730000.00),
(12, 9, 'Há» trá»Ł Än ca', 'MEAL', 730000.00, 0, 0, 730000.00),
(13, 10, 'Há» trá»Ł Än ca', 'MEAL', 730000.00, 0, 0, 730000.00),
(14, 11, 'Há» trá»Ł Än ca', 'MEAL', 730000.00, 0, 0, 730000.00),
(15, 12, 'Há» trá»Ł Än ca', 'MEAL', 730000.00, 0, 0, 730000.00),
(16, 13, 'Há» trá»Ł Än ca', 'MEAL', 730000.00, 0, 0, 730000.00),
(17, 14, 'Há» trá»Ł Än ca', 'MEAL', 730000.00, 0, 0, 730000.00),
(18, 15, 'Há» trá»Ł Än ca', 'MEAL', 730000.00, 0, 0, 730000.00),
(19, 16, 'Há» trá»Ł Än ca', 'MEAL', 730000.00, 0, 0, 730000.00),
(20, 17, 'Há» trá»Ł Än ca', 'MEAL', 730000.00, 0, 0, 730000.00),
(21, 18, 'Há» trá»Ł Än ca', 'MEAL', 730000.00, 0, 0, 730000.00),
(22, 19, 'Há» trá»Ł Än ca', 'MEAL', 730000.00, 0, 0, 730000.00),
(23, 20, 'Há» trá»Ł Än ca', 'MEAL', 730000.00, 0, 0, 730000.00),
(35, 1, 'Phá»„ cáș„p trĂĄch nhiá»m', 'RESPONSIBILITY', 3000000.00, 1, 1, 0.00),
(36, 3, 'Phá»„ cáș„p trĂĄch nhiá»m', 'RESPONSIBILITY', 3000000.00, 1, 1, 0.00),
(37, 5, 'Phá»„ cáș„p trĂĄch nhiá»m', 'RESPONSIBILITY', 3000000.00, 1, 1, 0.00),
(38, 7, 'Phá»„ cáș„p trĂĄch nhiá»m', 'RESPONSIBILITY', 3000000.00, 1, 1, 0.00),
(39, 9, 'Phá»„ cáș„p trĂĄch nhiá»m', 'RESPONSIBILITY', 3000000.00, 1, 1, 0.00),
(40, 11, 'Phá»„ cáș„p trĂĄch nhiá»m', 'RESPONSIBILITY', 3000000.00, 1, 1, 0.00),
(42, 6, 'Phá»„ cáș„p Äá»c háșĄi (Tiá»n máș·t)', 'TOXIC', 500000.00, 1, 0, 500000.00),
(43, 8, 'Phá»„ cáș„p Äá»c háșĄi (Tiá»n máș·t)', 'TOXIC', 500000.00, 1, 0, 500000.00),
(44, 17, 'Phá»„ cáș„p Äá»c háșĄi (Tiá»n máș·t)', 'TOXIC', 500000.00, 1, 0, 500000.00),
(45, 18, 'Phá»„ cáș„p Äá»c háșĄi (Tiá»n máș·t)', 'TOXIC', 500000.00, 1, 0, 500000.00),
(49, 4, 'Há» trá»Ł Äiá»n thoáșĄi & XÄng xe', 'MEAL', 400000.00, 1, 0, 0.00),
(50, 11, 'Há» trá»Ł Äiá»n thoáșĄi & XÄng xe', 'MEAL', 400000.00, 1, 0, 0.00),
(51, 12, 'Há» trá»Ł Äiá»n thoáșĄi & XÄng xe', 'MEAL', 400000.00, 1, 0, 0.00),
(52, 13, 'Há» trá»Ł Äiá»n thoáșĄi & XÄng xe', 'MEAL', 400000.00, 1, 0, 0.00),
(53, 14, 'Há» trá»Ł Äiá»n thoáșĄi & XÄng xe', 'MEAL', 400000.00, 1, 0, 0.00),
(54, 19, 'Há» trá»Ł Äiá»n thoáșĄi & XÄng xe', 'MEAL', 400000.00, 1, 0, 0.00),
(56, 10, 'Há» trá»Ł Än ca', 'MEAL', 730000.00, 0, 0, 730000.00),
(58, 28, 'Phá»„ cáș„p trĂĄch nhiá»m', 'RESPONSIBILITY', 1000000.00, 1, 1, 0.00),
(59, 28, 'Há» trá»Ł Än trÆ°a', 'MEAL', 730000.00, 0, 0, 730000.00),
(60, 29, 'Än trÆ°a', 'MONTHLY', 750.00, 0, 0, 0.00),
(61, 29, 'trĂĄch nhiá»m', 'MONTHLY', 1000000.00, 1, 0, 0.00),
(64, 30, 'CÆĄm trÆ°a (TÄng)', 'MONTHLY', 1500000.00, 0, 0, 0.00),
(65, 30, 'XÄng xe', 'MONTHLY', 500000.00, 1, 1, 0.00),
(66, 30, 'ThÆ°á»ng hiá»u quáșŁ (Má»i thĂȘm)', 'MONTHLY', 2000000.00, 1, 0, 0.00),
(67, 31, 'Än TrÆ°a', 'MONTHLY', 100000.00, 0, 0, 0.00);

-- --------------------------------------------------------

--
-- Cáș„u trĂșc báșŁng cho báșŁng `contractchangerequests`
--

DROP TABLE IF EXISTS `contractchangerequests`;
CREATE TABLE IF NOT EXISTS `contractchangerequests` (
  `requestId` int NOT NULL AUTO_INCREMENT,
  `contractId` int NOT NULL,
  `requesterId` int NOT NULL,
  `newFileUrl` varchar(255) COLLATE utf8mb4_unicode_ci NOT NULL,
  `reason` text CHARACTER SET utf8mb4 COLLATE utf8mb4_unicode_ci NOT NULL,
  `status` enum('PENDING','APPROVED','REJECTED') CHARACTER SET utf8mb4 COLLATE utf8mb4_unicode_ci DEFAULT 'PENDING',
  `adminId` int DEFAULT NULL,
  `adminNote` text CHARACTER SET utf8mb4 COLLATE utf8mb4_unicode_ci,
  `reviewedAt` datetime DEFAULT NULL,
  `createdAt` datetime DEFAULT CURRENT_TIMESTAMP,
  PRIMARY KEY (`requestId`),
  KEY `fk_request_contract` (`contractId`),
  KEY `fk_request_requester` (`requesterId`),
  KEY `fk_request_admin` (`adminId`)
) ENGINE=InnoDB AUTO_INCREMENT=2 DEFAULT CHARSET=utf8mb4 COLLATE=utf8mb4_unicode_ci;

--
-- Äang Äá» dá»Ż liá»u cho báșŁng `contractchangerequests`
--

INSERT INTO `contractchangerequests` (`requestId`, `contractId`, `requesterId`, `newFileUrl`, `reason`, `status`, `adminId`, `adminNote`, `reviewedAt`, `createdAt`) VALUES
(1, 30, 3, 'contract_req_814ed880-8130-408b-b657-d0cf15ec9c76_hop_dong_30.pdf', 'Upload nháș§m báșŁn nhĂĄp, xin cáș­p nháș­t báșŁng chĂ­nh thá»©c', 'APPROVED', 3, 'ÄĂŁ xĂĄc nháș­n ÄĂșng', '2026-01-08 04:58:31', '2026-01-08 04:22:37');

-- --------------------------------------------------------

--
-- Cáș„u trĂșc báșŁng cho báșŁng `contractfilehistory`
--

DROP TABLE IF EXISTS `contractfilehistory`;
CREATE TABLE IF NOT EXISTS `contractfilehistory` (
  `historyId` int NOT NULL AUTO_INCREMENT,
  `contractId` int NOT NULL,
  `oldFileUrl` varchar(255) COLLATE utf8mb4_unicode_ci NOT NULL,
  `archivedAt` datetime DEFAULT CURRENT_TIMESTAMP,
  `reasonForChange` text CHARACTER SET utf8mb4 COLLATE utf8mb4_unicode_ci,
  `replacedByRequestId` int DEFAULT NULL,
  PRIMARY KEY (`historyId`),
  KEY `fk_history_contract` (`contractId`),
  KEY `fk_history_request` (`replacedByRequestId`)
) ENGINE=InnoDB AUTO_INCREMENT=2 DEFAULT CHARSET=utf8mb4 COLLATE=utf8mb4_unicode_ci;

--
-- Äang Äá» dá»Ż liá»u cho báșŁng `contractfilehistory`
--

INSERT INTO `contractfilehistory` (`historyId`, `contractId`, `oldFileUrl`, `archivedAt`, `reasonForChange`, `replacedByRequestId`) VALUES
(1, 30, '6999d953-2fec-4947-92fa-1c768884cfb9.pdf', '2026-01-08 04:58:31', 'Upload nháș§m báșŁn nhĂĄp, xin cáș­p nháș­t báșŁng chĂ­nh thá»©c', 1);

-- --------------------------------------------------------

--
-- Cáș„u trĂșc báșŁng cho báșŁng `contracts`
--

DROP TABLE IF EXISTS `contracts`;
CREATE TABLE IF NOT EXISTS `contracts` (
  `contractID` int NOT NULL AUTO_INCREMENT,
  `contractCode` varchar(50) COLLATE utf8mb4_unicode_ci NOT NULL,
  `contractname` varchar(255) COLLATE utf8mb4_unicode_ci NOT NULL,
  `type` varchar(100) COLLATE utf8mb4_unicode_ci DEFAULT NULL,
  `basesalary` decimal(15,2) NOT NULL,
  `insurancePercent` decimal(5,2) DEFAULT '100.00',
  `departmentID` int DEFAULT NULL,
  `roleID` int DEFAULT NULL,
  `InsuranceSalary` decimal(15,2) DEFAULT '0.00' COMMENT 'LÆ°ÆĄng ÄĂłng BHXH',
  `AllowanceToxicType` enum('NONE','CASH','IN_KIND') COLLATE utf8mb4_unicode_ci DEFAULT 'NONE' COMMENT 'Phá»„ cáș„p Äá»c háșĄi',
  `fileurl` varchar(255) COLLATE utf8mb4_unicode_ci DEFAULT NULL,
  `signdate` date DEFAULT NULL,
  `startdate` date NOT NULL,
  `enddate` date DEFAULT NULL,
  `Status` enum('DRAFT','SIGNED','ACTIVE','EXPIRING_SOON','EXPIRED','TERMINATED','HISTORY') COLLATE utf8mb4_unicode_ci NOT NULL DEFAULT 'DRAFT',
  `userID` int NOT NULL,
  `WorkType` enum('FULLTIME','PARTTIME') COLLATE utf8mb4_unicode_ci DEFAULT 'FULLTIME' COMMENT 'LoáșĄi hĂŹnh lĂ m viá»c: FULLTIME=8h, PARTTIME=6h',
  `template_id` int DEFAULT NULL,
  PRIMARY KEY (`contractID`),
  UNIQUE KEY `contractCode` (`contractCode`),
  KEY `IDX_Contract_User` (`userID`),
  KEY `FK_Contracts_Department` (`departmentID`),
  KEY `FK_Contracts_Role` (`roleID`),
  KEY `fk_contracts_templates` (`template_id`)
) ENGINE=InnoDB AUTO_INCREMENT=32 DEFAULT CHARSET=utf8mb4 COLLATE=utf8mb4_unicode_ci;

--
-- Äang Äá» dá»Ż liá»u cho báșŁng `contracts`
--

INSERT INTO `contracts` (`contractID`, `contractCode`, `contractname`, `type`, `basesalary`, `insurancePercent`, `departmentID`, `roleID`, `InsuranceSalary`, `AllowanceToxicType`, `fileurl`, `signdate`, `startdate`, `enddate`, `Status`, `userID`, `WorkType`, `template_id`) VALUES
(1, 'HD-OLD-1', 'HÄLÄ Admin', 'INDEFINITE', 30000000.00, 100.00, NULL, NULL, 30000000.00, 'NONE', NULL, '2023-01-01', '2023-01-01', NULL, 'ACTIVE', 1, 'FULLTIME', NULL),
(2, 'HD-OLD-2', 'HÄLÄ IT', 'FIXED_TERM', 15000000.00, 100.00, NULL, NULL, 15000000.00, 'NONE', NULL, '2023-05-10', '2023-05-10', '2026-05-10', 'ACTIVE', 2, 'FULLTIME', NULL),
(3, 'HD-OLD-3', 'HÄLÄ TrÆ°á»ng phĂČng HR', 'INDEFINITE', 25000000.00, 100.00, NULL, NULL, 25000000.00, 'NONE', NULL, '2023-02-15', '2023-02-15', NULL, 'ACTIVE', 3, 'FULLTIME', NULL),
(4, 'HD-OLD-4', 'HÄLÄ NhĂąn viĂȘn HR', 'FIXED_TERM', 12000000.00, 100.00, NULL, NULL, 12000000.00, 'NONE', NULL, '2023-08-01', '2023-08-01', '2026-08-01', 'ACTIVE', 4, 'FULLTIME', NULL),
(5, 'HD-OLD-5', 'HÄLÄ TrÆ°á»ng nhĂłm Ká»č thuáș­t', 'FIXED_TERM', 22000000.00, 100.00, NULL, NULL, 22000000.00, 'IN_KIND', NULL, '2023-03-01', '2023-03-01', '2026-03-01', 'ACTIVE', 5, 'FULLTIME', NULL),
(6, 'HD-OLD-6', 'HÄLÄ NhĂąn viĂȘn Ká»č thuáș­t', 'FIXED_TERM', 10000000.00, 100.00, NULL, NULL, 10000000.00, 'CASH', NULL, '2023-09-10', '2023-09-10', '2026-09-10', 'ACTIVE', 6, 'FULLTIME', NULL),
(7, 'HD-OLD-7', 'HÄLÄ TrÆ°á»ng ca SáșŁn xuáș„t', 'INDEFINITE', 20000000.00, 100.00, NULL, NULL, 20000000.00, 'IN_KIND', NULL, '2023-03-02', '2023-03-02', NULL, 'ACTIVE', 7, 'FULLTIME', NULL),
(8, 'HD-OLD-8', 'HÄLÄ CĂŽng nhĂąn SáșŁn xuáș„t', 'FIXED_TERM', 9000000.00, 100.00, NULL, NULL, 9000000.00, 'CASH', NULL, '2023-09-15', '2023-09-15', '2026-09-15', 'ACTIVE', 8, 'FULLTIME', NULL),
(9, 'HD-OLD-9', 'HÄLÄ TrÆ°á»ng nhĂłm In áș„n', 'FIXED_TERM', 18000000.00, 100.00, NULL, NULL, 18000000.00, 'IN_KIND', NULL, '2023-04-01', '2023-04-01', '2026-04-01', 'ACTIVE', 9, 'FULLTIME', NULL),
(10, 'HD-OLD-10', 'HÄLÄ CĂŽng nhĂąn In áș„n', 'FIXED_TERM', 9000000.00, 100.00, NULL, NULL, 9000000.00, 'IN_KIND', NULL, '2023-10-01', '2023-10-01', '2026-10-01', 'ACTIVE', 10, 'FULLTIME', NULL),
(11, 'HD-OLD-11', 'HÄLÄ TrÆ°á»ng nhĂłm CSKH', 'FIXED_TERM', 17000000.00, 100.00, NULL, NULL, 17000000.00, 'NONE', NULL, '2023-05-01', '2023-05-01', '2026-05-01', 'ACTIVE', 11, 'FULLTIME', NULL),
(12, 'HD-OLD-12', 'HÄLÄ NhĂąn viĂȘn CSKH', 'FIXED_TERM', 8000000.00, 100.00, NULL, NULL, 8000000.00, 'NONE', NULL, '2023-11-01', '2023-11-01', '2026-11-01', 'ACTIVE', 12, 'FULLTIME', NULL),
(13, 'HD-OLD-13', 'HÄLÄ NhĂąn viĂȘn HR', 'FIXED_TERM', 14000000.00, 100.00, NULL, NULL, 14000000.00, 'NONE', NULL, '2024-04-28', '2024-04-28', '2026-04-28', 'ACTIVE', 13, 'FULLTIME', NULL),
(14, 'HD-OLD-14', 'HÄLÄ Thá»±c táș­p sinh HR', 'FIXED_TERM', 5000000.00, 100.00, NULL, NULL, 0.00, 'NONE', NULL, '2023-02-09', '2023-02-09', '2026-02-09', 'ACTIVE', 14, 'FULLTIME', NULL),
(15, 'HD-OLD-15', 'HÄLÄ NhĂąn viĂȘn In áș„n', 'FIXED_TERM', 9500000.00, 100.00, NULL, NULL, 9500000.00, 'IN_KIND', NULL, '2023-02-23', '2023-02-23', '2026-02-23', 'ACTIVE', 15, 'FULLTIME', NULL),
(16, 'HD-OLD-16', 'HÄLÄ NhĂąn viĂȘn In áș„n', 'FIXED_TERM', 9200000.00, 100.00, NULL, NULL, 9200000.00, 'IN_KIND', NULL, '2024-10-13', '2024-10-13', '2026-10-13', 'ACTIVE', 16, 'FULLTIME', NULL),
(17, 'HD-OLD-17', 'HÄLÄ NhĂąn viĂȘn In áș„n', 'FIXED_TERM', 8800000.00, 100.00, NULL, NULL, 8800000.00, 'CASH', NULL, '2023-08-03', '2023-08-03', '2026-08-03', 'ACTIVE', 17, 'FULLTIME', NULL),
(18, 'HD-OLD-18', 'HÄLÄ NhĂąn viĂȘn In áș„n', 'FIXED_TERM', 9000000.00, 100.00, NULL, NULL, 9000000.00, 'CASH', NULL, '2024-02-17', '2024-02-17', '2026-02-17', 'HISTORY', 18, 'FULLTIME', NULL),
(19, 'HD-OLD-19', 'HÄLÄ ChuyĂȘn viĂȘn Tuyá»n dá»„ng', 'FIXED_TERM', 12000000.00, 100.00, NULL, NULL, 12000000.00, 'NONE', NULL, '2024-11-27', '2024-11-27', '2025-11-27', 'HISTORY', 19, 'FULLTIME', NULL),
(20, 'HD-OLD-20', 'HÄLÄ NhĂąn viĂȘn In áș„n (Thá»­ viá»c)', 'PROBATION', 7500000.00, 100.00, NULL, NULL, 0.00, 'IN_KIND', NULL, '2025-11-15', '2025-11-15', '2026-01-15', 'ACTIVE', 20, 'FULLTIME', NULL),
(21, 'HD-OLD-21', 'Há»Łp Äá»ng TĂĄi kĂœ 2026 - test add hdld', 'FIXED_TERM', 15000000.00, 100.00, NULL, NULL, 15000000.00, 'NONE', 'be665f42-7761-447b-985e-fa5afc98cf90.pdf', '2025-11-21', '2025-11-28', '2026-11-28', 'ACTIVE', 19, 'FULLTIME', NULL),
(22, 'HD-OLD-22', 'Há»Łp Äá»ng TĂĄi kĂœ 2026 - test add hdld', 'FIXED_TERM', 15000000.00, 100.00, NULL, NULL, 15000000.00, 'NONE', 'ed354bd8-4ef6-411e-a987-f461080a20c0.pdf', '2025-11-21', '2025-11-28', '2026-11-28', 'ACTIVE', 18, 'FULLTIME', NULL),
(25, 'HD-OLD-25', 'HDLD chĂ­nh thá»©c 12 thĂĄng', 'FIXED_TERM', 15000000.00, 100.00, NULL, NULL, 15000000.00, 'NONE', '54ee9112-26eb-4675-91e2-be668549c24f.pdf', '2025-11-27', '2025-11-28', '2026-11-28', 'ACTIVE', 21, 'FULLTIME', NULL),
(26, 'HD-OLD-26', 'hdld 12 thĂĄng', 'FIXED_TERM', 15000000.00, 100.00, NULL, NULL, 15000000.00, 'NONE', 'faeec71d-efcb-45b0-a0a7-f30732cc0c04.pdf', '2025-11-21', '2025-11-28', '2026-11-28', 'TERMINATED', 28, 'FULLTIME', NULL),
(27, 'HD-OLD-27', 'HÄ lao Äá»ng', 'FIXED_TERM', 5000000.00, 100.00, NULL, NULL, 5000000.00, 'NONE', '875af9d7-b606-4849-a482-6edc88e9cc36.pdf', '2025-12-31', '2026-01-01', '2026-04-01', 'ACTIVE', 29, 'FULLTIME', NULL),
(28, 'HDXD-2026-001', 'Há»Łp Äá»ng lao Äá»ng XĂĄc Äá»nh thá»i háșĄn - PháșĄm Minh TĂ i', 'FIXED_TERM', 12000000.00, 100.00, 4, 4, 12000000.00, 'CASH', 'e554c374-05f8-4f49-8e45-91cd672c174b.pdf', '2026-01-02', '2026-03-01', '2027-03-01', 'ACTIVE', 35, 'FULLTIME', NULL),
(29, 'HDXD-2026-002', 'Há»Łp Äá»ng lao Äá»ng XĂĄc Äá»nh thá»i háșĄn - Nguyá»n VÄn A', 'FIXED_TERM', 15000000.00, 100.00, 4, 4, 15000000.00, 'NONE', 'b8d58822-b0fc-47bd-9deb-4fd92bc131eb.pdf', '2026-01-04', '2026-01-04', '2027-01-04', 'ACTIVE', 36, 'FULLTIME', 1),
(30, 'HDXD-2026-36', 'Há»Łp Äá»ng Lao Äá»ng (BáșŁn chá»nh sá»­a)', 'FIXED_TERM', 25000000.00, 85.00, 2, 3, 21250000.00, 'NONE', 'contract_req_814ed880-8130-408b-b657-d0cf15ec9c76_hop_dong_30.pdf', '2026-01-04', '2027-04-02', '2028-04-01', 'SIGNED', 36, 'FULLTIME', 1),
(31, 'HDXD-2026-49', 'Há»Łp Äá»ng lao Äá»ng XĂĄc Äá»nh thá»i háșĄn - Nguyá»n VÄn A', 'FIXED_TERM', 15000000.00, 80.00, 1, 4, 12000000.00, 'NONE', NULL, '2026-01-06', '2026-01-06', '2027-01-06', 'DRAFT', 49, 'FULLTIME', 1);

-- --------------------------------------------------------

--
-- Cáș„u trĂșc báșŁng cho báșŁng `contract_templates`
--

DROP TABLE IF EXISTS `contract_templates`;
CREATE TABLE IF NOT EXISTS `contract_templates` (
  `templateID` int NOT NULL AUTO_INCREMENT,
  `name` varchar(255) COLLATE utf8mb4_unicode_ci NOT NULL COMMENT 'TĂȘn máș«u (VD: Há»Łp Äá»ng chĂ­nh thá»©c)',
  `type` varchar(50) COLLATE utf8mb4_unicode_ci NOT NULL COMMENT 'LoáșĄi há»Łp Äá»ng ĂĄp dá»„ng (FIXED_TERM, INDEFINITE, ALL)',
  `content` longtext COLLATE utf8mb4_unicode_ci NOT NULL COMMENT 'Chá»©a HTML',
  `isActive` tinyint(1) DEFAULT '1',
  `created_at` datetime DEFAULT CURRENT_TIMESTAMP,
  PRIMARY KEY (`templateID`)
) ENGINE=InnoDB AUTO_INCREMENT=5 DEFAULT CHARSET=utf8mb4 COLLATE=utf8mb4_unicode_ci;

--
-- Äang Äá» dá»Ż liá»u cho báșŁng `contract_templates`
--

INSERT INTO `contract_templates` (`templateID`, `name`, `type`, `content`, `isActive`, `created_at`) VALUES
(1, 'Há»Łp Äá»ng Lao Äá»ng TiĂȘu chuáș©n 2026', 'ALL', '<div class=\"header\"><h4 style=\"text-align:center;\">Cá»NG HĂA XĂ Há»I CHá»Š NGHÄšA VIá»T NAM</h4><p style=\"margin-top:0;text-align:center;\"><u>Äá»c láș­p - Tá»± do - HáșĄnh phĂșc</u></p><p><br>&nbsp;</p><h3 style=\"text-align:center;\">Há»ąP Äá»NG LAO Äá»NG</h3><p>Sá»: <span class=\"bold\">{{contract_code}}</span></p></div><p>HĂŽm nay, ngĂ y {{day}} thĂĄng {{month}} nÄm {{year}}, táșĄi VÄn phĂČng CĂŽng ty MANAPlastic, chĂșng tĂŽi gá»m:</p><figure class=\"table\"><table style=\"border-style:none;\"><tbody><tr><td style=\"border-style:none;height:100%;padding:0px;width:50%;\"><div class=\"section-title\">BĂN A (NGÆŻá»I Sá»Ź Dá»€NG LAO Äá»NG): CĂNG TY MANAPLASTIC</div><div class=\"info-row\">- ÄáșĄi diá»n: <span class=\"bold\">Ăng Nguyá»n VÄn GiĂĄm Äá»c</span></div><div class=\"info-row\">- Chá»©c vá»„: GiĂĄm Äá»c Äiá»u hĂ nh</div><div class=\"info-row\">- Äá»a chá»: Khu CĂŽng Nghiá»p X, TP. Há» ChĂ­ Minh</div><div class=\"info-row\">&nbsp;</div></td><td style=\"border-style:none;height:100%;padding:0px;width:50%;\"><div class=\"section-title\">BĂN B (NGÆŻá»I LAO Äá»NG):</div><div class=\"info-row\">- Ăng/BĂ : <span class=\"bold\">{{employee_name}}</span></div><div class=\"info-row\">- Sinh ngĂ y: {{dob}}</div><div class=\"info-row\">- Sá» CCCD: {{cccd}}</div><div class=\"info-row\">- Äá»a chá»: {{address}}</div></td></tr></tbody></table></figure><p>Hai bĂȘn thá»a thuáș­n kĂœ káșżt há»Łp Äá»ng lao Äá»ng vá»i cĂĄc Äiá»u khoáșŁn sau ÄĂąy:</p><div class=\"section-title\">ÄIá»U 1: CĂNG VIá»C VĂ Äá»A ÄIá»M LĂM VIá»C</div><div class=\"info-row\">- PhĂČng ban: <span class=\"bold\">{{department}}</span></div><div class=\"info-row\">- Chá»©c danh chuyĂȘn mĂŽn: <span class=\"bold\">{{position}}</span></div><div class=\"info-row\">- LoáșĄi há»Łp Äá»ng: {{contract_type}}</div><div class=\"info-row\">- HĂŹnh thá»©c lĂ m viá»c: <span class=\"bold\">{{work_type}}</span></div><div class=\"info-row\">- Thá»i háșĄn: Tá»« ngĂ y {{start_date}} Äáșżn ngĂ y {{end_date}}</div><div class=\"section-title\">ÄIá»U 2: CHáșŸ Äá» LÆŻÆ NG VĂ PHá»€ Cáș€P</div><div class=\"info-row\">- LÆ°ÆĄng cÆĄ báșŁn: <span class=\"bold\">{{base_salary}}</span> VNÄ/thĂĄng</div><div class=\"info-row\">- Má»©c lÆ°ÆĄng ÄĂłng BHXH: <span class=\"bold\">{{insurance_salary}}</span> VNÄ (TÆ°ÆĄng ÄÆ°ÆĄng {{insurance_percent}}% má»©c lÆ°ÆĄng cÆĄ báșŁn)</div><div class=\"info-row\" style=\"margin-top:10px;\">- CĂĄc khoáșŁn phá»„ cáș„p:</div><p>{{allowances_table}}</p><div class=\"section-title\">ÄIá»U 3: NGHÄšA Vá»€ VĂ QUYá»N Lá»ąI</div><p>Quyá»n lá»Łi vĂ  nghÄ©a vá»„ cá»§a ngÆ°á»i lao Äá»ng vĂ  ngÆ°á»i sá»­ dá»„ng lao Äá»ng ÄÆ°á»Łc thá»±c hiá»n theo Bá» luáș­t Lao Äá»ng hiá»n hĂ nh vĂ  Ná»i quy lao Äá»ng cá»§a CĂŽng ty MANAPlastic.</p><p>&nbsp;</p><figure class=\"table\"><table class=\"signature-table\"><tbody><tr><td style=\"text-align:center;\"><p><span class=\"bold\">NGÆŻá»I LAO Äá»NG</span></p><p style=\"font-size:12px;\"><i>(KĂœ vĂ  ghi rĂ” há» tĂȘn)</i></p><p><br><br><br><br>&nbsp;</p><p class=\"bold\">{{employee_name}}</p></td><td style=\"text-align:center;\"><p><span class=\"bold\">Äáș I DIá»N CĂNG TY</span></p><p style=\"font-size:12px;\"><i>(KĂœ, ÄĂłng dáș„u vĂ  ghi rĂ” há» tĂȘn)</i></p><p><br><br><br><br>&nbsp;</p><p class=\"bold\">PháșĄm Minh Anh GiĂĄm Äá»c</p></td></tr></tbody></table></figure>', 1, '2026-01-03 16:24:47'),
(2, 'Há»Łp Äá»ng Thá»­ Viá»c 2024 (ÄĂŁ há»§y kĂ­ch hoáșĄt)', 'FIXED_TERM', '<h1>Cá»NG HĂA XĂ Há»I CHá»Š NGHÄšA VIá»T NAM</h1><p>ÄĂąy lĂ  ná»i dung máș«u...</p>', 1, NULL),
(3, 'Há»Łp Äá»ng thá»i vá»„ 2026', 'FIXED_TERM', '<h1>Cá»NG HĂA XĂ Há»I CHá»Š NGHÄšA VIá»T NAM</h1><p>ÄĂąy lĂ  ná»i dung máș«u...</p>', 1, '2026-01-04 09:04:37'),
(4, 'BiaBC', 'FIXED_TERM', '<p>Bá» GiĂĄo Dá»„c VĂ  ÄĂ o TáșĄo</p><p><strong>TRÆŻá»NG Äáș I Há»C CĂNG NGHá» SĂI GĂN</strong></p><p>Khoa CĂŽng Nghá» ThĂŽng Tin</p><p><img src=\"data:image/png;base64,iVBORw0KGgoAAAANSUhEUgAAAEUAAAAKCAYAAADig5OQAAAAAXNSR0IArs4c6QAAAARnQU1BAACxjwv8YQUAAAAJcEhZcwAADsMAAA7DAcdvqGQAAANFSURBVEhL3ZRJK65hGMf/rznzlCFFGTYslJCh+AgkO1bWFra2PoHs7ewUWUmkLFjJsBEpRGRImWfe8/yu49J7xHuc0zmLc/51P899X/N03woHeHl5Cd/f37O1/dPTU/j5+fltcXYa/M+Wy7sdViSw4X/nnZ6ehrOzs8M3NzdGKy8vD29vb7/xievx8dHObtsBzeW+Cs8hGkJ8FCAQVKCg/f19BYFAomAKhULKzMw03tXVldGjATtZWVk6OztTkPwrVYqLi7O1t7dnto6OjlRXV6e1tTUNDg5qdnbWdLu6utTY2Kj29nZtbm4a7fLyUtXV1RbLw8ODYmJizGZsbKzS09ONj00WMh8BnZSUFIvh/Pzc7Do9MTFRRUVFxgNWFJIHGJ+YmLDCABygXFNTY7yNjQ2jR0NqaqoqKyu1vr6ui4uLV+r3BO7u7lRSUqLu7m5NTk5qampKeXl5Wlpa0tjYmMn09PQoLS1N+fn5amlpUX19vYaGhrS7u2uBE6vHm5SUZL6IK5i0t0Q/AsmXlpYqIyNDKysrVkBAjoWFhWpra7NmGo2KIEBAwZhadzGOEZx7V1B2Q9GAPLaQ9eBBQkKC+vr61NraalMQXBv19vaqoqJC8/PzmpubM3kK5pPW39+vqqoqTU9Pa2RkxIpDVx3EhD/iZUVOifvm73LExZkcmThssYfGFHmuNi8uzLUZHh62riDMOOGsubnZJmV1ddWUooEu19bWanl52cbUgcOTkxMdHBxYkPhjGpqamjQ+Pm4NgQ6/o6PDJuf29tb8+zUcGBiwM7ogOTlZDQ0NFhe+IpsWWSCAHgUO3i8tLCyYLDGxiouLrRnwwNubgmMMHR4e6vr62oRRxFhubq7t6V40oE8hKQzvjycD4AUPqGZmZtTZ2anj42NLhAKQLNeEJOFzHh0d1dbWlvEXFxdVUFCgsrIyi8vt0kymimsaWSz/v0dOTo7xmFLiQR+9D98U230C2O+r/rtgGpgWRpf3gAecQKDv7OzYngZw75kSGkQRKDIPanx8/KulH+Ex/qk4f1qUvwEmkakgCTrlf0KhCMD/PM4U8Cth/tNFwaUn4HfbzxQHeFEc/31RIuGTwiKUyIL9qSR/DdI3+4Lxst897x0AAAAASUVORK5CYII=\"></p><p><img src=\"data:image/png;base64,iVBORw0KGgoAAAANSUhEUgAAAfwAAAGACAYAAABIstCpAAAACXBIWXMAAC4jAAAuIwF4pT92AAAFEmlUWHRYTUw6Y29tLmFkb2JlLnhtcAAAAAAAPD94cGFja2V0IGJlZ2luPSLvu78iIGlkPSJXNU0wTXBDZWhpSHpyZVN6TlRjemtjOWQiPz4gPHg6eG1wbWV0YSB4bWxuczp4PSJhZG9iZTpuczptZXRhLyIgeDp4bXB0az0iQWRvYmUgWE1QIENvcmUgNS42LWMxNDIgNzkuMTYwOTI0LCAyMDE3LzA3LzEzLTAxOjA2OjM5ICAgICAgICAiPiA8cmRmOlJERiB4bWxuczpyZGY9Imh0dHA6Ly93d3cudzMub3JnLzE5OTkvMDIvMjItcmRmLXN5bnRheC1ucyMiPiA8cmRmOkRlc2NyaXB0aW9uIHJkZjphYm91dD0iIiB4bWxuczp4bXA9Imh0dHA6Ly9ucy5hZG9iZS5jb20veGFwLzEuMC8iIHhtbG5zOmRjPSJodHRwOi8vcHVybC5vcmcvZGMvZWxlbWVudHMvMS4xLyIgeG1sbnM6cGhvdG9zaG9wPSJodHRwOi8vbnMuYWRvYmUuY29tL3Bob3Rvc2hvcC8xLjAvIiB4bWxuczp4bXBNTT0iaHR0cDovL25zLmFkb2JlLmNvbS94YXAvMS4wL21tLyIgeG1sbnM6c3RFdnQ9Imh0dHA6Ly9ucy5hZG9iZS5jb20veGFwLzEuMC9zVHlwZS9SZXNvdXJjZUV2ZW50IyIgeG1wOkNyZWF0b3JUb29sPSJBZG9iZSBQaG90b3Nob3AgQ0MgKFdpbmRvd3MpIiB4bXA6Q3JlYXRlRGF0ZT0iMjAxNy0wMy0xNlQxNzozNzozNyswNzowMCIgeG1wOk1vZGlmeURhdGU9IjIwMTgtMDQtMDhUMTc6MzI6MTIrMDc6MDAiIHhtcDpNZXRhZGF0YURhdGU9IjIwMTgtMDQtMDhUMTc6MzI6MTIrMDc6MDAiIGRjOmZvcm1hdD0iaW1hZ2UvcG5nIiBwaG90b3Nob3A6Q29sb3JNb2RlPSIzIiBwaG90b3Nob3A6SUNDUHJvZmlsZT0ic1JHQiBJRUM2MTk2Ni0yLjEiIHhtcE1NOkluc3RhbmNlSUQ9InhtcC5paWQ6ZjhhNTdkMjItZThjYi04NzQ5LTlhZGEtNWMyYjliZDI0NTFjIiB4bXBNTTpEb2N1bWVudElEPSJ4bXAuZGlkOmY4YTU3ZDIyLWU4Y2ItODc0OS05YWRhLTVjMmI5YmQyNDUxYyIgeG1wTU06T3JpZ2luYWxEb2N1bWVudElEPSJ4bXAuZGlkOmY4YTU3ZDIyLWU4Y2ItODc0OS05YWRhLTVjMmI5YmQyNDUxYyI+IDx4bXBNTTpIaXN0b3J5PiA8cmRmOlNlcT4gPHJkZjpsaSBzdEV2dDphY3Rpb249ImNyZWF0ZWQiIHN0RXZ0Omluc3RhbmNlSUQ9InhtcC5paWQ6ZjhhNTdkMjItZThjYi04NzQ5LTlhZGEtNWMyYjliZDI0NTFjIiBzdEV2dDp3aGVuPSIyMDE3LTAzLTE2VDE3OjM3OjM3KzA3OjAwIiBzdEV2dDpzb2Z0d2FyZUFnZW50PSJBZG9iZSBQaG90b3Nob3AgQ0MgKFdpbmRvd3MpIi8+IDwvcmRmOlNlcT4gPC94bXBNTTpIaXN0b3J5PiA8L3JkZjpEZXNjcmlwdGlvbj4gPC9yZGY6UkRGPiA8L3g6eG1wbWV0YT4gPD94cGFja2V0IGVuZD0iciI/PjJq5kcAAE60SURBVHic7b1/jBzHffb5jMT1yJyY2xK1Y8kUqd7EpHHLVTK0Sdk5CtkWdTjBfG1rFEiJdbgcx0AuiYUEXr8nQMCbgzUyLgF8EEALCeQEF4Ak7gX0HqQDV86LNXQ4kcNAxGtL9LvrV0u+F9HJjkjJknYl7S6RobVZ0nN/zDS3pqeru3qm+vfzARbkTlVX1/TO9FPf71NdVWi32yCEEEJItrkp7g4QQgghJHwo+IQQQkgOoOATQgghOYCCTwghhOQACj4hhBCSAyj4hBBCSA6g4BNCCCE5gIJPCCGE5AAKPiGEEJIDKPiEEEJIDqDgE0IIITmAgk8IIYTkAAo+IYQQkgMo+IQQQkgOoOATQgghOYCCTwghhOQACj4hhBCSAyj4hBBCSA6g4BNCCCE5gIJPCCGE5AAKPiGEEJIDtqhUKhQKYfeDqGECqAKYAmB0X5sHcAbATPe1YwCe7r6uQgXAUQDfANBUPMbyKZ8HsKrQTrV7/rvReW+rAH7W7ceMo42jAL6t2D8bE52+muhcM6Bzrdzad2J0++Zk3ue4Cjb/Nk4aHscRQshAtNtt9Yp+PyQR1ACsAGh3/z0N4CSAue5r4o8ZoN3T3WOsAMcclZy33e2T1/lNdAYl9ntpd9s63f1ZdLx+tPvaYoD+2ecQ2znZbV+8htM+bdjnFt/fMZ9z1xznts/ldxwhhAyEio63220Kfkqoole8DEe5hV4hU6UmtFsfoF9O0bd86k+jt591uEfDFWwORFSF1qYO78GHgV5B9mvXQL/ou/XZyVFsvs+KQn1CCBkICn62EAXHlNSZ7pafVmzTcLQ7SAQqCv6cz7mcEbep0L54TM2nroHeQYJffbHv0z51bfEOMjiqY/DrSgghylDws0MFm0LjldY2ECxSr6NXxFQHCs7z+Ymmgf6BgRHgPPagxPTpSxABB3qzG35ZEWeEr2Iv2IOPikJdQggZGAp+drDQKzZerKCT/vfDxKZwqbbtpOY4tiKpJ0bpKwg2vwDY9NFlGOgV+5OK7Vro7X9VUs/E5oBIpb5NUHuFEEIGgoKfHSyo++SnoSaotnjVHG2rHGsjCrlMkKcd7U8HaN+mBu+0+En0DiiMAG2rpOmnsSnwouh7ZUSqYDqfEBIRFPzsYKB/xrcxRHsWegVOdTDhRMwOuAmbgd6Z+Cpp8KBMQ0203TAdx8rE2R5QGFAfIB2F2jwCQggZGgp+trAFZFAfXGSx+2MIvwcVzIqjP1WXOnVHndognfXAQO+AIuhAyEJv/2QRu7PMb6Aj1gnSH0IIGQgKfrYw0P8I3CCiX0e/QItpatUU9LSjL279WFGoMwx1R/tB0+fTjuPrLnWqLmXied0GGSb8U/6EEKINCn72MNAvokFE3z7eKUR1oT1VkRIHCXMu5ZajnycV2w2C81pUAh5vp+q9BN/OrIhtG47jao5jpjH4fAVCCAmMquArLa1LEsEqgPvREVuj+1ql+/s+heOPdo9zLk/bFP5vKbRjOOq95FLH2c7PFNq1FM7f6P5Y6B3oNKG+lLB4PmfbTqroXHex7VUAx7Ep9E91f7eZ8miPEELigxF+6qigP7o96nOM5VHPLvObiGZThX9k7YyeLZ820T1vHf3L0tqZh5rQt7qjPGg6v+o4fkXSH1l2ogL5+2sjnAmKhBDiCiP87DKP/kh/Gp1IuyE5RhT6uk/7Jrw30ZkS/r8K98jacHnNjyY2+1YTXm+g8369OBPwXA85fj/uUqfa/dctgzHf/al0f/8WNjMPAKN7QkgC4fa46WQe/an5I5K6NXSEab7775TLz6pQ3/I5d1X4f8On7iCYjt9PuNQZdfzeDNC+gd73sArgWZd6fql58ZgqOv22BxJugwRCCIkXpvQTi8oEOnHynFt9A510tV+KWXWmvoneVHZNUm+QlL5N1XGs6VKnrlBHhvPYuqSeSmpetFbq2HySwgjQH0IIGQrVlD4j/GRiQk0k3aJfkafQEZ+nferNO84to+r4vSGp50yxGz7nFxEtgybUovdVxbYNdNLvNvOQP44HADM+7YlR/rfQyaDMBOgPIYREByP8RGIh+AQ6Z4RfgfoEsmn0Rr0yxMh9zqOe6WgvyKS6RYXjqhgsgyD2fwXygchR9K9X4Ibp6EcbfByPEBIxfA4/3UzDO91sYwuTm9DY6eWawvks9IqWKakn1jkqqePWtxWPNkVMxzmqHnXFdPq0QtvTjv5UPOragw5Dod1jULt2hBASChT8dGOLpZdQmtgUPWe0Wkewx8Ms+AttVaGOiIHg2+KKgwQ/wZ0W6vm9z5qjbsWjbhXyORFuWAH6QQgh2qHgp5vT6BURy1FuoldMq0JZVXhdVbTEY9pwf/b8NIIJPtAv+otwzzgY6J9Mp9J3Mbo+BvdlbsU0/kmXOrL+BhFvOyPgl/UghBDtUPDTzSI6gueMkJ2vraBXeJ0Rsn2cWEekhn4hF4+rd9tckdQ57dG2SN2ljdPCj/O8NYU2xbbF63Gy22ex3dPw9/nd+rgItfkHNagPggghRCuqgl9QEfRCoRBBl4nASQAPd/9voCMkU9hM7zfRmQk/g94Z4RW4R7BNuM92l9W3sdv2qiNr24mBjuhW0DsTH+i8lyY6s/5V2nJiYvMaGUK/fobONVJpswL5+2z4HGug8zfzWyCIEEK0oxqYU/AJIYSQFKMq+HwOnxBCCMkBFHxCCCEkB1DwCSGEkBxAwSeEEEJyAAWfEEIIyQEUfEIIISQHUPAJIYSQHEDBJ4QQQnIABZ8QQgjJARR8QgghJAdsibsDJHUY6Kw7X+n+fxXAfPdntVunis769fOR9SpaKt0fE5vvvxFTX5wY6P37NLH59xmGCjrvt9L9fR7uf+MagONDnosQEgbcLS9WxO1dB/0xu22dxuY2rUF/VHaEsyDfWU/cXc6uYwnHVrqvy3bdW0TvDnkV9O4K6Pw56lNPPLeTmuSYOd8r0DlWvMbi9VhBZ8c9L476vK/TCn2QYaL387Ti6Osc/HcMdGKg8568Plf2joLT6Gwg5LyOss/MSresJtStSOrbnytCiAvcHjcd2DfSFXRumvXuj4V+gbPQuTkexaZwLrq06bxh2u3ZP9XuayeFOtMefTTRv9VsDb07y1XRL2RiuY2B/pu+5XFuy1F/TtKus94xjzZtjgr1vfoAdITI/lvNoX8b3Bo2/yayPsrObffX7xgv6o62TKHMRO/fuqbY5jQ235M9mBHbNeA+eDrq0paB/kGD4XNulc8HIQQU/DRgQi4QFfTeHCuOcgtyYRNv7m4DApFpeAteBb1R+bRPe/bN3+u8Ynt1n/YM9F6Hmkdd50DH8Gm7BrXBgV3Pr+60UO+kT5ti3RUMLvYGNt+3nziK18erHtCbKVAZwIj1q5I6dfT+fUyP9uzBgawtQogABT/51CC/2dfhL9oyARQjLrdoS8Tq1nOjgl5xdjuXExPeqWm7XDaQkfVPRcRXHHWnfdq2o+yqR52a0J6fiDv7YHnUEwVSpV03DPT+rb3OB3TepyjiKn3zqufsi/3eDUmdCnr/PjVJvTrUBoOEkC4U/ORzEvKbnhiNyaJKtyjJQO9NterTBwvuA4oKgkXiInMe9WtCmysKbdmi7Cc+FWwOjvwGSjZ2XRliXxehFoWr/N3Ec6sMTGSIYl9XqG+g97NRcakjXu+gmYejUL/msoFOBcEGGoQQUPDTQMWjTDUSclJ1HGv49MGQ9EMUE7+buJNjkA80TsL7hu/VD69sRR2bUa74/i1JfdOnDxXFdmT9aEOe5XC2bSq2LSJG4UH+PuJ5px1lVUd5NWCfpuFvj4gDCufn00Dn772Cwa4JIbmFgp9eLAwuCOINVSY4x3zarGMwsbMxIR9oiFmDmk87RoB+nMZmxkAUQ5kA1SCPrg30z8RXpe7osxvTQnnQwRTQL8y1AMeKx9WF1w0M/p7FNkyfOlVHH6pCmf3ZrQ1wbkJyDQU/vYiiHTS1Kd606y7lFrxFxkCvKOtMrVbQe7M3ferX4C+ewObAwI7WLcdxhssx9qDArQ91yEXJj9MKfRazHH4RsRvi3zjIgMF09K0ulNUcZbUB+qWK+Pmy338Vg18PQnIPBT+9zEEtje3ERO9Nu+JSvgjvm2oN4d34pxFMqMRI3SvirKK/r6IoTrscsyLpg4FeQQoagYvnlX1xhrm+Ncfx0wGOtRzH1oUysd8rAfsUFHHAs4LNa76I4R5NJCS3UPDTiYHBo8ua49jTwo84iPBqU7wZq0ThQXBGv0F+6h7tHnXp67RwrFO0K5BHkzXHeYMMuAz0X38nlqOOEaB9oP+ZdzPAsXXHsdPd103H62FH2TXH+ewBViXk8xKSWVQFn0vrJgvL8XsjwLEPCf9vetTzalM8f9OnnaCIbc9jcxleNwz0CsCMR90q+vt6HJtibXbP3XD04yWXth5y/H7C47xu/RBputSxhP/Pw/saODHRe03mJeeQMeX4vdH913K8fkahLecxTuYhf28z6B1UGACeRnaXYSYkOTDCTxR2tOqXxnZDTEXXXMrtSN8Lvwh1UCwEi2yn0RsByjAhj0qPwT1qtbMYbn0Qr2HQ1LZ4PlkmRYzQg2QPgP4Jb8NkH8T3VneUWQrt1dGfDbI/M3X4Zx7E6+z3mSSE+MCUfjpZhFoa20kFvTde06XOUZ82LUcbQc7vhziQUbnBi2Jy0qNeDfIBjoXe92N0X/fqwzADHr/BguFovxqw/foQx9ccx4qDBWe7RoB2TwvHLSoeU/HoCyFkAFQFn9vjJgcTvULdCHBsVfh/E+6p3gq8U+NhYgn/d0ulO6kK//dKMdsp+BmXsgZ6r0MN3ul8J/MKdcS2DeH3Z13qWI7fGwHad6MZoO63HL+79c9mNUC7pmKbIpbjd5W/BSFEB4zwE0MNg6eTxUhrmIhJjLzc0uSDYDjatXzqW476pkfdFXhnDKbRG4HamYaKpP6gGQ4xVb8I9yhZzHIEzR4Aas/4u2HB+30N2q7hOK6ieJx4rYJ+zgkhLjClnz6OQS2N7cRA7423qnhcBf3iK6alBxElN2oIJih19IqnjAr8BziG49wr8BaZQQS/CrXrvzhA2zVsfhZqCHYdbcTB4Bz6ByPOdi3Fdqvova4qGI5z6RpUEpJrKPjpQxTb6QDHVdF7EzUUjjHQufk7zyMOOoL6uTW4i53YpsogQowAvQShDrUBjvM9eQ2mRHGsK/TVQK+QywYfJoKLqt32dPf3iqMNU6GNqlB/Be5RuOFod9qljhtixkJ1gFpznKuqeBwhxAMKfrqoYLD0KBB8QpyBTVE1HGWWox91xT5MQy4oQSJbw3H+mkdd2XtwYgVocxrBrqU4mPAanNSEeqrRsN22KbwmXsuaz/EmegeRVY+6daHeItQGemJfphXqA/0z+wkhGqDgp4s6Bvc1VSJMGxObQimLysQBhEzEbQx0hElWr4LeG7zl07+ao74hqWdCXZSB3qyB6VHPQK9IVjzqqoo90Ct0p33qGkLbzvdXU2zHxOZ7XoF/JG1APbMC9A+iKj717XOI19bvOhBCFKHgp4cKBn/+u4beG+8cOjd3S/ipoTOgmHPUrXq0KwrUSvf4ilBuoTMwWIH3oMAZ0Vke5zTRvzSt4dOuajRaE+r7YaH3epou/Twt1Kn7tFdB73taQefaWY6fOjYHT16RszjQcBvg1YQ25qCeLTLQ+xk5Dfe/l+Xoo8o1BfqtFdXBGiHEBwp+8qlBvtzsXLfM7YYOdG7iTgEP8qMyqKij98bu9nMU7oJbQ794i0JScbwX2XVY6ZZVPdpdhFrUbAutChXHeU6jf4nik/D30WXvS/WnImn3KPrf/2mhzysYbB0FA/1/d/tvILZvn3ca3gOumstxQT7nhBAFVAW/oCLohUIhgi7nDhP+grEK9+fBDQy39risXbfzVNFZltXsvtZE59n4Gcif2Tbh/d7mhWMN+L+XZvfHq92GTxv1bh2/eiI19L73eQBvofPemwrHWwHO5UbDo8zE5t/G6L52Bp0+zgx5XqPbtoneJXnn0Xn/Dah9fkyoTS5cVWyPEOKCamBOwSeEEEJSjKrgc6U9QgghJAdQ8AkhhJAcQMEnhBBCcgAFnxBCCMkBFHxCCCEkB1DwCSGEkBxAwSeEEEJyAAWfEEIIyQFb4u5ADqgPWKcG+SpldY86qwC+73EuE/Kd1hrYXN3NrU8ixz3asXFrw+v8x9FZwc7v3H40sPk+vM4nMo/OtWt41urFBPBU998KNleLewmbq92dBvANR7sWvFfha2Lz+poB+iNrCwrt1IX/W/DuX92jjBCSUCj44bMK4G50bt6Go6yBznKosuNGHcc1AZwQ6jQB/Bb6N1mZgXzp19XuzxH0Lml7HP1L5f4W+jfZaaJ36dYj6BeT4+gswSo7P9BZstUSXv++UNaE+/tSpaFwPrtsHp3rYAivzQD4NuRLBwOdv8sx4ZjjANbQ+VsfRe/68E2X451/W5vj3T4Z8N+1ToXj6HzG7M+gyCqAZ9G/rO1q99+HsPkZaaL3s0cISRvcPCcy6ujdOGRa8Th7o5QVyDcqqTnaVtmMxFTsi3MDGNOjHXtTGRXE4+qSOuImMV79tNB7fZ19tHFu/mI42hA3x5mD/HpXfepVsLkBzYqkDaD/71aXnONYt3+mUC77e5vovRY1oawO+fncOAb/a0EIiRnulpc87Junnwg4qcNfxE303si9BgfOYxZ96okiKBNzsc5pn/ZsagrnP4ne9+XHMXhfW7Ett+i5olAH6H2/pqRODf7Xo+44nyGU2YOdmstxluO4qksd+/Mm9s9wHOc1OKtg87NketQjhMQMBT95iNGlahQMbIpLxaNODb03cplQuB0TZCAha1MczMz5nNfGvh6WRx2VwYZIHXKBteAvks5zug1GDEc7XvhF0eKAxnnd5jyOtQcDXn2ou7QJ9GdsZNjXwfKoQwhJAKqCz1n60WCiN0p6SfE4Ax2hb8J7+9CHuv/OCK99y6ftqe6/sjkEQP/NviGpJ/r1FZ/zApuT0WY82jQdbXn1U0RWz3L8LjvvqqMPTiqO3w2PvjTh/XezhP+Lnwmz+/N9heMaHu27lTk/e1WXOkfReZ9P+7RPCEkTjPAjoQZ56taLKtQ8+RV0IjLLcR7L5xi/P64YuXul3p3nNT3qGt22/FLFtQBtqiBGtl5pdjET4xYhm45+TXu0dRLyfltQ/1uJGIrnNyXnNh3HO20Lu19e14gQkiCY0k8WXqlbL+zUbdWjjoXe1LEoWM6buU0Famlye1AQNPVvedStO/orQ2WwUfPpl40BNZG0HPVkbYvXZQVqWQ0nYlp+JcBxNUcfBzm3aFuI5za6v6+Ak/QISQ0U/GQhCkQ9wHF2JOxFHb0iW0OvIBgux0zDPzqtONqp+vRDNer0yxbY+A02jG47NYW2qvAXSQP9QmhI2qs72htE9MVz+Q28RMSBUJCBgog42BD/tqeh9rcmhCQICn5ysDBYRGZCTQxs4bAx0CuW0y7H2Dd206PdafT22/Dph92m16DGznRYPm1V4C5INqbQll+/AG+RNNAZNIiZkUX4/53E92sfo9IX+5wqAyQ3xH4eC3CcSMVx/mNQexqEEJJAKPjJYdjUbc2jjgH3QYEocM5o2pC87kQUtNP+3e2xLdzqW5K+ulFHryDNoV9gVfsF9Iqk/Xc4jd6BkX2emmKbBnqjdPt4Q+HYmuM4U/GcFcdxqn11Q7wm9nWYG6I9QkhMUPCTgygKKmJnYwuo6VGnBvcI0USvMFSFsir8IznDcXxdob919AqfkzmoP9Mtivtct2375yQ2BWpaoS0Tve/FjmZFsZ9T7JcTA/2DCRXR9xqQeTHtOJcZ4Fgn4kDUFv1h2iOExAQFPxkYGDx1uwL/iMsWjopLmSia4kDDvtFXPdqtorffbu37HSNSg/rAwYD/NbPPpdKvaUd7Rvf1uuT1oFTQnynwG9iJg4RjAc5lDwJ1RON1DP7ZJIQkCAp+MqhisIjMgppArsB7BrvbuW2x8UKM/lZ86tpUJOczfPrppOpop+JSxwrQnkwkTegTvAr6Rd/yqCvWqwY4j3jc0UE6KiAOCIfNFhBCYoSCnwzqGCx1awtuxaNOBf4RohhJ1qE+EXDQCNRN8I7CWwCd2FkLr2tWC9AvL5EURW/YiNlynEvWv2lHPWPA9q0B+wn0Z1GCfDYJIQmDgp8MREHxE1mRRfhH1tPddmsederC+Vcg9/xFTPSKgVf7TuaE46ahPsAQGXSw4YYFb5GsOcorHm2pRNTiYOW0pI4s4+CHmHUZ9ktZc7Q1bLaAEBIjFPxkIAp+XfGYCtTEzm7b9KhjovfGbqedvY6pOY7xqivrk/1+TyPYIi4Vx7lrAc5dczmPn0gaUF9cSCUarwptyQRf7E/dpz0RcTAVZADlhjjo8BvoEEISDgU/GYgCaCkeY9+MveobUI8QxahTJX07aAQK9GcU/LIJTqbR21dD8biqpL4okjIBFq+PLKtiQu1vaPmcr4re9+fXno3hOG5a8TgZ4iDH7/NACEk4qoLPzXOiw1KsU0Vnw5KGR71q91+vOjYnHL/PKPTBRqV9kabwfwOdjWO+H+D4KeH/8+jdyEZGBR3RnkH/xjcV4XfZhkXi9THgPonO7P57RKEvNvMu5eL7W4X69bUcv6se50YVvQOjmSHaIoSkCUb4oVJDbyRleNStYDPyqvi0a2cOqor9WBT64XVMFb2RpGr7NhYGi2BtgvrK09i8ZlVHWS1AX8Tr45YunxbKK5I2DKGdFbhbIeJ5ZBkHN1SyEIO0NcjfmBCSMJjSTw7iDXYO/cJjoFe4aj7tVYT2/Ora1IRjvHB6u1XF9kXsY48FPG7acW7ntbK6PzV0BgOieDpF0ED/gjiVAOe2HOV1x7mcbRnotQ9qLueoOs6hen0qjuOGScE7+0DBJyQDUPCTxVH03mRX0Inw5hyvVT3aMNEfna10X7N8zm9067pFr0BH8JwC2RaO8WtfZBHBJupZ6F+iNuiPmA1wDgac78V06YPpUv+YUPd0t01nhF5H78p/bmJvon8gJQ5qnPVt6nBfTlg8t+xY5/ntfrq1tYjONatjuEf9CCExoSr4BRVBLxQKEXQ585joCPpDjtebAM6g34N2YkAepTbR65+7Ue/WOe5SVoG3QKu0b3MUwM8k53HDxPCLvsxj89pZAeqKVNB/Dey6xwB8u/t/E52/45Sj/jyAZ9F/nQx4ZxdW4e73Wx7H+B0b5PwiTaj/nQkhCUE1MKfgE0IIISlGVfA5S58QQgjJARR8QgghJAdQ8AkhhJAcQMEnhBBCcgAFnxBCCMkBFHxCCCEkB1DwCSGEkBxAwSeEEEJyAAWfEEIIyQEUfEIIISQHUPAJIYSQHEDBJ4QQQnIABZ8QQgjJARR8QgghJAdQ8AkhhJAcQMEnhBBCcgAFnxBCCMkBFHxCCCEkB1DwCSGEkBywJe4OpIF2u20CMGPuBomAQqHQCLP9drtdAWCEeQ6SCFYLhcJ83J0gRISCL6HdblsAvgWgGm9PSJS0220AmAfwbKFQOK6pTQv8LOWOMD5LQtsmgBqAKZ3tksRzBsDxQqHQHOTgQvdD6V2pUBik7dTSbrfrAJ6Kux8kduYB3F8oFFYHbaDdbh9D58ZM8k0DwMPDfJYAoN1uG+jcm6aH7hFJM98H8LT9eVLRcYCC3wfFnjiYx4CiT7EnDhqFQuH+QQ/uiv1pABVdHSKpZh7de5Oq4HPSnkA3TUaxJyIVDBBNddP4Nb1dISnHarfb00Mc/xQo9mSTCgLqFSN8AUZkRMJqoVC4NcgB7Xb7JOjZk36ahUJhPOhB3WBkUX93SAYYB9BUqcgIv5dq3B0gicToRuxKdFOv1bA6Q1KN2X1SIyg1zf0g2aGmWpGC34WPSxEfrJDqkvxhDHAMZ+MTGcqfDT6Wt4klK7i6fh3/77n3I+wKiYODk7dj++gndDQl/QJ+uPavOLvwgY5zkAQzVRnDaGlEZ5OWrGBhcQ1XWtd0noskjO2jn8Dndn5q6HYo+Jt43KTXo+wHiQkfsW8EaMqSFXxwhZ+lrDOy5SatYu9nJ11e+iU2rv1K2/lI8rjjtlu8ildV22FKfxNLVvDB2r9G2A0SB7ePFv2qzKu00/XvK7LyD/lZyjzbt3kOHFcHWM3xIVnBWmuDYp8DfIKRn6m2Q8GHv3/PCD/7+Hyh5gM8h295FX7Az1LmuXO7ZzTWGKBJS1bw3kcfD9AcSRMKGaOGalsU/A6WrODq+nVcXb8eYVdIHNy+zTPCbwRoytO/J9lnu3e26EyQtpgxIj4Zo0D7f1DwO9C/zzk+EX6Qm7QlK6B/n322Fm/G1uLNXlUaAZu0vAqZMco+PhmjmSBtUfA7WLIC+vfZR8G/b6i0w2iM+ET3g+ygx4xRztGZMcq94NO/J/TviS5u1/ekh40lK2DGKPvozhjlXvBB/z730L8nuqB/T3SiO2NEwad/n3vo3xMd0L8nutGdMaLg07/PNfTviS7o3xPd6MwYATkX/O4KVoasnM+4Zh+fFazo3xNl6N8TnYSQMcq34MPjC8UVrPKBTzr/pQBNMRrLOfTviU5CyBjlXvB5k84xOlewAqOxXEP/nugmhIxR7gXfkhXwC5V9dK1g1W63TXhEY+99SGso69C/J7rR7d8DORZ8vx2oPrzCL1XW8Zmw1wjQlCUr2Lj2K6y1NgI0RdII/XuikzD8eyDHgg/697lH4+N48miMA8dcQP+e6CQM/x7It+AzZZZjIvPvaQ1lHvr3RDdh+PdAvgXfkhXwC5V9NPv3pqycg8fs4xONNQeIxh6SFfBR4XwQhn8P5FTw6d8T+vdEFz67mTUGaNKSFTAYyT5h+fdATgUf9O9zD/17ogufbFFQ/94EM0a5Jiz/Hsiv4NO/zzH074kuRksjGNnieRttBGzSkhUwY5QPfDJGM8O0nVfBt2QFvElnH/r3RBc+maJmoVBoBmySGaOcozNj5CR3gk//ntC/J7rQ+FmysWQFDEayTwgZox5yJ/igf5976N8TXdC/JzoJIWPUQx4Fn/59jqF/T3RB/57oJoSMUQ+5EvzuClaWrJzPuGYfn4hslf49UYX+PdFNmP49kDPBB1ewyj0an5m2ZAWMxvIB/Xuik7D9eyB/gs90fs7RuIIVo7GcQ/+e6CRs/x7In+BbsgLuQJV9NK9gZckKGI1lH/r3RDdh+/dAjgSfO1ARXStYtdvtCjyisfc+5FyQrEP/nugmbP8eyJHgg/597tG4A5UlK7i6fh1X168HaIqkEfr3RCdR+PdAvgSf/n3OicS/5805F9C/JzqJwr8H8iX4lqyA/n32UfDvj7YVAVCVNfIBb86ZRyEaO6b6Wep+nhZlDdG/zwdR+PdATgSf/j3xie61wQg/+9zh/WinVrg2SD6Iwr8HciL4oH+fe3z8ey3Qv88Ht2+LZvAIMGOUB6Ly74H8CD79+5wTRYTP6D4f+PitWuFnKvtE5d8D+RF8S1ZA/z77KPj3WmA0ln18vFatMGOUD+687ZNexTM6z7VFZ2NJJK3+/fJaC8tXWgCAsW0ljI2WYu5Rb59EktI/GfTviS4Y3RPdaNy905fMCz4S6N9fuLzUEc+1qzh/eQkA8Nb7K2itq83GndhVBgDs3VnG2OhW3F2+FWbZCKu7N5j96ZuYPfdm3+uPHpzEIwf3hn7+QaF/T3RB/57oRCFj1NB5vjwIfuz+/esX38GFy0u4cGkJzaXVodu7cGmp518AKBVHMLGrjImdZUzsKocyABDPlya2fvN38GEE5zkYwTkIcPbf/jDS87149jxeOLsQ6TmTxsSuMp76+v2hnuP3//f/K9T2daEzwPGJ7ucLhcKqlhN1yYPgW7KCdz/6ZWgnff3iO3j94js4d/Ft5ch9GFrrGzfOCQBjoyUc2L0DU5PjWsR/ea2lZbASNVF494QQMgg+GaOG7vNlWvC7K1hVZOW6I/zW+gZ+dO5NNBYWsbzW73VHyfJaC7PnOin4sdESrMlxTE2aA3vtZxaaejsYEVH594QQEpQo/Xsg44KPiHagsoV+9tw/RhLNB2V5rYUXzi7ghbMLmNhVhjVpYv/uu1Aqjii30ViQLgaWaO6McJEUQghRJWr/Hsi+4Ie+A9XsuTfx4tmFRAq9GxcuLXW9+NcwNTmOA7t34MDuHZ7HvHj2fOwZi0HZvu0TuBJ3JwghxEHU/j2QfcG3ZAXDzs5vLq3ixKm51E5kA4AzC4s4s7CIUnEE+3ffhQO7d2BiV/lG5L+81pLOzE8DCitYEeLLxK4x/E/F30Jz6UOsttbxXxaX4+5SKIyNdh6vLRVHYJZvdZRtDf38jx6c7PndfoIpKfdYezL0xK4xLe1F7d8DGRb8MHegOrOwiBOvzGmL6id2lbF3ZxkTu8awtfiJvkl29vPv4qN8Or8ErfWNG+IPAGbZQGt9I7VRvU2Uz0yT7DKxs4yHD/4GPrfzUzde+4eFt/FfFpfxD29cxj8svI21VvqemTfLRmdS76cNTOwsx92dvpnvj2Dz9+bSKi5cWsKZhcXIJg/bE58P7N4RyvWJ2r8HMiz4CMm/f272tRvCOAxm2cDh/XuUvHR75I2dnd/tL0JYTwKkcTa+G1GuiubH+rYyPh79NFpj47he7EycXNt5T0+d8vlXUD7/ShzdAwAs/N5f9vxeXHsft1zpDCy3vd15LG308huR9ysJOKOx35m8C78zeRf+9Kv7AAD/56kL+PevnMc/LLwdR/cCcWD3Dhw5tC/Ri2U5McvGjXtmZ07SeS33YTemJsdxeP+eUNc2icO/B7It+Fr9+9b6Bp45+erQkfXYaAmPH75Xy4jRHn221vfhzBuLmP3pm6mPynXiswNVaFwrlnBl5z1Yu2sSrfKvY+2uSf+DEL+Y9vVT0u/ilSWUlv4Zo28vYPTyGygtp3NCZxD8skV/cGgCf3BoAn//k3/C//zsy4mN+B8/fC+mJsfj7sZQ2PdQ6x4Tz82+pu2eN7GrjMe/fG8kA6E4/Hsg24JvyQqC+vet9Q189/lTQ0e+Ya1IVyqO4PD+PTi8f492uyGtRO3fXyuWsLT3ASztfQCtsXTfUP1Y31bG+rYyPvrslwB0BgDbf/5jlM+/kknxv+M29Sc9vvrF38D/8xeP4ovT/z7EHg3GowcnUy/2IhM7y/he7UEt9+apyXE8fvhePR1TIA7/Hsio4Ov073WIfak4gu88diiS5W+nJsexf/ddePHsQmon2+kgKv9+fVsZl377MSztfSCS8yWR9W1l/OLzX8MvPv81lJYX8Zn//MNYrQndBLWGfnN8DP/rY7+N/+35/xRSj4IzNlpK9PLXg2LfW4e5R0ct9kA8/j2Q3d3yLFlBUP/+B7M/GUrszbKBv/qTr0Yi9jal4giOHNqHpx67P9Cz9lkibP/+pvJncP0bf45zf/h3uRZ7J62xcVx88Fs494d/1zdHIa0MMnj8869/CXeXt4XQm8F4NINib1MqjuCJh+8b6F5n2wNREpd/D2RX8LX49ydOzd1YqnYQzLKB7zx2KDbRndhZjnywkRTC9O+3/v4f4dYf/BD/8vn/PrRzpJ31bWUsPPoX+K9f+3e4VkzP5DAnI1tuwmhpsO/vHzyQDJEtFUcylcp3Y2y0hMP7Pxf4uDgGQj4WUWj+PZBdwbdkBar+/ZmFxaFS4naqKe4Iu1QcwfdqD2b+Cy8Sln9fKH0K2777t/jk7/0RgHh2WkwbH332S5j/g2dTO69hmIHj/3hoQmNPBmf/7rvi7kIkfHn/nkD14xoI+WSMXgrz3JkTfB3+/fJaCydemRuqH988/MXYxV4kC7NzVQnDv99i7sGtP/ghRvZ+4cZrulZrzDrr28pY+L2/TKX14ZN+bQD4tqzw7vI2/Oa4nkVahmGvpoVikk6pOOK7aqhIHAMhhYxRI8zzZ07wocG/f+5Hrw01y11ludo4yIvo6/bvt5h7sO27f4tCaXPhlbXWBjau/UrrebLMtWIJFx/8lhbRH307uq1q/SZXFQqF7wNYlVX4ncn4o+skLKoTFUHuu3EMhPwyRoVCoRHm+bMo+EP597Pn3hz6Wfsjh/YNdXyY5EH0dfr3bmIP6N9pMS/oEv0oCBCNzcgq/Oavxyu2peJIqhbYGZYgg5s4BkIKGaNQyaLgW7KCdz/82PPA1voGXjw7XPRwYPeOxH/Bsiz6Ov37m8qfcRV7gP79MFx88Fup8PQDRGM/k9WJe6b+3Z++1b9ShrD3AlCtGzVxPY5nkynBb7fbFXj69943aR273qVFSB8/fG8mZ+/r9O8/9eQzrmIP0L8floXf+8vEz94PEI3Nyyr9Vswe/ti2ZF/jMFAZ5MRx74vbvwcyJvjwiO6vrl/H1fXr0gOX11pDL1QTdNJI3CThKQLd3HnbJ7W0U/rG/4ItpvusX/r3w3OtWML/99Cfx90NTwJEY/OySqOlePdzKCc82xgGKmK+9Zbol92O278Hsif4cv/eJ7p/4ez5oU+etvRZqTiCJ373vri7oRUdEf7I3i/glq88Ji2nf6+Htbsm8YvPfy3ubrgSJBrze246btHPG6ViMnfJjNu/B7In+Jas4AOPm3RrfQPnLg6/y9XeFM6GndhZ7tuHOq3omp3/a39a9yynf6+Py7/9WCJT+zqjsTjT+lHsY580VN5zHPfquP17IEOC3/XvDVm5V4R/5o1FLZvN3J1ST/yRg3sz4efriO63/v4f4abynZ513vvIe/InUedasYRF6w/j7kYfA0Rj86F0ZEiSPoE4DJL4npPg3wMZEnwM4d/P/lTPJjOlW9Lrh3/z8Bfj7sLQuO1AtXH+p8rHF0qfwi3/Rp7KB5jOD4OlvQ9gfVuysmMDRGOr4fSEZIEk+PdAtgR/IP++ubSqbT/lrQn1jlQwy0bqU/vDRvif/Mpj0ln5Nh9cYTo/DC79tvdAK0qSEo2R7JAE/x7IluBbsgIv//7Mgr79u9OeFn/k4N5EpsNUGNa/V4nuAUb4YZGkKN9nc5PVqKIxkh2S4N8DGRH8Yfz7YXbDyyJJXiXQi2Gj++L9X/GN7gFO2AuTpMzYv937s9SIqBskIyQpY5QJwceA/r3OdD4ALRP/4ubA7h2Y2JWMSCsIbv59ED75b/4H3zqM7sMlKUvubvfOFkUWjZFskBT/HsiO4A/k3w+7Zr6Tt5ZWtLYXF3HsET0sw0T4W8w9vjPzAfr3YXOtWIpd9LcWb8bW4s1eVRoRdYVkhDu3e1pEMxF1A0B2BN+SFXj59xcu6xX8rDCxs5yqKH9Y//6Wr/hH9wAj/Cj48DfifVrEJ7pfLRQK8xF1hWSEJGWMUi/4w/j3zaVVrX1pfZz+lL5NmqL8Yf37T9wrTRD1QP8+fD767JdiXYiH/j3RSdIyRqkXfAzo37fWN7T69wDwluYBRJykKcofxr/fYu5RmqzH6D46ruy8J7ZzJykaI+knaRmjLAj+QP59GH57MyMevo01acbdBSWGifCL939VqR79++iIK62ftGiMpJ+kZYyyIPhVWcG7H8qXQG2+v6q9I7onAcbN1OR44p/L93lm2pctk19QqscIPzrWYorwkxaNkfSTtIxRqgW/3W5bXuVee5ZfDeERutb6hvZ5AXFjTY7H3QVPhpmwVyh9SroFrhP699Gxvq0cyyI8SYvGSLpJYsYo1YIPD//eb8/ysNLvOlfuSwJTCU/rD/s4ngqM7qMnjig/adEYSTdJzBilXfA9/Hvvm3RYi+RkbeW+sdESDuzeEXc3XFFYwcr7eMV0Pv376GmNRZtZSmI0RtJNEjNGaRd8S1YQVwp2ea2VuSg/qYLvt4KVHzcrRvjvecwFIeHQKv96pOdLYjRG0k0SM0apFfxh/HsAeOv98GbUv3D2fGhtx8H+3XfF3QVXhl1wZ4v5Od86G9d+hbVWdtZXSAtrd0W7c2MSozGSXpKaMUqt4GMI/x4Id9375bUWTpyaC639qCkVRxIZ5Q+74I7Kcrp+A0cSHlFO3EtiNEbSS1IzRmkW/IH9+yiYPfdmplL7EzuTtQjP0P79XkX/nrPzY+Pj0U9Hcp6kRmMkvSQ1Y5RmwbdkBUm5SZ94ZS4zj+klLcIf1r9XWV0PSMbgMa9ENXHvDu/NTZr070lQkpoxSqXgD+vfR0VrfQPfff5UJjbpGRstJWoRnqH9+3H/CXv07+PlekRr6vt8lhqRdIJkhiRnjFIp+BjSv4+S1voGnn7+dCbS+0mK8of278c+41snKQPHvCJ7Fv/mj/9F63l8skX070kgfKL7WDNGW+I68ZAk2r9347nZ19BcWsWRQ/vi7srATOwsY/bcm3F3I5B/P7L3C9j+f58b6DxJsYbyytpdkzj7b38Y6jlGSyMY2eIZ9zRC7QDJHHd6W0SNiLrhSloF35IVqN6kzbIRub8+e+5NXLi0hCcevi9R6XFVzLLhuoPe2OjWSPsxrH+vSlIHj0QfPpmiZqFQaEbUFZIRkpwxSp3g6/Lvt94SjWg4aS6t4snjL+Obh7+YqBS5CmOjJTz19fvj7sbQ/r0K9O/zAf17opOkZ4zS6OFbsoKk+fcyWusbeObkq3jm5KuhrgeQVYb171Wgf58PkhyNkfSR9IxRGgX/IVlBkBTs2Lb4U+qvX3wHf/Y3f58IXzwtDPv8vSr077NP0qMxkj6SnjFKleC3220DQEVW/t5H6muelxPiobfWN3Di1Bye/g+nM/PMfpjccZvnhJhVaPpS0b/PPkmPxkj6SHrGKFWCD490PhAsKru7bAzZFb1cuLSEJ4+/jOdmX2Oa3wO/FawKhcL9AL4BYGbQc9C/zwdJj8ZIukhDxihtgq/tcbykzpI/s7CIP/ubv8eLGduARxcqK1gVCoXjhULh4YIHAI7LGqF/nw+SHo2RdJGGjFHaBN+SFQTds9xMWIQv0lrfwAtnF/Cnf/sf8frFd+LuTmLQvIKVJSugf5990hCNkXSRhoxRagTfz78fxHNNsugDnV33njn5Kv39Lrp2oGq32xUApqz8vQ/V54KQdJKGaIykizRkjFIj+NDo39u4LSKTROjvd9C4A5UlK7i6fh1X168HaIqkkRCiMXOgjpBMkJaMUZoEX/tyuknb8tWPvPv7Gneg8vgsMZ2fB3RGY+1224SH4G9cbwdpjqSQtGSM0iT4lqwgqH9vk5YIXySv/n50/j0n7GUdhWhsJmCTlqzg6vp1PvGRA9Lg3wMpEfww/HsAKBVHUre8rU3e/H3N/r0hK2eEn33u8N7cZL5QKKwGbNJjMTB+nvJAGvx7ICWCjxD8e5u0Cr5NXvx9+vdEF7dv0x6NWbICZoyyT1r8eyA9gh/adrhTk+MoFcNfqjVssu7v078nuvDxW4P69xUwY5RrfD5P80nx74H0CL4lKxjUvxeZumd86DaSQFb9ffr3RBcKOy02AjZpyQqYMcoHd972Sa/iRkTdUCLxgh+Wfy9y+At7hm4jSWTN36d/T3ShEI2tBmySGaOcozNjFDaJF3yE6N/bjI2WMDWZjShfJCv+Pv17ogv690QnIWSMQiUNgh+afy/y6MG9mfDy3Ui7v0//nuiC/j3RSQgZo1BJg+BXZQXvfvRLbScZGy3h8P7PaWsvaaTV36d/T3RB/57oJoSMUagkWvD9VrDSvWf5Iwf3JnYXPV2I/v6Fy0txd8cXn2emm/TviSr074lu0uTfAwkXfHiMoMPas/zxw/dqbzOJXLi0hKefP43nZl/D8lor7u5I0biClSUrYDSWD+jfE52kzb8Hki/48hF0SHuWT+ws4/D+bM3a9+LMwiKePP4yXjx7PpET+zSuYMVoLOfQvyc6SZt/DyRf8C1ZQZh7lh85tC/xW+fqxPb3nzz+cqLS/JpXsLJkBe9yO9zMQ/+e6CZt/j2QYMGP2r938sTD92V21r6M5bUWnn7+NE6cmktEtK9rB6p2u23BKxoLKVtEkgP9e6KbtPn3QIIFHzH49yJjoyV857FDoZ4jqcyeexPfff5U7N5+FP79WmsDG9d+FaApkkbo3xOdpNG/B5It+JH7907MspGbSXxOmkurePL4y7Gu1BeNf8+bcx6gf090kkb/Hki24FuygjD9eydTk+O5Ff3W+ga++/ypWEQ/Kv8+ys8SiYc7bvN8tBOFQmEmYJOWrGCttUH/Pgek0b8HEir4cfv3Tij60Yu+Zv9eCv377KPRGrJ5SFbAjFE+SKN/DyRU8BGzf+8GRT9a0ad/T3QRws3ZkhUwY5R90urfA8kV/Nj9ezco+tFN5KN/T3QwsuUmjJY8n7ZpBGmPGSPiYxE1kurfA8kVfEtWEPcIOu+i/8zJV0N/ZI/+PdGFz8ARhUKhEbBJS1bAjFE+SGs6H0ig4CfNv3djanIc36s9mLvn9IHO7P0Tr8yFeg7690QXIfj3zBjlGN0Zo6hJnOAjgf69G2bZwPdqD+ZqRT6bMwuLoe64R/+e6IL+PdFJCBmjSEmi4EtH0O99lKwlUO3FeaYmx+PuSuT8YPYnoaX26d8THdC/J7oJIWMUKUkU/KqsIIkrWJWKI3j88L14/PC9uUrxt9Y38IPZn2hvV8G/nwnQnCUrYDSWfejfE92k2b8HEib4aV7Byvb185Tif/3iO9pT+3ds95wBq7yCFaMxQv+e6CTt/j2QMMFHynegGhst4Xu1B/Howcm4uxIZJ07pncCncQUrS1bAaCwf0L8nOkm7fw8kT/AzsQPVIwf35ibaX15r4cWz57W1p/EmzWgsx9C/J7pJu38PJE/wLVlBEv17L+xZ/EcO7cu8tz977h+1TODTtYJVu9024PFZStrkT6If+vdEN2n374EECX6a/XsvDu/fg+/VHsz0TP7W+gZ+dO7NodvRuAOV5VXI9Gv2oX9PdJIF/x5IkOAj5f69F2OjJTx++F489dj9mU3zNxYWh25Do3/Pm3POoX9PdJIF/x5IluBnwr/3YmJnGd+rPYjHD9+LsdFS3N3RyvJaC2eGFH2NN2lLVvDBlWx8loicrcWb/aKxmSDttdvtqlc5/fvskwX/HkiW4FuygrT5935MTY7jr//4K3j04GSm/P3GQnPgYzX79xVZOSP87LPd+7O0WigU5gM26Zkxon+ffbLg3wMJEfys+vd+PHJwL/7qT76Kw/v3xN0VLVy4tDTwbnr074kubvf+LDUGaNKSFTBjlH2y4t8DCRF8ZNi/96NUHMGRQ/vw13/8FRzYvSPu7gzN7E8Hm7xH/57owifCDxSNMWNEfPz71bT490ByBD/z/r0fY6MlPPHwfXjqsfsxsascd3cGZtCV9+jfEx1sLd6MrcWbvao0AjZpeRUyY5R97vRe/bMRUTe0kBTBt2QFWfPv/ZjYWcZTX78/tRP7ltdagdP69O+JLqL270n20ZkxipvYBT+v/r0faZ7YFzTKp39PdEH/nugkhIxRrMQu+Mixf6+CPbEvTevzX7i8FKg+/XuiC/r3RCchZIxiJQmCL71Jv/chl0AFOhP7Hjm4F3/9x19JxYp9Fy4FE3z690QH9O+JbkLIGMVKEgS/KivgF6oXe8W+pM/ob61vKPv4d9zmOSEGhUJhRqUdRmOE/j3RTZb8eyBmwecOVIMhzuhP6lK9zaVVpXoaV7CyvAo5eMw+9O+JTrLm3wPxR/iWrIA7UPkjLtWbtIl9bykKPrfDJbqgf090kjX/HgC2xHz+yG/SL549jxfOLvS9nub966cmx7F/91048crc0OvZ66K5tOJbR/MKVpas4N2PfhmgGZJG6N+TIIyNbvWtkzX/HkhwhB/1F+otBYFKMqXiyI0d+ZLw/H5rfcO3jq4dqNrttglGY7mG/j0Jgso9Mmv+PRCj4CfNv1f1nJOOneaPe1KfyqS9KPz7jWu/wlrLf/BB0g39e2Jz4dLy0G1k0b8H4o3wLVlBHP59VgQf6ET7Tzx8Hx4/fG9sfVAR/Ej8e078zAX074lOsujfA/EKfqJSZkGfHU8DU5Pj+F7twcRN6AOi8+/ptWaf0dKIXzQ2E7DJqqxg49qvAn+m9u6Mb28MHdFuFpnw+Ztk0b8HEhrhx3WTzlKUb2OWDXznsUOJE33N/r0pK2c0ln18MkXNQqHQDNgkM0YpRmXCsB9Z9O+BmAQ/af69TRajfCA+0fdaYpf+PdGFxs+SjSUrYMYo+fhNGPabsJdV/x6IL8K3ZAVxPn8fdA34NGGWDRx5YF/c3bgB/XuiC59sUVD/3gQzRqnm6sfefyM/wb/DezvcZlr9eyA+wU+Uf2+T1QjfZmpyPBFr8dO/J7oYLY1gZIvnbawRsElLVjBoxujuGNf30JHeTht+1uzYNm/BDyFjlBgSF+HHeZNurW9k0scXOfLAvtj9fPr3RBdp8O9Lt8T3fVNZDyNLqDwdVPaJ8HVmjJJG5IKfVP/eJutRfqk4Ellq/+7yra6v078nuqB/T0SWr/gLvlfGJYSMUaKII8J/SFaQhPXzk7I0bZhMTY5HshqfLJNA/57oIg3+vd8jYGGS9QDGSfP9Vd86Xve+EDJGiSIOwbdkBe999HGE3XCnubSaizSYFZOXv7V4s59/PxOgOUtWwGgs+6TBvyfRohLhe+2ZkmX/HohY8NOygtW5i2/H3YXQmZo0YzmvrhWs6N+TNPj3NhO7YozyM/z0kRO/OVh+G6Rl2b8Hoo/wLa/CpERlr198J+4uhM7YaCnU3QFlNziNK1hZsgJGY/kgTf59nBNlWx/n57vgZ2HI5hUB2ffvgegFP5GP4zl5/eI7uUjrhxl1yP17bStY0b/POWnw721MD6EJm7cy/uSRjcoTVl5BTtb9eyBBEX7SdqDKQ1o/zMlEbjc4zStYWbKCdz+Mfy4ICZe0+fd8Fj98VCYomp82pGVZ9++BCAU/Lf69zey5N+PuQuiEmdIfG93a95pG/74Cz2gsWYNHop80+fdAuN81P7K+toiNylwFryAn6/49EG2Eb3kVJsW/t2kurWb+ixLmo3luXlkU/v3V9eu4un49QFMkjaTJvwc637W4fPzltVYuLEq/uVdeFmYe/HsgWsFPhX8vkocoP4ybUKk44hrRROLfJ2zgSMIhTf69Tawz9TP+PL7KRGuvbYrz4N8DCYnwk+bf25y7+HbmR8Z3f1r/ZCK3G1tU/v0HCR08En3cPlr0i8ZmAjZZlRVcXb+u7YmPWBfgyfijeSqCP7FrTFqWB/8eiEjw0+bf27TWN3DmjeyvvKcbtxubZv/ekJUzws8+PtHYfKFQWA3YZCQZowO7d2hrKyhZjvBb6xu+k6xLxZHc+/dAdBG+5VWYNP9eZPan2U/r68btxkb/nuji9m1R+vf6gpGw177worm0qrSxTBpRycTSv+8QleCnzr+3WV5r5WJ9fV2MjZZcJwPSvye60LgXQ+QZowO779LaXhCymtZXmWvllV25Y/stXofOZ8W/BxIQ4SfVvxd54ez5uLsQGrpH/W5r9NO/J7rw8VoBjc/fh5EximtJawBoLDRjO3dYXLi8pPQ01X6PgVYIGaPEErrgp9W/F1lea2V2xr5uwXe7odG/J7pIq39vMzZaim22/oVLS5lL66sEY1OT455PI+nMGCWdKCJ8y6swyf69yItnFzI3Y1/3+5nYVXZN59O/J7pIq38v8ujBvaG0q8KZDEX5r198R2kyolc6P4SMUaKJQvAfkhUkYTtcVVrrG3jx7ELc3dDKW5qX3Dz8hT2ur9O/V6O0zLkifqTZv7eZ2FmOLcqfPfePmQhcWusbOHFqzrfe2GjJU/BDyBglmlgj/LRE9zaz597M1Op7Fy4ta2tL9sUaLY34+fczAU5jyQqy4N/fvB5vunX07WQPaNPu34vEFeW31jfwowzYkz8696aSPeE2p0gkT/49ELLgZ3HP8h/M/iTuLmhD56YashuYrhWs6N+TtPv3IhM7y7E9l5/2KP/C5SW8oJBtLRVH8OX97llHmzz590D4Eb4lK0jrnuXNpVW8mJFZ+yqrU6kwNlrClGQkrXEFK0tWkBX/vrT0z7Ge/+aP/yXW8/uRBf9e5MihfbGsr59me7K1voHnZl9Tqnt4/+c8r2/e/HsgfMHP5J7lL5xdSH1qX+faAo8fvldapnEFq0z79wCwJeaU/q8lfA5BFvx7kbHREo48sC/087gxe+7NVD6X/93nTyml8jVE95nz74EYI/y0+fdOnjn5aqrTYrqi+4ldZemSlZpXsLJkBe9+mJ7JnzKS4J8nedJglvx7kanJcWl2LGyem30tVfew52ZfUw60/KJ7IH/+PRCi4GfRvxdZXmul1s9fXmtpEfxScQSPf9kjutfn31vwisZSnC2yKa69H3cXEtEHGVny750ceWBfLEvuLq+18MzJVyM/7yA8N/uaclZybLSERxQmRebNvwfCjfAtWUFa/Xsnr198R+nRkKSha+XARw5Ouj53bxOFf7/W2sDGtV8FaCqZJCXCj9tWkJE1/16kVBzBNw9/MRY//8KlJWVPPA5a6xt4+j+cDmRBelmMNnn074FwBT+T/r2T2XNvpmqt/ebSqpb+Tuwq47CfRxaJf5+Nz9Lo5Tfi7gIA4Laf/zjuLvQxsuWmzPn3Tsyyge88dijy8wKd+TxJFP3m0iqePP5yoJ3+Hj04qbQNcR79eyCmCD/t/r2TIOmmuNFhQ5SKI3ji4fs860Tl32fhszT69gKKV5IxgWr7PyXPpvIZOKJQKMwEbLIqK1hrbcT2xIdZNpSi0zA4s7CIJ4+/nBhP/8Wz5/Hk8ZcDLQU8sauslMoH8unfAyEJftb9ezfSIPovnj2v5emCJ373Pt/0o2b/XkoWskXl86/E3YUb3PbzHydm8GGj0RqySWzGaGpyPDbRby6t4s/+5u+1TegdhNcvvoM//dv/qPScvYhZNnyDEJE8+vcAsCWkdi1ZQVb8ezeem30Ny2tXlUeZUfL6xXcCf4ncePzwvUopM/r3aoy+vZAowQeAX2/8Hf7r1/5d3N24QQg3Z0tWkISMkT1rP440e2t9A8+cfBUTu8p49OBepe+6Ds4sLA68kqlth6jOgbjjNs/tcIEMR/hhCX4u/Hs3Os/or8Q2CceN5tKqllR+kEeI6N/7s2W9hfHT/0fc3ejjtp//GOXzr2Bp7wNxdwUjW27CaMnze9QI0l5aMkZxij7Qmcz39KUlTOwqw5o0Q3l08MLlJbx+8R2ceWNxYCshqNgD/sFIVv17IIYIPwkj6LB5/eI7aB5/GU88fF8sj9uINJdW8d3nTw3tzQVJNdK/96d4ZQn/zUt/kdhn33e//Cy2rLfwi89/LdZ+KPj3jYBNWrKCpGWMbJE98cpcbN76hUtLuHBpCSdembux5sbErnLg+1prfQNvLa3gwqVlNJdWcOHS0tDvaRCxB/KbzgdCEPw8+vduLK+18OTxl/HowUl8ef+eWKL9MwuLWm4WQX1F+vdyileW8Jn//EOUz7+S2EfgbMYbf4fb/ukn+MW+r+Kjz34plj7kyb93Y2pyHHeXb9UyaB+G1voGXr/4To+/PzZauvFYrlk2UCp2vvdLay0sX9n8bAeZZa/Kgd07Bsqi6s4YpY0wInxLVpBl/17GC2cX0FhYxKMH90a2opa9Vvashl2xBplERP++w5b1FkrLiyiuvY/S8iJGL7+R2IhexujlNzB6+Q1cK5ZwZec9aI2NY23nPfh4Wxnr28L3d/Pm37thlg381Z98Fc+cfDUU8RyU5bXWjVn0UfbryKF9vo8EywghY5QqwhD8h2QF732U/iVQB2F5rYXnZl/DC2fP4/AX9mDqnvFQIn5760tdu2E9fvjegQYpefLvy+dfQfnCqZ7XSkv/nPjoPShb1lu47ec/xm0//zF2/qfne8paY+O4dsuv9fy+aP3h0OfMq3/vRqk4gqe+fj9ePHtey+TbNDI2WhraJg0hY5QqIo3ws7Bn+TAsr7Vw4tQcTpyaw9TkOA7s3oGJXeWhxd9eTGeYyS8ipeIInvjd+waaoXv7aNHPv58J0JwlK0hKNHbLlaXELJoTF2FlLfLs38t45OBe7N+9AydOzSUq2g+bRw9Oann6Kc/+PaBZ8JO4glVSObOweOO5fbNs3JgIMzZawti2knTJ2ubSKq6u/+uNyS/NpdVAi1P4MbGrjCce9n/OXoauFazSHI0RPeTdv5dhlg089fX7tc3RSTIHdu/AkUP7PJfwViXv/j2gP8K3ZAVp2rNcnGjXWt/AhUudx0fOXXw7lC9Xc2k19u12S8URPHJwcmBvzEbjClaWrCAt0RgZDvr33kxNjmP/7ru02nhJIYx1APLu3wP6BT8xO1ANinNCSKk4ggO7d+DA7h0A7r0xUzUs8Y+DqclxHHlgn5Z5BRpv0pmIxshg0L9XozNQ34sv79+DM28sYvanb2rN+EXN1OQ4Du/fE8rjzHn374EII/w0+PcqG8LY4t9a34dzF9/ue1QlTUzsKuPIIX1bc+ragardbhvw+CzldfJnnqB/H4xScQSH9+/B4f17OovZLCym5r40NloKdTKzTd79e0Cj4GfBv7cmTeW6peLIjZXn7P3l0zK6npocx6MH92rxxUQ07kBleRUmKf36/t4HsLbznri7kSiuFYf/XNG/H5zNoGQjsUHJ2GgJB3bvwNTkeCSLk9G/76AzwrdkBWnw720BH4Sx0dKN0bU9Y/71i+8kSvzNstEZoIQ4itbo36fm5rwe0fPoecNn8PjSAE1asoIkDSB1IgYl9lykC5c7K+fFMWdoYlcZe3eWsX/3jshXIKV/30Gn4Kfav9+/+y4t7ZhlA+ahfThyaB+aS6s4d/EdnO9+yaJmYlcZBz7bGe3rjubd0Jgys2QFH1xJ/meJDMfW4s26/fuqV3la/fsg9M5F6nDh8hKa769i+UrrxtM+uoIUs2zg7vKtnfvhp43INuGRQf++QyQRfhr8e/GLoAuzbMAsG3gEnedHO6PrzuN0y2straPsuL9gmv37iqw8aRE+0c9278/SaqFQmA/YpGfGKO3+/aBM7Cy73ieWhaVxO4OAq/5t7RoDANxdvjUxm4aJ0L/voEXw0+Tfj41uxcSu/g+522u6cfuC2V8uty/W+cudrMDYthLKjgj97rKB0i0jns/sR0ke/XsSDrd7f5YaAzRpyQqYMepHXCMfO+Ptiw7o32+iK8K3ZAVJ8++DbPEaBTe+XC5fLDszkAby6N+TcPCJ8ANFY8wYkTtuu8WreDUv/j0AeK6BGoBU+/dkeOjfEx1sLd6MrcWbvao0AjZpeRUyY5R9QsgYpRZdgm/JCtLg35PhoH9PdBG1f0+yj86MUdoZWvDT5N+TcKB/T3RB/57oJISMUarREeFbsoKk+fckHOjfE13Qvyc6CSFjlGp0CP5DsoL3PuQSqFlnZMtN9O+JFujfE93Qv+8l1AifX6jso7CC1YxKO4zGCP17ohv6970MJfhZ3YGKqKNxBSvLq5CDx+xD/57ohP59P8NG+JasIAs7UBF/uB0u0QX9e6IT+vf9DCv4vEnnGM0rWFmygnc/+mWAZkgaoX9PdEP/vp/QInx+obKPrh2o2u22CUZjuYb+PdEN/ft+BhZ8+vckCv9+49qvsNbaCNAUSSP074lO6N+7M0yEb8kK6N/ng0j8ew4cc4FPNPZSkLb8/Hs+Lpx96N+7M4zgM2WWY6Ly72kNZZ/R0ojuaKwqK2DGKB/Qv3cnlAifN+nso9m/N2XlHDxmH59MUbNQKDQDNsmMUc6hf+/OQIJP/57Qvye60PhZsrFkBQxGsg/9ezmDRviWrID+fT6gf0904ZMtCvr8vQlmjHLNHdtv8Spu5tW/BwYXfPr3OYb+PdHFaGkEI1s8b0ONgE1asgJmjPJBCBmjzKA9wudNOvvQvye6oH9PdKMzY5Q1Ags+/XtC/57ogv490UkIGaNMMUiEL90O98O1f6V/nwN8orIgz0wzGss59O+JTkLIGGWKQQTfkhVwBavss7V4M/17ogX690Q39O+9CST43IGK6FrBitEYoX9PdEP/3pugEb7lVcioLPtoXMHKkhUwGssH9O+JTujf+xNU8Pk4Xs7RuIIVo7GcQ/+e6IT+vT/aInz699lH8wpWlqzgXW5uknno3xPd0L/3R1nw6d8Tjf59BZ7RGAePWYf+PdEN/Xt/gkT4llchPbLsE4V/f3X9Oq6uXw/QFEkj9O+JTujfqxFE8Onf55xI/HvenHPBHbd5rnceZC0HX//+PVpEmYf+vRpaInz699knKv/+Aw4eM49PdA8Ej8aqsgJmjPIB/Xs1lASf/j3R7N8bsnJG+NnHJxqbLxQKqwGbZMYo59C/V0M1wre8CumRZR/690QXt2+L0r9nMJJ1FPz7mYi6knhUBZ/+fc6hf0904RPhB33+vgJmjHLNHds954MMkjHKLKqCX5EV0L/PPvTviS5C8O8tWQEzRvkghIxRZhk6pc8IP/vo8u+7GLICRmPZJwT/3pAV8POUD3RmjLLOFsV6q5B8sf7bye26+kLSSUNXQ//d/k/raoqkk4bOxrYWt+Bzuz6ls0mSMHwyjwAj/B5UBX8ePhP3SG4J9Mw0gCY8npkmuUZrNLZ99BN+0R/JNvTvHaim9IPe1El+aASsPxNCH0j6WcVg0di81l6QLNGIuwNJQ1Xwj6PzhSRE5PgAK1g9C36WSD/PDhKNFQqFGXSyRoQ4eTbuDiQNJcHvfhG/EW5XSMqYB/DtoAd1BwiBjyOZZh7A94c4np8n4uT7XE63H+Wldbsj6YfB6Ix0btD3D+qPFQqF4+AAknRoYIjPEnDj3sTPE7E5XigUOAh0Icha+vYXaxyd0XhTf3dIwpkH8I1CobBv2MkwXdEfR8cuag7ZL5I+ZtD5LA0l9jbdz9P94Gcpz6wC+HahUODgT0Kh3W77VyoUIugKIYQMT3f1PQsez+iTzNEoFAqNuDsRFyo6DigKPiGEEELSTaCUPiGEEELSCQWfEEIIyQEUfEIIISQHUPAJIYSQHEDBJ4QQQnIABZ8QQgjJARR8QgghJAdQ8AkhhJAc8P8DWoD0pOaJXpwAAAAASUVORK5CYII=\"></p><p>BĂO CĂO</p><p><strong>Äá» Ăn ChuyĂȘn NgĂ nh&nbsp;</strong><br><strong>Há» THá»NG QUáșąN LĂ NHĂN Sá»°</strong></p><p>GVHD : Há» ÄĂŹnh KháșŁ</p><p>Há» tĂȘn : Nguyá»n VÄn Huy â DH52107926 - D21_TH05</p><p>Há» tĂȘn : PháșĄm Minh Anh â DH52110568 - D21_TH05</p><p><i>Tp Há» ChĂ­ Minh, ngĂ y 20 thĂĄng 12 nÄm 2024</i></p><p><strong>TRÆŻá»NG Äáș I Há»C CĂNG NGHá» SĂI GĂN</strong></p><p><strong>KHOA CĂNG NGHá» THĂNG TIN</strong></p><p><strong>NHáșŹN XĂT VĂ CHáș€M ÄIá»M Cá»ŠA GIáșąNG VIĂN</strong></p><p>GiáșŁng viĂȘn: <strong>Ths. Há» ÄĂŹnh KháșŁ</strong></p><p>TĂȘn Äá» tĂ i: <strong>XĂY Dá»°NG WEBSITE Há» THá»NG QUáșąN LĂ NGUá»N NHĂN Lá»°C â HUMAN RESOURCE</strong></p><figure class=\"table\"><table><tbody><tr><td><strong>Äiá»m:</strong></td><td><strong>Ná»i dung nháș­n xĂ©t:</strong></td></tr></tbody></table></figure><p>&nbsp;</p><p><strong>Chá»Ż kĂœ GiáșŁng viĂȘn</strong></p><p>(KĂœ, ghi rĂ” há» tĂȘn)</p><p>&nbsp;</p><p>&nbsp;</p><p><strong>Ths. Há» ÄĂŹnh KháșŁ</strong></p>', NULL, '2026-01-06 15:15:43');

-- --------------------------------------------------------

--
-- Cáș„u trĂșc báșŁng cho báșŁng `departments`
--

DROP TABLE IF EXISTS `departments`;
CREATE TABLE IF NOT EXISTS `departments` (
  `departmentID` int NOT NULL AUTO_INCREMENT,
  `departmentname` varchar(255) COLLATE utf8mb4_unicode_ci NOT NULL,
  `managerID` int DEFAULT NULL,
  `isoffice` bit(1) DEFAULT b'0',
  PRIMARY KEY (`departmentID`),
  KEY `FK_Department_Manager` (`managerID`)
) ENGINE=InnoDB AUTO_INCREMENT=7 DEFAULT CHARSET=utf8mb4 COLLATE=utf8mb4_unicode_ci;

--
-- Äang Äá» dá»Ż liá»u cho báșŁng `departments`
--

INSERT INTO `departments` (`departmentID`, `departmentname`, `managerID`, `isoffice`) VALUES
(1, 'PhĂČng Ban NhĂąn Sá»±', 3, b'1'),
(2, 'PhĂČng Ban IT', 1, b'1'),
(3, 'PhĂČng Ban Ká»č Thuáș­t', 5, b'0'),
(4, 'PhĂČng Ban SáșŁn Xuáș„t', 7, b'0'),
(5, 'PhĂČng Ban In áș€n', 9, b'0'),
(6, 'PhĂČng Ban ChÄm SĂłc KhĂĄch HĂ ng', 11, b'1');

-- --------------------------------------------------------

--
-- Cáș„u trĂșc báșŁng cho báșŁng `dependents`
--

DROP TABLE IF EXISTS `dependents`;
CREATE TABLE IF NOT EXISTS `dependents` (
  `dependentID` int NOT NULL AUTO_INCREMENT,
  `userID` int NOT NULL COMMENT 'FK: NhĂąn viĂȘn liĂȘn quan (tá»« báșŁng users)',
  `fullname` varchar(255) CHARACTER SET utf8mb4 COLLATE utf8mb4_unicode_ci NOT NULL COMMENT 'Há» tĂȘn ngÆ°á»i phá»„ thuá»c',
  `relationship` varchar(100) CHARACTER SET utf8mb4 COLLATE utf8mb4_unicode_ci NOT NULL COMMENT 'Má»i quan há» (Vá»Ł, Chá»ng, Con...)',
  `birth` date DEFAULT NULL COMMENT 'NgĂ y sinh',
  `gender` tinyint(1) DEFAULT NULL COMMENT '0=Ná»Ż, 1=Nam',
  `idcardnumber` varchar(20) CHARACTER SET utf8mb4 COLLATE utf8mb4_unicode_ci DEFAULT NULL COMMENT 'CCCD hoáș·c Giáș„y khai sinh',
  `phonenumber` varchar(20) COLLATE utf8mb4_unicode_ci DEFAULT NULL,
  `istaxdeductible` tinyint(1) NOT NULL DEFAULT '0' COMMENT '1=CĂł ÄÄng kĂœ giáșŁm trá»« gia cáșŁnh, 0=KhĂŽng',
  PRIMARY KEY (`dependentID`),
  KEY `FK_Dependent_User` (`userID`)
) ENGINE=InnoDB AUTO_INCREMENT=23 DEFAULT CHARSET=utf8mb4 COLLATE=utf8mb4_unicode_ci COMMENT='NgÆ°á»i phá»„ thuá»c cá»§a nhĂąn viĂȘn';

--
-- Äang Äá» dá»Ż liá»u cho báșŁng `dependents`
--

INSERT INTO `dependents` (`dependentID`, `userID`, `fullname`, `relationship`, `birth`, `gender`, `idcardnumber`, `phonenumber`, `istaxdeductible`) VALUES
(1, 1, 'PháșĄm Minh Anh Vá»Ł', 'Vá»Ł', '1990-05-10', 0, '001090001234', '0901000101', 1),
(2, 1, 'PháșĄm Minh Anh Con', 'Con', '2020-08-20', 1, '001220005678', '0901000102', 1),
(3, 2, 'LĂȘ Há» Trá»Ł IT Cha', 'Cha', '1965-02-15', 1, '002065001111', '0902000201', 1),
(4, 3, 'Nguyá»n Thá» NhĂąn Sá»± Chá»ng', 'Chá»ng', '1988-11-30', 1, '003088002222', '0903000301', 1),
(5, 4, 'PháșĄm VÄn Tuyá»n Dá»„ng Con', 'Con', '2021-03-14', 0, '004221003333', '0904000401', 1),
(6, 5, 'VĂ” VÄn Ká»č Thuáș­t Vá»Ł', 'Vá»Ł', '1992-07-25', 0, '005092004444', '0905000501', 1),
(7, 5, 'VĂ” VÄn Ká»č Thuáș­t Con', 'Con', '2023-01-10', 1, '005223005555', '0905000502', 1),
(8, 6, 'HoĂ ng Thá» MĂĄy MĂłc Con', 'Con', '2020-12-01', 1, '006220006666', '0906000601', 1),
(9, 7, 'Trá»nh Há»Żu SáșŁn Xuáș„t Vá»Ł', 'Vá»Ł', '1993-01-20', 0, '007093007777', '0907000701', 1),
(10, 8, 'Äáș·ng VÄn Váș­n HĂ nh Máșč', 'Máșč', '1970-04-05', 0, '008070008888', '0908000801', 1),
(11, 9, 'BĂči VÄn Má»±c Vá»Ł', 'Vá»Ł', '1994-06-18', 0, '009094009999', '0909000901', 1),
(12, 9, 'BĂči VÄn Má»±c Con Trai', 'Con', '2022-09-02', 1, '009222001010', '0909000902', 1),
(13, 10, 'LĂœ Thá» In Con GĂĄi', 'Con', '2024-01-07', 0, '010224001212', '0910000101', 1),
(14, 11, 'Äá» Thá» KhĂĄch HĂ ng Chá»ng', 'Chá»ng', '1991-08-11', 1, '011091001313', '0911000111', 1),
(15, 12, 'MáșĄc VÄn HĂ i LĂČng Vá»Ł', 'Vá»Ł', '1995-10-03', 0, '012095001414', '0912000121', 1),
(16, 13, 'PháșĄm Minh Anh HR Con', 'Con', '2021-11-11', 0, '013221001515', '0913000131', 1),
(17, 14, 'testAddAccountHR Cha', 'Cha', '1968-02-22', 1, '014068001616', '0914000141', 1),
(18, 15, 'testAddAccountNV Máșč', 'Máșč', '1972-03-23', 0, '015072001717', '0915000151', 1),
(19, 16, 'PháșĄm NhĂąn ViĂȘn Vá»Ł', 'Vá»Ł', '1998-04-24', 0, '016098001818', '0916000161', 1),
(20, 17, 'testAddAccountNVinan 17 Con', 'Con', '2023-05-25', 1, '017223001919', '0917000171', 1),
(21, 18, 'testAddAccountNVinan 18 Vá»Ł', 'Vá»Ł', '1999-06-26', 0, '018099002020', '0918000181', 1),
(22, 19, 'PháșĄm Minh Anh Test Pass Vá»Ł', 'Vá»Ł', '2000-07-27', 0, '019000002121', '0919000191', 1);

-- --------------------------------------------------------

--
-- Cáș„u trĂșc báșŁng cho báșŁng `employeedraftschedule`
--

DROP TABLE IF EXISTS `employeedraftschedule`;
CREATE TABLE IF NOT EXISTS `employeedraftschedule` (
  `draftID` int NOT NULL AUTO_INCREMENT,
  `employeeID` int NOT NULL COMMENT 'NhĂąn viĂȘn ÄÄng kĂœ (FK tá»« báșŁng users)',
  `date` date NOT NULL COMMENT 'NgĂ y lĂ m viá»c ÄÄng kĂœ',
  `shiftID` int DEFAULT NULL COMMENT 'Ca lĂ m viá»c muá»n ÄÄng kĂœ (FK tá»« báșŁng shifts). NULL náșżu Äá» trá»ng.',
  `isdayoff` tinyint(1) NOT NULL DEFAULT '0' COMMENT '1 = muá»n xin nghá», 0 = Äi lĂ m',
  `monthyear` varchar(7) CHARACTER SET utf8mb4 COLLATE utf8mb4_unicode_ci NOT NULL COMMENT 'ThĂĄng/NÄm ĂĄp dá»„ng lá»ch (vĂ­ dá»„: 2025-12)',
  `registrationdate` datetime DEFAULT CURRENT_TIMESTAMP COMMENT 'Thá»i gian gá»­i ÄÄng kĂœ',
  PRIMARY KEY (`draftID`),
  UNIQUE KEY `UQ_Employee_Date_Preference` (`employeeID`,`date`) COMMENT 'Má»i nhĂąn viĂȘn chá» cĂł 1 ÄÄng kĂœ/ngĂ y',
  KEY `IX_preference_month_year` (`monthyear`),
  KEY `FK_preferences_shift` (`shiftID`)
) ENGINE=InnoDB AUTO_INCREMENT=594 DEFAULT CHARSET=utf8mb4 COLLATE=utf8mb4_unicode_ci;

--
-- Äang Äá» dá»Ż liá»u cho báșŁng `employeedraftschedule`
--

INSERT INTO `employeedraftschedule` (`draftID`, `employeeID`, `date`, `shiftID`, `isdayoff`, `monthyear`, `registrationdate`) VALUES
(218, 7, '2025-12-01', 36, 0, '2025-12', '2025-11-27 06:48:02'),
(219, 8, '2025-12-01', 41, 0, '2025-12', '2025-11-27 06:48:02'),
(220, 7, '2025-12-02', 36, 0, '2025-12', '2025-11-27 06:48:02'),
(221, 8, '2025-12-02', 41, 0, '2025-12', '2025-11-27 06:48:02'),
(222, 7, '2025-12-03', 36, 0, '2025-12', '2025-11-27 06:48:02'),
(223, 8, '2025-12-03', 41, 0, '2025-12', '2025-11-27 06:48:02'),
(224, 7, '2025-12-04', 36, 0, '2025-12', '2025-11-27 06:48:02'),
(225, 8, '2025-12-04', 41, 0, '2025-12', '2025-11-27 06:48:02'),
(226, 7, '2025-12-05', 36, 0, '2025-12', '2025-11-27 06:48:02'),
(227, 8, '2025-12-05', 41, 0, '2025-12', '2025-11-27 06:48:02'),
(228, 7, '2025-12-06', 36, 0, '2025-12', '2025-11-27 06:48:02'),
(229, 8, '2025-12-06', 41, 0, '2025-12', '2025-11-27 06:48:02'),
(230, 7, '2025-12-07', NULL, 1, '2025-12', '2025-11-27 06:48:02'),
(231, 8, '2025-12-07', NULL, 1, '2025-12', '2025-11-27 06:48:02'),
(232, 8, '2025-12-08', 36, 0, '2025-12', '2025-11-27 06:48:02'),
(233, 7, '2025-12-08', 41, 0, '2025-12', '2025-11-27 06:48:02'),
(234, 8, '2025-12-09', 36, 0, '2025-12', '2025-11-27 06:48:02'),
(235, 7, '2025-12-09', 41, 0, '2025-12', '2025-11-27 06:48:02'),
(236, 8, '2025-12-10', 36, 0, '2025-12', '2025-11-27 06:48:02'),
(237, 7, '2025-12-10', 41, 0, '2025-12', '2025-11-27 06:48:02'),
(238, 8, '2025-12-11', 36, 0, '2025-12', '2025-11-27 06:48:02'),
(239, 7, '2025-12-11', 41, 0, '2025-12', '2025-11-27 06:48:02'),
(240, 8, '2025-12-12', 36, 0, '2025-12', '2025-11-27 06:48:02'),
(241, 7, '2025-12-12', 41, 0, '2025-12', '2025-11-27 06:48:02'),
(242, 8, '2025-12-13', 36, 0, '2025-12', '2025-11-27 06:48:02'),
(243, 7, '2025-12-13', 41, 0, '2025-12', '2025-11-27 06:48:02'),
(244, 7, '2025-12-14', NULL, 1, '2025-12', '2025-11-27 06:48:02'),
(245, 8, '2025-12-14', NULL, 1, '2025-12', '2025-11-27 06:48:02'),
(246, 7, '2025-12-15', 36, 0, '2025-12', '2025-11-27 06:48:02'),
(247, 8, '2025-12-15', 41, 0, '2025-12', '2025-11-27 06:48:02'),
(248, 7, '2025-12-16', 36, 0, '2025-12', '2025-11-27 06:48:02'),
(249, 8, '2025-12-16', 41, 0, '2025-12', '2025-11-27 06:48:02'),
(250, 7, '2025-12-17', 36, 0, '2025-12', '2025-11-27 06:48:02'),
(251, 8, '2025-12-17', 41, 0, '2025-12', '2025-11-27 06:48:02'),
(252, 7, '2025-12-18', 36, 0, '2025-12', '2025-11-27 06:48:02'),
(253, 8, '2025-12-18', 41, 0, '2025-12', '2025-11-27 06:48:02'),
(254, 7, '2025-12-19', 36, 0, '2025-12', '2025-11-27 06:48:02'),
(255, 8, '2025-12-19', 41, 0, '2025-12', '2025-11-27 06:48:02'),
(256, 7, '2025-12-20', 36, 0, '2025-12', '2025-11-27 06:48:02'),
(257, 8, '2025-12-20', 41, 0, '2025-12', '2025-11-27 06:48:02'),
(258, 7, '2025-12-21', NULL, 1, '2025-12', '2025-11-27 06:48:02'),
(259, 8, '2025-12-21', NULL, 1, '2025-12', '2025-11-27 06:48:02'),
(260, 8, '2025-12-22', 36, 0, '2025-12', '2025-11-27 06:48:02'),
(261, 7, '2025-12-22', 41, 0, '2025-12', '2025-11-27 06:48:02'),
(262, 8, '2025-12-23', 36, 0, '2025-12', '2025-11-27 06:48:02'),
(263, 7, '2025-12-23', 41, 0, '2025-12', '2025-11-27 06:48:02'),
(264, 8, '2025-12-24', 36, 0, '2025-12', '2025-11-27 06:48:02'),
(265, 7, '2025-12-24', 41, 0, '2025-12', '2025-11-27 06:48:02'),
(266, 8, '2025-12-25', 36, 0, '2025-12', '2025-11-27 06:48:02'),
(267, 7, '2025-12-25', 41, 0, '2025-12', '2025-11-27 06:48:02'),
(268, 8, '2025-12-26', 36, 0, '2025-12', '2025-11-27 06:48:02'),
(269, 7, '2025-12-26', 41, 0, '2025-12', '2025-11-27 06:48:02'),
(270, 8, '2025-12-27', 36, 0, '2025-12', '2025-11-27 06:48:02'),
(271, 7, '2025-12-27', 41, 0, '2025-12', '2025-11-27 06:48:02'),
(272, 7, '2025-12-28', NULL, 1, '2025-12', '2025-11-27 06:48:02'),
(273, 8, '2025-12-28', NULL, 1, '2025-12', '2025-11-27 06:48:02'),
(274, 7, '2025-12-29', 36, 0, '2025-12', '2025-11-27 06:48:02'),
(275, 8, '2025-12-29', 41, 0, '2025-12', '2025-11-27 06:48:02'),
(276, 7, '2025-12-30', 36, 0, '2025-12', '2025-11-27 06:48:02'),
(277, 8, '2025-12-30', 41, 0, '2025-12', '2025-11-27 06:48:02'),
(278, 7, '2025-12-31', 36, 0, '2025-12', '2025-11-27 06:48:02'),
(279, 8, '2025-12-31', 41, 0, '2025-12', '2025-11-27 06:48:02'),
(373, 8, '2026-01-01', 36, 0, '2026-01', '2025-12-15 11:57:50'),
(374, 8, '2026-01-02', 36, 0, '2026-01', '2025-12-15 12:00:51'),
(376, 23, '2026-01-03', 36, 0, '2026-01', '2025-12-29 17:21:23'),
(593, 29, '2026-02-02', 36, 0, '2026-02', '2025-12-31 03:12:32');

-- --------------------------------------------------------

--
-- Cáș„u trĂșc báșŁng cho báșŁng `employeeofficialschedule`
--

DROP TABLE IF EXISTS `employeeofficialschedule`;
CREATE TABLE IF NOT EXISTS `employeeofficialschedule` (
  `officialID` int NOT NULL AUTO_INCREMENT,
  `employeeID` int NOT NULL COMMENT 'NhĂąn viĂȘn ÄÆ°á»Łc xáșżp lá»ch (FK tá»« báșŁng users)',
  `date` date NOT NULL COMMENT 'NgĂ y lĂ m viá»c',
  `shiftID` int DEFAULT NULL COMMENT 'Ca lĂ m viá»c chĂ­nh thá»©c (FK tá»« báșŁng shifts). NULL náșżu lĂ  ngĂ y nghá».',
  `isdayoff` tinyint(1) NOT NULL DEFAULT '0' COMMENT '1 = ngĂ y nghá», 0 = Äi lĂ m',
  `monthyear` varchar(7) CHARACTER SET utf8mb4 COLLATE utf8mb4_unicode_ci NOT NULL COMMENT 'ThĂĄng/NÄm ĂĄp dá»„ng lá»ch (vĂ­ dá»„: 2025-12)',
  `approvedbymanagerID` int DEFAULT NULL COMMENT 'Manager ÄĂŁ duyá»t (FK tá»« báșŁng users)',
  `publisheddate` datetime DEFAULT CURRENT_TIMESTAMP COMMENT 'NgĂ y hoĂ n táș„t/cĂŽng bá»',
  PRIMARY KEY (`officialID`),
  UNIQUE KEY `UQ_Employee_Date_Schedule` (`employeeID`,`date`) COMMENT 'Má»i nhĂąn viĂȘn chá» cĂł 1 lá»ch/ngĂ y',
  KEY `IX_schedule_month_year` (`monthyear`),
  KEY `FK_schedule_shift` (`shiftID`),
  KEY `FK_schedule_manager` (`approvedbymanagerID`)
) ENGINE=InnoDB AUTO_INCREMENT=578 DEFAULT CHARSET=utf8mb4 COLLATE=utf8mb4_unicode_ci;

--
-- Äang Äá» dá»Ż liá»u cho báșŁng `employeeofficialschedule`
--

INSERT INTO `employeeofficialschedule` (`officialID`, `employeeID`, `date`, `shiftID`, `isdayoff`, `monthyear`, `approvedbymanagerID`, `publisheddate`) VALUES
(7, 20, '2025-11-19', 46, 0, '2025-11', 1, '2025-11-19 17:43:29'),
(14, 21, '2025-11-29', 46, 0, '2025-11', 21, '2025-11-19 17:43:29'),
(15, 21, '2025-11-30', 46, 0, '2025-11', 21, '2025-11-19 17:43:29'),
(16, 15, '2025-12-04', NULL, 1, '2025-12', 9, '2025-12-11 09:45:58'),
(17, 15, '2025-12-03', 36, 0, '2025-12', 9, '2025-12-11 09:45:58'),
(18, 9, '2025-12-01', 41, 0, '2025-12', 9, '2025-12-11 09:45:58'),
(19, 10, '2025-12-01', 36, 0, '2025-12', 9, '2025-12-11 09:45:58'),
(20, 15, '2025-12-01', 54, 0, '12-2025', 9, '2025-12-30 14:21:46'),
(21, 16, '2025-12-01', 41, 0, '2025-12', 9, '2025-12-11 09:45:58'),
(22, 17, '2025-12-01', 41, 0, '2025-12', 9, '2025-12-11 09:45:58'),
(23, 18, '2025-12-01', 41, 0, '2025-12', 9, '2025-12-11 09:45:58'),
(24, 20, '2025-12-01', NULL, 1, '2025-12', 9, '2025-12-11 09:45:58'),
(25, 9, '2025-12-02', 36, 0, '2025-12', 9, '2025-12-11 09:45:58'),
(26, 20, '2025-12-02', 50, 0, '2025-12', 9, '2025-12-11 09:45:58'),
(27, 10, '2025-12-02', 36, 0, '2025-12', 9, '2025-12-11 09:45:58'),
(28, 15, '2025-12-02', 54, 0, '12-2025', 9, '2025-12-30 14:21:46'),
(29, 16, '2025-12-02', 41, 0, '2025-12', 9, '2025-12-11 09:45:58'),
(30, 17, '2025-12-02', 41, 0, '2025-12', 9, '2025-12-11 09:45:58'),
(31, 18, '2025-12-02', NULL, 1, '2025-12', 9, '2025-12-11 09:45:58'),
(32, 9, '2025-12-03', 36, 0, '2025-12', 9, '2025-12-11 09:55:01'),
(33, 18, '2025-12-03', 36, 0, '2025-12', 9, '2025-12-11 09:45:58'),
(34, 20, '2025-12-03', 36, 0, '2025-12', 9, '2025-12-11 09:45:58'),
(35, 10, '2025-12-03', 41, 0, '2025-12', 9, '2025-12-11 09:45:58'),
(36, 16, '2025-12-03', 41, 0, '2025-12', 9, '2025-12-11 09:45:58'),
(37, 17, '2025-12-03', 41, 0, '2025-12', 9, '2025-12-11 09:45:58'),
(38, 9, '2025-12-04', 36, 0, '2025-12', 9, '2025-12-11 09:45:58'),
(39, 18, '2025-12-04', 36, 0, '2025-12', 9, '2025-12-11 09:45:58'),
(40, 20, '2025-12-04', 36, 0, '2025-12', 9, '2025-12-11 09:45:58'),
(41, 10, '2025-12-04', 41, 0, '2025-12', 9, '2025-12-11 09:45:58'),
(42, 16, '2025-12-04', 41, 0, '2025-12', 9, '2025-12-11 09:45:58'),
(43, 17, '2025-12-04', 41, 0, '2025-12', 9, '2025-12-11 09:45:58'),
(44, 15, '2025-12-05', 36, 0, '2025-12', 9, '2025-12-11 09:45:58'),
(45, 18, '2025-12-05', 36, 0, '2025-12', 9, '2025-12-11 09:45:58'),
(46, 20, '2025-12-05', 36, 0, '2025-12', 9, '2025-12-11 09:45:58'),
(47, 9, '2025-12-05', 41, 0, '2025-12', 9, '2025-12-11 09:45:58'),
(48, 10, '2025-12-05', 41, 0, '2025-12', 9, '2025-12-11 09:45:58'),
(49, 16, '2025-12-05', 41, 0, '2025-12', 9, '2025-12-11 09:45:58'),
(50, 17, '2025-12-05', NULL, 1, '2025-12', 9, '2025-12-11 09:45:58'),
(51, 15, '2025-12-06', 36, 0, '2025-12', 9, '2025-12-11 09:45:58'),
(52, 17, '2025-12-06', 36, 0, '2025-12', 9, '2025-12-11 09:45:58'),
(53, 18, '2025-12-06', 36, 0, '2025-12', 9, '2025-12-11 09:45:58'),
(54, 9, '2025-12-06', 41, 0, '2025-12', 9, '2025-12-11 09:45:58'),
(55, 20, '2025-12-06', 41, 0, '2025-12', 9, '2025-12-11 09:45:58'),
(56, 10, '2025-12-06', 41, 0, '2025-12', 9, '2025-12-11 09:45:58'),
(57, 16, '2025-12-06', NULL, 1, '2025-12', 9, '2025-12-11 09:45:58'),
(58, 15, '2025-12-07', 36, 0, '2025-12', 9, '2025-12-11 09:45:58'),
(59, 16, '2025-12-07', 36, 0, '2025-12', 9, '2025-12-11 09:45:58'),
(60, 17, '2025-12-07', 36, 0, '2025-12', 9, '2025-12-11 09:45:58'),
(61, 18, '2025-12-07', 41, 0, '2025-12', 9, '2025-12-11 09:45:58'),
(62, 20, '2025-12-07', 41, 0, '2025-12', 9, '2025-12-11 09:45:58'),
(63, 9, '2025-12-07', NULL, 1, '2025-12', 9, '2025-12-11 09:45:58'),
(64, 10, '2025-12-07', NULL, 1, '2025-12', 9, '2025-12-11 09:45:58'),
(65, 9, '2025-12-08', 36, 0, '2025-12', 9, '2025-12-11 09:45:58'),
(66, 16, '2025-12-08', 36, 0, '2025-12', 9, '2025-12-11 09:45:58'),
(67, 10, '2025-12-08', 36, 0, '2025-12', 9, '2025-12-11 09:45:58'),
(68, 15, '2025-12-08', 41, 0, '2025-12', 9, '2025-12-11 09:45:58'),
(69, 18, '2025-12-08', 41, 0, '2025-12', 9, '2025-12-11 09:45:58'),
(70, 17, '2025-12-08', 41, 0, '2025-12', 9, '2025-12-11 09:45:58'),
(71, 20, '2025-12-08', NULL, 1, '2025-12', 9, '2025-12-11 09:45:58'),
(72, 9, '2025-12-09', 36, 0, '2025-12', 9, '2025-12-11 09:45:58'),
(73, 20, '2025-12-09', 36, 0, '2025-12', 9, '2025-12-11 09:45:58'),
(74, 16, '2025-12-09', 36, 0, '2025-12', 9, '2025-12-11 09:45:58'),
(75, 15, '2025-12-09', 41, 0, '2025-12', 9, '2025-12-11 09:45:58'),
(76, 10, '2025-12-09', 41, 0, '2025-12', 9, '2025-12-11 09:45:58'),
(77, 17, '2025-12-09', 41, 0, '2025-12', 9, '2025-12-11 09:45:58'),
(78, 18, '2025-12-09', NULL, 1, '2025-12', 9, '2025-12-11 09:45:58'),
(79, 9, '2025-12-10', 36, 0, '2025-12', 9, '2025-12-11 09:45:58'),
(80, 18, '2025-12-10', 36, 0, '2025-12', 9, '2025-12-11 09:45:58'),
(81, 20, '2025-12-10', 36, 0, '2025-12', 9, '2025-12-11 09:45:58'),
(82, 15, '2025-12-10', 41, 0, '2025-12', 9, '2025-12-11 09:45:58'),
(83, 10, '2025-12-10', 41, 0, '2025-12', 9, '2025-12-11 09:45:58'),
(84, 16, '2025-12-10', 41, 0, '2025-12', 9, '2025-12-11 09:45:58'),
(85, 17, '2025-12-10', NULL, 1, '2025-12', 9, '2025-12-11 09:45:58'),
(86, 9, '2025-12-11', 36, 0, '2025-12', 9, '2025-12-11 09:45:58'),
(87, 17, '2025-12-11', 36, 0, '2025-12', 9, '2025-12-11 09:45:58'),
(88, 18, '2025-12-11', 36, 0, '2025-12', 9, '2025-12-11 09:45:58'),
(89, 20, '2025-12-11', 41, 0, '2025-12', 9, '2025-12-11 09:45:58'),
(90, 10, '2025-12-11', 41, 0, '2025-12', 9, '2025-12-11 09:45:58'),
(91, 16, '2025-12-11', 41, 0, '2025-12', 9, '2025-12-11 09:45:58'),
(92, 15, '2025-12-11', NULL, 1, '2025-12', 9, '2025-12-11 09:45:58'),
(93, 15, '2025-12-12', 36, 0, '2025-12', 9, '2025-12-11 09:45:58'),
(94, 17, '2025-12-12', 36, 0, '2025-12', 9, '2025-12-11 09:45:58'),
(95, 18, '2025-12-12', 36, 0, '2025-12', 9, '2025-12-11 09:45:58'),
(96, 9, '2025-12-12', 41, 0, '2025-12', 9, '2025-12-11 09:45:58'),
(97, 20, '2025-12-12', 41, 0, '2025-12', 9, '2025-12-11 09:45:58'),
(98, 10, '2025-12-12', 41, 0, '2025-12', 9, '2025-12-11 09:45:58'),
(99, 16, '2025-12-12', NULL, 1, '2025-12', 9, '2025-12-11 09:45:58'),
(100, 15, '2025-12-13', 36, 0, '2025-12', 9, '2025-12-11 09:45:58'),
(101, 16, '2025-12-13', 36, 0, '2025-12', 9, '2025-12-11 09:45:58'),
(102, 17, '2025-12-13', 36, 0, '2025-12', 9, '2025-12-11 09:45:58'),
(103, 9, '2025-12-13', 41, 0, '2025-12', 9, '2025-12-11 09:45:58'),
(104, 18, '2025-12-13', 41, 0, '2025-12', 9, '2025-12-11 09:45:58'),
(105, 20, '2025-12-13', 41, 0, '2025-12', 9, '2025-12-11 09:45:58'),
(106, 10, '2025-12-13', NULL, 1, '2025-12', 9, '2025-12-11 09:45:58'),
(107, 15, '2025-12-14', 36, 0, '2025-12', 9, '2025-12-11 09:45:58'),
(108, 10, '2025-12-14', 36, 0, '2025-12', 9, '2025-12-11 09:45:58'),
(109, 16, '2025-12-14', 36, 0, '2025-12', 9, '2025-12-11 09:45:58'),
(110, 18, '2025-12-14', 41, 0, '2025-12', 9, '2025-12-11 09:45:58'),
(111, 20, '2025-12-14', 41, 0, '2025-12', 9, '2025-12-11 09:45:58'),
(112, 17, '2025-12-14', 41, 0, '2025-12', 9, '2025-12-11 09:45:58'),
(113, 9, '2025-12-14', NULL, 1, '2025-12', 9, '2025-12-11 09:45:58'),
(114, 9, '2025-12-15', 36, 0, '2025-12', 9, '2025-12-11 09:45:58'),
(115, 10, '2025-12-15', 36, 0, '2025-12', 9, '2025-12-11 09:45:58'),
(116, 16, '2025-12-15', 36, 0, '2025-12', 9, '2025-12-11 09:45:58'),
(117, 15, '2025-12-15', 41, 0, '2025-12', 9, '2025-12-11 09:45:58'),
(118, 18, '2025-12-15', 41, 0, '2025-12', 9, '2025-12-11 09:45:58'),
(119, 17, '2025-12-15', 41, 0, '2025-12', 9, '2025-12-11 09:45:58'),
(120, 20, '2025-12-15', NULL, 1, '2025-12', 9, '2025-12-11 09:45:58'),
(121, 9, '2025-12-16', 36, 0, '2025-12', 9, '2025-12-11 09:45:58'),
(122, 20, '2025-12-16', 36, 0, '2025-12', 9, '2025-12-11 09:45:58'),
(123, 10, '2025-12-16', 36, 0, '2025-12', 9, '2025-12-11 09:45:58'),
(124, 15, '2025-12-16', 41, 0, '2025-12', 9, '2025-12-11 09:45:58'),
(125, 16, '2025-12-16', 41, 0, '2025-12', 9, '2025-12-11 09:45:58'),
(126, 17, '2025-12-16', 41, 0, '2025-12', 9, '2025-12-11 09:45:58'),
(127, 18, '2025-12-16', NULL, 1, '2025-12', 9, '2025-12-11 09:45:58'),
(128, 9, '2025-12-17', 36, 0, '2025-12', 9, '2025-12-11 09:45:58'),
(129, 18, '2025-12-17', 36, 0, '2025-12', 9, '2025-12-11 09:45:58'),
(130, 20, '2025-12-17', 41, 0, '2025-12', 9, '2025-12-15 09:14:05'),
(131, 15, '2025-12-17', 41, 0, '2025-12', 9, '2025-12-11 09:45:58'),
(132, 10, '2025-12-17', 41, 0, '2025-12', 9, '2025-12-11 09:45:58'),
(133, 16, '2025-12-17', 41, 0, '2025-12', 9, '2025-12-11 09:45:58'),
(134, 17, '2025-12-17', NULL, 1, '2025-12', 9, '2025-12-11 09:45:58'),
(135, 9, '2025-12-18', 36, 0, '2025-12', 9, '2025-12-11 09:45:58'),
(136, 17, '2025-12-18', 36, 0, '2025-12', 9, '2025-12-11 09:45:58'),
(137, 18, '2025-12-18', 36, 0, '2025-12', 9, '2025-12-11 09:45:58'),
(138, 20, '2025-12-18', 41, 0, '2025-12', 9, '2025-12-11 09:45:58'),
(139, 10, '2025-12-18', 41, 0, '2025-12', 9, '2025-12-11 09:45:58'),
(140, 16, '2025-12-18', 41, 0, '2025-12', 9, '2025-12-11 09:45:58'),
(141, 15, '2025-12-18', NULL, 1, '2025-12', 9, '2025-12-11 09:45:58'),
(142, 15, '2025-12-19', 36, 0, '2025-12', 9, '2025-12-11 09:45:58'),
(143, 17, '2025-12-19', 36, 0, '2025-12', 9, '2025-12-11 09:45:58'),
(144, 18, '2025-12-19', 36, 0, '2025-12', 9, '2025-12-11 09:45:58'),
(145, 9, '2025-12-19', 41, 0, '2025-12', 9, '2025-12-11 09:45:58'),
(146, 20, '2025-12-19', 41, 0, '2025-12', 9, '2025-12-11 09:45:58'),
(147, 10, '2025-12-19', 41, 0, '2025-12', 9, '2025-12-11 09:45:58'),
(148, 16, '2025-12-19', NULL, 1, '2025-12', 9, '2025-12-11 09:45:58'),
(149, 15, '2025-12-20', 36, 0, '2025-12', 9, '2025-12-11 09:45:58'),
(150, 16, '2025-12-20', 36, 0, '2025-12', 9, '2025-12-11 09:45:58'),
(151, 17, '2025-12-20', 36, 0, '2025-12', 9, '2025-12-11 09:45:58'),
(152, 9, '2025-12-20', 41, 0, '2025-12', 9, '2025-12-11 09:45:58'),
(153, 18, '2025-12-20', 41, 0, '2025-12', 9, '2025-12-11 09:45:58'),
(154, 20, '2025-12-20', 41, 0, '2025-12', 9, '2025-12-11 09:45:58'),
(155, 10, '2025-12-20', NULL, 1, '2025-12', 9, '2025-12-11 09:45:58'),
(156, 15, '2025-12-21', 36, 0, '2025-12', 9, '2025-12-11 09:45:58'),
(157, 10, '2025-12-21', 36, 0, '2025-12', 9, '2025-12-11 09:45:58'),
(158, 16, '2025-12-21', 36, 0, '2025-12', 9, '2025-12-11 09:45:58'),
(159, 18, '2025-12-21', 41, 0, '2025-12', 9, '2025-12-11 09:45:58'),
(160, 17, '2025-12-21', 41, 0, '2025-12', 9, '2025-12-11 09:45:58'),
(161, 20, '2025-12-21', 41, 0, '2025-12', 9, '2025-12-11 09:45:58'),
(162, 9, '2025-12-21', NULL, 1, '2025-12', 9, '2025-12-11 09:45:58'),
(163, 15, '2025-12-22', 36, 0, '2025-12', 9, '2025-12-11 09:45:58'),
(164, 10, '2025-12-22', 36, 0, '2025-12', 9, '2025-12-11 09:45:58'),
(165, 16, '2025-12-22', 36, 0, '2025-12', 9, '2025-12-11 09:45:58'),
(166, 9, '2025-12-22', 41, 0, '2025-12', 9, '2025-12-11 09:45:58'),
(167, 18, '2025-12-22', 41, 0, '2025-12', 9, '2025-12-11 09:45:58'),
(168, 17, '2025-12-22', 41, 0, '2025-12', 9, '2025-12-11 09:45:58'),
(169, 20, '2025-12-22', NULL, 1, '2025-12', 9, '2025-12-11 09:45:58'),
(170, 15, '2025-12-23', 36, 0, '2025-12', 9, '2025-12-11 09:45:58'),
(171, 20, '2025-12-23', 36, 0, '2025-12', 9, '2025-12-11 09:45:58'),
(172, 10, '2025-12-23', 36, 0, '2025-12', 9, '2025-12-11 09:45:58'),
(173, 9, '2025-12-23', 41, 0, '2025-12', 9, '2025-12-11 09:45:58'),
(174, 16, '2025-12-23', 41, 0, '2025-12', 9, '2025-12-11 09:45:58'),
(175, 17, '2025-12-23', 41, 0, '2025-12', 9, '2025-12-11 09:45:58'),
(176, 18, '2025-12-23', NULL, 1, '2025-12', 9, '2025-12-11 09:45:58'),
(177, 15, '2025-12-24', 36, 0, '2025-12', 9, '2025-12-11 09:45:58'),
(178, 20, '2025-12-24', 36, 0, '2025-12', 9, '2025-12-11 09:45:58'),
(179, 18, '2025-12-24', 36, 0, '2025-12', 9, '2025-12-11 09:45:58'),
(180, 9, '2025-12-24', 41, 0, '2025-12', 9, '2025-12-11 09:45:58'),
(181, 10, '2025-12-24', 41, 0, '2025-12', 9, '2025-12-11 09:45:58'),
(182, 16, '2025-12-24', 41, 0, '2025-12', 9, '2025-12-11 09:45:58'),
(183, 17, '2025-12-24', NULL, 1, '2025-12', 9, '2025-12-11 09:45:58'),
(184, 17, '2025-12-25', 36, 0, '2025-12', 9, '2025-12-11 09:45:58'),
(185, 20, '2025-12-25', 36, 0, '2025-12', 9, '2025-12-11 09:45:58'),
(186, 18, '2025-12-25', 36, 0, '2025-12', 9, '2025-12-11 09:45:58'),
(187, 9, '2025-12-25', 41, 0, '2025-12', 9, '2025-12-11 09:45:58'),
(188, 10, '2025-12-25', 41, 0, '2025-12', 9, '2025-12-11 09:45:58'),
(189, 16, '2025-12-25', 41, 0, '2025-12', 9, '2025-12-11 09:45:58'),
(190, 15, '2025-12-25', NULL, 1, '2025-12', 9, '2025-12-11 09:45:58'),
(191, 15, '2025-12-26', 36, 0, '2025-12', 9, '2025-12-11 09:45:58'),
(192, 17, '2025-12-26', 36, 0, '2025-12', 9, '2025-12-11 09:45:58'),
(193, 20, '2025-12-26', 36, 0, '2025-12', 9, '2025-12-11 09:45:58'),
(194, 9, '2025-12-26', 41, 0, '2025-12', 9, '2025-12-11 09:45:58'),
(195, 18, '2025-12-26', 41, 0, '2025-12', 9, '2025-12-11 09:45:58'),
(196, 10, '2025-12-26', 41, 0, '2025-12', 9, '2025-12-11 09:45:58'),
(197, 16, '2025-12-26', NULL, 1, '2025-12', 9, '2025-12-11 09:45:58'),
(198, 16, '2025-12-27', 36, 0, '2025-12', 9, '2025-12-11 09:45:58'),
(199, 17, '2025-12-27', 36, 0, '2025-12', 9, '2025-12-11 09:45:58'),
(200, 20, '2025-12-27', 36, 0, '2025-12', 9, '2025-12-11 09:45:58'),
(201, 15, '2025-12-27', 41, 0, '2025-12', 9, '2025-12-11 09:45:58'),
(202, 18, '2025-12-27', 41, 0, '2025-12', 9, '2025-12-11 09:45:58'),
(203, 9, '2025-12-27', 41, 0, '2025-12', 9, '2025-12-11 09:45:58'),
(204, 10, '2025-12-27', NULL, 1, '2025-12', 9, '2025-12-11 09:45:58'),
(205, 10, '2025-12-28', 36, 0, '2025-12', 9, '2025-12-11 09:45:58'),
(206, 16, '2025-12-28', 36, 0, '2025-12', 9, '2025-12-11 09:45:58'),
(207, 17, '2025-12-28', 36, 0, '2025-12', 9, '2025-12-11 09:45:58'),
(208, 15, '2025-12-28', 41, 0, '2025-12', 9, '2025-12-11 09:45:58'),
(209, 20, '2025-12-28', 41, 0, '2025-12', 9, '2025-12-11 09:45:58'),
(210, 18, '2025-12-28', 41, 0, '2025-12', 9, '2025-12-11 09:45:58'),
(211, 9, '2025-12-28', NULL, 1, '2025-12', 9, '2025-12-11 09:45:58'),
(212, 9, '2025-12-29', 36, 0, '2025-12', 9, '2025-12-11 09:45:58'),
(213, 10, '2025-12-29', 36, 0, '2025-12', 9, '2025-12-11 09:45:58'),
(214, 16, '2025-12-29', 36, 0, '2025-12', 9, '2025-12-11 09:45:58'),
(215, 15, '2025-12-29', 41, 0, '2025-12', 9, '2025-12-11 09:45:58'),
(216, 17, '2025-12-29', 41, 0, '2025-12', 9, '2025-12-11 09:45:58'),
(217, 18, '2025-12-29', 41, 0, '2025-12', 9, '2025-12-11 09:45:58'),
(218, 20, '2025-12-29', NULL, 1, '2025-12', 9, '2025-12-11 09:45:58'),
(219, 9, '2025-12-30', 36, 0, '2025-12', 9, '2025-12-11 09:45:58'),
(220, 20, '2025-12-30', 36, 0, '2025-12', 9, '2025-12-11 09:45:58'),
(221, 10, '2025-12-30', 36, 0, '2025-12', 9, '2025-12-11 09:45:58'),
(222, 15, '2025-12-30', 41, 0, '2025-12', 9, '2025-12-11 09:45:58'),
(223, 16, '2025-12-30', 41, 0, '2025-12', 9, '2025-12-11 09:45:58'),
(224, 17, '2025-12-30', 41, 0, '2025-12', 9, '2025-12-11 09:45:58'),
(225, 18, '2025-12-30', NULL, 1, '2025-12', 9, '2025-12-11 09:45:58'),
(226, 9, '2025-12-31', 36, 0, '2025-12', 9, '2025-12-11 09:45:58'),
(227, 18, '2025-12-31', 36, 0, '2025-12', 9, '2025-12-11 09:45:58'),
(228, 20, '2025-12-31', 36, 0, '2025-12', 9, '2025-12-11 09:45:58'),
(229, 15, '2025-12-31', 41, 0, '2025-12', 9, '2025-12-11 09:45:58'),
(230, 10, '2025-12-31', 41, 0, '2025-12', 9, '2025-12-11 09:45:58'),
(231, 16, '2025-12-31', 41, 0, '2025-12', 9, '2025-12-11 09:45:58'),
(232, 17, '2025-12-31', NULL, 1, '2025-12', 9, '2025-12-11 09:45:58'),
(233, 5, '2025-12-01', 36, 0, '2025-12', 21, '2025-12-15 08:45:41'),
(234, 6, '2025-12-01', 36, 0, '2025-12', 21, '2025-12-15 08:45:41'),
(235, 21, '2025-12-01', 41, 0, '2025-12', 21, '2025-12-15 08:45:41'),
(236, 5, '2025-12-02', 36, 0, '2025-12', 21, '2025-12-15 08:45:41'),
(237, 6, '2025-12-02', 36, 0, '2025-12', 21, '2025-12-15 08:45:41'),
(238, 21, '2025-12-02', 41, 0, '2025-12', 21, '2025-12-15 08:45:41'),
(239, 5, '2025-12-03', 36, 0, '2025-12', 21, '2025-12-15 08:45:41'),
(240, 6, '2025-12-03', 36, 0, '2025-12', 21, '2025-12-15 08:45:41'),
(241, 21, '2025-12-03', 41, 0, '2025-12', 21, '2025-12-15 08:45:41'),
(242, 5, '2025-12-04', 36, 0, '2025-12', 21, '2025-12-15 08:45:41'),
(243, 6, '2025-12-04', 36, 0, '2025-12', 21, '2025-12-15 08:45:41'),
(244, 21, '2025-12-04', 41, 0, '2025-12', 21, '2025-12-15 08:45:41'),
(245, 5, '2025-12-05', 36, 0, '2025-12', 21, '2025-12-15 08:45:41'),
(246, 6, '2025-12-05', 36, 0, '2025-12', 21, '2025-12-15 08:45:41'),
(247, 21, '2025-12-05', 41, 0, '2025-12', 21, '2025-12-15 08:45:41'),
(248, 5, '2025-12-06', 36, 0, '2025-12', 21, '2025-12-15 08:45:41'),
(249, 6, '2025-12-06', 36, 0, '2025-12', 21, '2025-12-15 08:45:41'),
(250, 21, '2025-12-06', 41, 0, '2025-12', 21, '2025-12-15 08:45:41'),
(251, 5, '2025-12-07', NULL, 1, '2025-12', 21, '2025-12-15 08:45:41'),
(252, 6, '2025-12-07', NULL, 1, '2025-12', 21, '2025-12-15 08:45:41'),
(253, 21, '2025-12-07', NULL, 1, '2025-12', 21, '2025-12-15 08:45:41'),
(254, 5, '2025-12-08', 36, 0, '2025-12', 21, '2025-12-15 08:45:41'),
(255, 21, '2025-12-08', 36, 0, '2025-12', 21, '2025-12-15 08:45:41'),
(256, 6, '2025-12-08', 41, 0, '2025-12', 21, '2025-12-15 08:45:41'),
(257, 5, '2025-12-09', 36, 0, '2025-12', 21, '2025-12-15 08:45:41'),
(258, 21, '2025-12-09', 36, 0, '2025-12', 21, '2025-12-15 08:45:41'),
(259, 6, '2025-12-09', 41, 0, '2025-12', 21, '2025-12-15 08:45:41'),
(260, 5, '2025-12-10', 36, 0, '2025-12', 21, '2025-12-15 08:45:41'),
(261, 21, '2025-12-10', 36, 0, '2025-12', 21, '2025-12-15 08:45:41'),
(262, 6, '2025-12-10', 41, 0, '2025-12', 21, '2025-12-15 08:45:41'),
(263, 5, '2025-12-11', 36, 0, '2025-12', 21, '2025-12-15 08:45:41'),
(264, 21, '2025-12-11', 36, 0, '2025-12', 21, '2025-12-15 08:45:41'),
(265, 6, '2025-12-11', 41, 0, '2025-12', 21, '2025-12-15 08:45:41'),
(266, 5, '2025-12-12', 36, 0, '2025-12', 21, '2025-12-15 08:45:41'),
(267, 21, '2025-12-12', 36, 0, '2025-12', 21, '2025-12-15 08:45:41'),
(268, 6, '2025-12-12', 41, 0, '2025-12', 21, '2025-12-15 08:45:41'),
(269, 5, '2025-12-13', 36, 0, '2025-12', 21, '2025-12-15 08:45:41'),
(270, 21, '2025-12-13', 36, 0, '2025-12', 21, '2025-12-15 08:45:41'),
(271, 6, '2025-12-13', 41, 0, '2025-12', 21, '2025-12-15 08:45:41'),
(272, 5, '2025-12-14', NULL, 1, '2025-12', 21, '2025-12-15 08:45:41'),
(273, 6, '2025-12-14', NULL, 1, '2025-12', 21, '2025-12-15 08:45:41'),
(274, 21, '2025-12-14', NULL, 1, '2025-12', 21, '2025-12-15 08:45:41'),
(275, 5, '2025-12-15', 36, 0, '2025-12', 21, '2025-12-15 08:45:41'),
(276, 6, '2025-12-15', 36, 0, '2025-12', 21, '2025-12-15 08:45:41'),
(277, 21, '2025-12-15', 41, 0, '2025-12', 21, '2025-12-15 08:45:41'),
(278, 5, '2025-12-16', 36, 0, '2025-12', 21, '2025-12-15 08:45:41'),
(279, 6, '2025-12-16', 36, 0, '2025-12', 21, '2025-12-15 08:45:41'),
(280, 21, '2025-12-16', 41, 0, '2025-12', 21, '2025-12-15 08:45:41'),
(281, 5, '2025-12-17', 36, 0, '2025-12', 21, '2025-12-15 08:45:41'),
(282, 6, '2025-12-17', 36, 0, '2025-12', 21, '2025-12-15 08:45:41'),
(283, 21, '2025-12-17', 41, 0, '2025-12', 21, '2025-12-15 08:45:41'),
(284, 6, '2025-12-18', 40, 0, '2025-12', 21, '2025-12-15 08:45:41'),
(285, 5, '2025-12-18', 41, 0, '2025-12', 21, '2025-12-15 08:45:41'),
(286, 21, '2025-12-18', NULL, 1, '2025-12', 21, '2025-12-15 08:45:41'),
(287, 21, '2025-12-19', 36, 0, '2025-12', 21, '2025-12-15 08:45:41'),
(288, 6, '2025-12-19', 36, 0, '2025-12', 21, '2025-12-15 08:45:41'),
(289, 5, '2025-12-19', 41, 0, '2025-12', 21, '2025-12-15 08:45:41'),
(290, 21, '2025-12-20', 36, 0, '2025-12', 21, '2025-12-15 08:45:41'),
(291, 6, '2025-12-20', 36, 0, '2025-12', 21, '2025-12-15 08:45:41'),
(292, 5, '2025-12-20', 41, 0, '2025-12', 21, '2025-12-15 08:45:41'),
(293, 21, '2025-12-21', 36, 0, '2025-12', 21, '2025-12-15 08:45:41'),
(294, 5, '2025-12-21', NULL, 1, '2025-12', 21, '2025-12-15 08:45:41'),
(295, 6, '2025-12-21', NULL, 1, '2025-12', 21, '2025-12-15 08:45:41'),
(296, 21, '2025-12-22', 36, 0, '2025-12', 21, '2025-12-15 08:45:41'),
(297, 6, '2025-12-22', 36, 0, '2025-12', 21, '2025-12-15 08:45:41'),
(298, 5, '2025-12-22', 41, 0, '2025-12', 21, '2025-12-15 08:45:41'),
(299, 21, '2025-12-23', 36, 0, '2025-12', 21, '2025-12-15 08:45:41'),
(300, 6, '2025-12-23', 36, 0, '2025-12', 21, '2025-12-15 08:45:41'),
(301, 5, '2025-12-23', 41, 0, '2025-12', 21, '2025-12-15 08:45:41'),
(302, 21, '2025-12-24', 36, 0, '2025-12', 21, '2025-12-15 08:45:41'),
(303, 6, '2025-12-24', 36, 0, '2025-12', 21, '2025-12-15 08:45:41'),
(304, 5, '2025-12-24', 41, 0, '2025-12', 21, '2025-12-15 08:45:41'),
(305, 5, '2025-12-25', 41, 0, '2025-12', 21, '2025-12-15 08:45:41'),
(306, 6, '2025-12-25', 53, 0, '12-2025', 21, '2025-12-30 14:39:16'),
(307, 21, '2025-12-25', NULL, 1, '2025-12', 21, '2025-12-15 08:45:41'),
(308, 21, '2025-12-26', 36, 0, '2025-12', 21, '2025-12-15 08:45:41'),
(309, 6, '2025-12-26', 53, 0, '12-2025', 21, '2025-12-30 14:39:16'),
(310, 5, '2025-12-26', NULL, 1, '2025-12', 21, '2025-12-15 08:45:41'),
(311, 21, '2025-12-27', 36, 0, '2025-12', 21, '2025-12-15 08:45:41'),
(312, 5, '2025-12-27', 41, 0, '2025-12', 21, '2025-12-15 08:45:41'),
(313, 6, '2025-12-27', NULL, 1, '2025-12', 21, '2025-12-15 08:45:41'),
(314, 21, '2025-12-28', 36, 0, '2025-12', 21, '2025-12-15 08:45:41'),
(315, 6, '2025-12-28', 41, 0, '2025-12', 21, '2025-12-15 08:45:41'),
(316, 5, '2025-12-28', NULL, 1, '2025-12', 21, '2025-12-15 08:45:41'),
(317, 5, '2025-12-29', 41, 0, '2025-12', 21, '2025-12-15 08:45:41'),
(318, 6, '2025-12-29', NULL, 1, '2025-12', 21, '2025-12-15 08:45:41'),
(319, 21, '2025-12-29', NULL, 1, '2025-12', 21, '2025-12-15 08:45:41'),
(320, 6, '2025-12-30', 41, 0, '2025-12', 21, '2025-12-15 08:45:41'),
(321, 5, '2025-12-30', NULL, 1, '2025-12', 21, '2025-12-15 08:45:41'),
(322, 21, '2025-12-30', NULL, 1, '2025-12', 21, '2025-12-15 08:45:41'),
(323, 5, '2025-12-31', 41, 0, '2025-12', 21, '2025-12-15 08:45:41'),
(324, 6, '2025-12-31', NULL, 1, '2025-12', 21, '2025-12-15 08:45:41'),
(325, 21, '2025-12-31', NULL, 1, '2025-12', 21, '2025-12-15 08:45:41'),
(326, 20, '2026-01-02', 36, 0, '2026-01', 9, '2025-12-30 11:31:12'),
(327, 9, '2026-01-01', 36, 0, '2026-01', 9, '2025-12-30 11:31:12'),
(328, 10, '2026-01-01', 36, 0, '2026-01', 9, '2025-12-30 11:31:12'),
(329, 15, '2026-01-01', 36, 0, '2026-01', 9, '2025-12-30 11:31:12'),
(330, 16, '2026-01-01', 41, 0, '2026-01', 9, '2025-12-30 11:31:12'),
(331, 17, '2026-01-01', 41, 0, '2026-01', 9, '2025-12-30 11:31:12'),
(332, 18, '2026-01-01', 41, 0, '2026-01', 9, '2025-12-30 11:31:12'),
(333, 20, '2026-01-01', 41, 0, '2026-01', 9, '2025-12-30 11:31:12'),
(334, 9, '2026-01-02', 36, 0, '2026-01', 9, '2025-12-30 11:31:12'),
(335, 10, '2026-01-02', 36, 0, '2026-01', 9, '2025-12-30 11:31:12'),
(336, 15, '2026-01-02', 36, 0, '2026-01', 9, '2025-12-30 11:31:12'),
(337, 16, '2026-01-02', 41, 0, '2026-01', 9, '2025-12-30 11:31:12'),
(338, 17, '2026-01-02', 41, 0, '2026-01', 9, '2025-12-30 11:31:12'),
(339, 18, '2026-01-02', 41, 0, '2026-01', 9, '2025-12-30 11:31:12'),
(340, 9, '2026-01-03', 36, 0, '2026-01', 9, '2025-12-30 11:31:12'),
(341, 20, '2026-01-03', 36, 0, '2026-01', 9, '2025-12-30 11:31:12'),
(342, 10, '2026-01-03', 36, 0, '2026-01', 9, '2025-12-30 11:31:12'),
(343, 15, '2026-01-03', 41, 0, '2026-01', 9, '2025-12-30 11:31:12'),
(344, 16, '2026-01-03', 41, 0, '2026-01', 9, '2025-12-30 11:31:12'),
(345, 17, '2026-01-03', 41, 0, '2026-01', 9, '2025-12-30 11:31:12'),
(346, 18, '2026-01-03', 41, 0, '2026-01', 9, '2025-12-30 11:31:12'),
(347, 9, '2026-01-04', 36, 0, '2026-01', 9, '2025-12-30 11:31:12'),
(348, 20, '2026-01-04', 36, 0, '2026-01', 9, '2025-12-30 11:31:12'),
(349, 10, '2026-01-04', 36, 0, '2026-01', 9, '2025-12-30 11:31:12'),
(350, 15, '2026-01-04', 41, 0, '2026-01', 9, '2025-12-30 11:31:12'),
(351, 16, '2026-01-04', 41, 0, '2026-01', 9, '2025-12-30 11:31:12'),
(352, 17, '2026-01-04', 41, 0, '2026-01', 9, '2025-12-30 11:31:12'),
(353, 18, '2026-01-04', 41, 0, '2026-01', 9, '2025-12-30 11:31:12'),
(354, 9, '2026-01-05', 36, 0, '2026-01', 9, '2025-12-30 11:31:12'),
(355, 20, '2026-01-05', 36, 0, '2026-01', 9, '2025-12-30 11:31:12'),
(356, 10, '2026-01-05', 36, 0, '2026-01', 9, '2025-12-30 11:31:12'),
(357, 15, '2026-01-05', 41, 0, '2026-01', 9, '2025-12-30 11:31:12'),
(358, 16, '2026-01-05', 41, 0, '2026-01', 9, '2025-12-30 11:31:12'),
(359, 17, '2026-01-05', 41, 0, '2026-01', 9, '2025-12-30 11:31:12'),
(360, 18, '2026-01-05', 41, 0, '2026-01', 9, '2025-12-30 11:31:12'),
(361, 9, '2026-01-06', 36, 0, '2026-01', 9, '2025-12-30 11:31:12'),
(362, 20, '2026-01-06', 36, 0, '2026-01', 9, '2025-12-30 11:31:12'),
(363, 10, '2026-01-06', 36, 0, '2026-01', 9, '2025-12-30 11:31:12'),
(364, 15, '2026-01-06', 41, 0, '2026-01', 9, '2025-12-30 11:31:12'),
(365, 16, '2026-01-06', 41, 0, '2026-01', 9, '2025-12-30 11:31:12'),
(366, 17, '2026-01-06', 41, 0, '2026-01', 9, '2025-12-30 11:31:12'),
(367, 18, '2026-01-06', 41, 0, '2026-01', 9, '2025-12-30 11:31:12'),
(368, 9, '2026-01-07', NULL, 1, '2026-01', 9, '2025-12-30 11:31:12'),
(369, 10, '2026-01-07', NULL, 1, '2026-01', 9, '2025-12-30 11:31:12'),
(370, 15, '2026-01-07', NULL, 1, '2026-01', 9, '2025-12-30 11:31:12'),
(371, 16, '2026-01-07', NULL, 1, '2026-01', 9, '2025-12-30 11:31:12'),
(372, 17, '2026-01-07', NULL, 1, '2026-01', 9, '2025-12-30 11:31:12'),
(373, 18, '2026-01-07', NULL, 1, '2026-01', 9, '2025-12-30 11:31:12'),
(374, 20, '2026-01-07', NULL, 1, '2026-01', 9, '2025-12-30 11:31:12'),
(375, 15, '2026-01-08', 36, 0, '2026-01', 9, '2025-12-30 11:31:12'),
(376, 16, '2026-01-08', 36, 0, '2026-01', 9, '2025-12-30 11:31:12'),
(377, 17, '2026-01-08', 36, 0, '2026-01', 9, '2025-12-30 11:31:12'),
(378, 9, '2026-01-08', 41, 0, '2026-01', 9, '2025-12-30 11:31:12'),
(379, 10, '2026-01-08', 41, 0, '2026-01', 9, '2025-12-30 11:31:12'),
(380, 20, '2026-01-08', 41, 0, '2026-01', 9, '2025-12-30 11:31:12'),
(381, 18, '2026-01-08', 41, 0, '2026-01', 9, '2025-12-30 11:31:12'),
(382, 15, '2026-01-09', 36, 0, '2026-01', 9, '2025-12-30 11:31:12'),
(383, 16, '2026-01-09', 36, 0, '2026-01', 9, '2025-12-30 11:31:12'),
(384, 17, '2026-01-09', 36, 0, '2026-01', 9, '2025-12-30 11:31:12'),
(385, 9, '2026-01-09', 41, 0, '2026-01', 9, '2025-12-30 11:31:12'),
(386, 10, '2026-01-09', 41, 0, '2026-01', 9, '2025-12-30 11:31:12'),
(387, 20, '2026-01-09', 41, 0, '2026-01', 9, '2025-12-30 11:31:12'),
(388, 18, '2026-01-09', 41, 0, '2026-01', 9, '2025-12-30 11:31:12'),
(389, 15, '2026-01-10', 36, 0, '2026-01', 9, '2025-12-30 11:31:12'),
(390, 16, '2026-01-10', 36, 0, '2026-01', 9, '2025-12-30 11:31:12'),
(391, 17, '2026-01-10', 36, 0, '2026-01', 9, '2025-12-30 11:31:12'),
(392, 9, '2026-01-10', 41, 0, '2026-01', 9, '2025-12-30 11:31:12'),
(393, 10, '2026-01-10', 41, 0, '2026-01', 9, '2025-12-30 11:31:12'),
(394, 20, '2026-01-10', 41, 0, '2026-01', 9, '2025-12-30 11:31:12'),
(395, 18, '2026-01-10', 41, 0, '2026-01', 9, '2025-12-30 11:31:12'),
(396, 15, '2026-01-11', 36, 0, '2026-01', 9, '2025-12-30 11:31:12'),
(397, 16, '2026-01-11', 36, 0, '2026-01', 9, '2025-12-30 11:31:12'),
(398, 17, '2026-01-11', 36, 0, '2026-01', 9, '2025-12-30 11:31:12'),
(399, 9, '2026-01-11', 41, 0, '2026-01', 9, '2025-12-30 11:31:12'),
(400, 10, '2026-01-11', 41, 0, '2026-01', 9, '2025-12-30 11:31:12'),
(401, 20, '2026-01-11', 41, 0, '2026-01', 9, '2025-12-30 11:31:12'),
(402, 18, '2026-01-11', 41, 0, '2026-01', 9, '2025-12-30 11:31:12'),
(403, 15, '2026-01-12', 36, 0, '2026-01', 9, '2025-12-30 11:31:12'),
(404, 16, '2026-01-12', 36, 0, '2026-01', 9, '2025-12-30 11:31:12'),
(405, 17, '2026-01-12', 36, 0, '2026-01', 9, '2025-12-30 11:31:12'),
(406, 9, '2026-01-12', 41, 0, '2026-01', 9, '2025-12-30 11:31:12'),
(407, 10, '2026-01-12', 41, 0, '2026-01', 9, '2025-12-30 11:31:12'),
(408, 20, '2026-01-12', 41, 0, '2026-01', 9, '2025-12-30 11:31:12'),
(409, 18, '2026-01-12', 41, 0, '2026-01', 9, '2025-12-30 11:31:12'),
(410, 15, '2026-01-13', 36, 0, '2026-01', 9, '2025-12-30 11:31:12'),
(411, 16, '2026-01-13', 36, 0, '2026-01', 9, '2025-12-30 11:31:12'),
(412, 17, '2026-01-13', 36, 0, '2026-01', 9, '2025-12-30 11:31:12'),
(413, 9, '2026-01-13', 41, 0, '2026-01', 9, '2025-12-30 11:31:12'),
(414, 10, '2026-01-13', 41, 0, '2026-01', 9, '2025-12-30 11:31:12'),
(415, 20, '2026-01-13', 41, 0, '2026-01', 9, '2025-12-30 11:31:12'),
(416, 18, '2026-01-13', 41, 0, '2026-01', 9, '2025-12-30 11:31:12'),
(417, 9, '2026-01-14', NULL, 1, '2026-01', 9, '2025-12-30 11:31:12'),
(418, 10, '2026-01-14', NULL, 1, '2026-01', 9, '2025-12-30 11:31:12'),
(419, 15, '2026-01-14', NULL, 1, '2026-01', 9, '2025-12-30 11:31:12'),
(420, 16, '2026-01-14', NULL, 1, '2026-01', 9, '2025-12-30 11:31:12'),
(421, 17, '2026-01-14', NULL, 1, '2026-01', 9, '2025-12-30 11:31:12'),
(422, 18, '2026-01-14', NULL, 1, '2026-01', 9, '2025-12-30 11:31:12'),
(423, 20, '2026-01-14', NULL, 1, '2026-01', 9, '2025-12-30 11:31:12'),
(424, 9, '2026-01-15', 36, 0, '2026-01', 9, '2025-12-30 11:31:12'),
(425, 18, '2026-01-15', 36, 0, '2026-01', 9, '2025-12-30 11:31:12'),
(426, 20, '2026-01-15', 36, 0, '2026-01', 9, '2025-12-30 11:31:12'),
(427, 15, '2026-01-15', 41, 0, '2026-01', 9, '2025-12-30 11:31:12'),
(428, 10, '2026-01-15', 41, 0, '2026-01', 9, '2025-12-30 11:31:12'),
(429, 16, '2026-01-15', 41, 0, '2026-01', 9, '2025-12-30 11:31:12'),
(430, 17, '2026-01-15', 41, 0, '2026-01', 9, '2025-12-30 11:31:12'),
(431, 9, '2026-01-16', 36, 0, '2026-01', 9, '2025-12-30 11:31:12'),
(432, 18, '2026-01-16', 36, 0, '2026-01', 9, '2025-12-30 11:31:12'),
(433, 20, '2026-01-16', 36, 0, '2026-01', 9, '2025-12-30 11:31:12'),
(434, 15, '2026-01-16', 41, 0, '2026-01', 9, '2025-12-30 11:31:12'),
(435, 10, '2026-01-16', 41, 0, '2026-01', 9, '2025-12-30 11:31:12'),
(436, 16, '2026-01-16', 41, 0, '2026-01', 9, '2025-12-30 11:31:12'),
(437, 17, '2026-01-16', 41, 0, '2026-01', 9, '2025-12-30 11:31:12'),
(438, 9, '2026-01-17', 36, 0, '2026-01', 9, '2025-12-30 11:31:12'),
(439, 18, '2026-01-17', 36, 0, '2026-01', 9, '2025-12-30 11:31:12'),
(440, 20, '2026-01-17', 36, 0, '2026-01', 9, '2025-12-30 11:31:12'),
(441, 15, '2026-01-17', 41, 0, '2026-01', 9, '2025-12-30 11:31:12'),
(442, 10, '2026-01-17', 41, 0, '2026-01', 9, '2025-12-30 11:31:12'),
(443, 16, '2026-01-17', 41, 0, '2026-01', 9, '2025-12-30 11:31:12'),
(444, 17, '2026-01-17', 41, 0, '2026-01', 9, '2025-12-30 11:31:12'),
(445, 9, '2026-01-18', 36, 0, '2026-01', 9, '2025-12-30 11:31:12'),
(446, 18, '2026-01-18', 36, 0, '2026-01', 9, '2025-12-30 11:31:12'),
(447, 20, '2026-01-18', 36, 0, '2026-01', 9, '2025-12-30 11:31:12'),
(448, 15, '2026-01-18', 41, 0, '2026-01', 9, '2025-12-30 11:31:12'),
(449, 10, '2026-01-18', 41, 0, '2026-01', 9, '2025-12-30 11:31:12'),
(450, 16, '2026-01-18', 41, 0, '2026-01', 9, '2025-12-30 11:31:12'),
(451, 17, '2026-01-18', 41, 0, '2026-01', 9, '2025-12-30 11:31:12'),
(452, 9, '2026-01-19', 36, 0, '2026-01', 9, '2025-12-30 11:31:12'),
(453, 18, '2026-01-19', 36, 0, '2026-01', 9, '2025-12-30 11:31:12'),
(454, 20, '2026-01-19', 36, 0, '2026-01', 9, '2025-12-30 11:31:12'),
(455, 15, '2026-01-19', 41, 0, '2026-01', 9, '2025-12-30 11:31:12'),
(456, 10, '2026-01-19', 41, 0, '2026-01', 9, '2025-12-30 11:31:12'),
(457, 16, '2026-01-19', 41, 0, '2026-01', 9, '2025-12-30 11:31:12'),
(458, 17, '2026-01-19', 41, 0, '2026-01', 9, '2025-12-30 11:31:12'),
(459, 9, '2026-01-20', 36, 0, '2026-01', 9, '2025-12-30 11:31:12'),
(460, 18, '2026-01-20', 36, 0, '2026-01', 9, '2025-12-30 11:31:12'),
(461, 20, '2026-01-20', 36, 0, '2026-01', 9, '2025-12-30 11:31:12'),
(462, 15, '2026-01-20', 41, 0, '2026-01', 9, '2025-12-30 11:31:12'),
(463, 10, '2026-01-20', 41, 0, '2026-01', 9, '2025-12-30 11:31:12'),
(464, 16, '2026-01-20', 41, 0, '2026-01', 9, '2025-12-30 11:31:12'),
(465, 17, '2026-01-20', 41, 0, '2026-01', 9, '2025-12-30 11:31:12'),
(466, 9, '2026-01-21', NULL, 1, '2026-01', 9, '2025-12-30 11:31:12'),
(467, 10, '2026-01-21', NULL, 1, '2026-01', 9, '2025-12-30 11:31:12'),
(468, 15, '2026-01-21', NULL, 1, '2026-01', 9, '2025-12-30 11:31:12'),
(469, 16, '2026-01-21', NULL, 1, '2026-01', 9, '2025-12-30 11:31:12'),
(470, 17, '2026-01-21', NULL, 1, '2026-01', 9, '2025-12-30 11:31:12'),
(471, 18, '2026-01-21', NULL, 1, '2026-01', 9, '2025-12-30 11:31:12'),
(472, 20, '2026-01-21', NULL, 1, '2026-01', 9, '2025-12-30 11:31:12'),
(473, 15, '2026-01-22', 36, 0, '2026-01', 9, '2025-12-30 11:31:12'),
(474, 10, '2026-01-22', 36, 0, '2026-01', 9, '2025-12-30 11:31:12'),
(475, 16, '2026-01-22', 36, 0, '2026-01', 9, '2025-12-30 11:31:12'),
(476, 9, '2026-01-22', 41, 0, '2026-01', 9, '2025-12-30 11:31:12'),
(477, 20, '2026-01-22', 41, 0, '2026-01', 9, '2025-12-30 11:31:12'),
(478, 17, '2026-01-22', 41, 0, '2026-01', 9, '2025-12-30 11:31:12'),
(479, 18, '2026-01-22', 41, 0, '2026-01', 9, '2025-12-30 11:31:12'),
(480, 15, '2026-01-23', 36, 0, '2026-01', 9, '2025-12-30 11:31:12'),
(481, 10, '2026-01-23', 36, 0, '2026-01', 9, '2025-12-30 11:31:12'),
(482, 16, '2026-01-23', 36, 0, '2026-01', 9, '2025-12-30 11:31:12'),
(483, 9, '2026-01-23', 41, 0, '2026-01', 9, '2025-12-30 11:31:12'),
(484, 20, '2026-01-23', 41, 0, '2026-01', 9, '2025-12-30 11:31:12'),
(485, 17, '2026-01-23', 41, 0, '2026-01', 9, '2025-12-30 11:31:12'),
(486, 18, '2026-01-23', 41, 0, '2026-01', 9, '2025-12-30 11:31:12'),
(487, 15, '2026-01-24', 36, 0, '2026-01', 9, '2025-12-30 11:31:12'),
(488, 10, '2026-01-24', 36, 0, '2026-01', 9, '2025-12-30 11:31:12'),
(489, 16, '2026-01-24', 36, 0, '2026-01', 9, '2025-12-30 11:31:12'),
(490, 9, '2026-01-24', 41, 0, '2026-01', 9, '2025-12-30 11:31:12'),
(491, 20, '2026-01-24', 41, 0, '2026-01', 9, '2025-12-30 11:31:12'),
(492, 17, '2026-01-24', 41, 0, '2026-01', 9, '2025-12-30 11:31:12'),
(493, 18, '2026-01-24', 41, 0, '2026-01', 9, '2025-12-30 11:31:12'),
(494, 15, '2026-01-25', 36, 0, '2026-01', 9, '2025-12-30 11:31:12'),
(495, 10, '2026-01-25', 36, 0, '2026-01', 9, '2025-12-30 11:31:12'),
(496, 16, '2026-01-25', 36, 0, '2026-01', 9, '2025-12-30 11:31:12'),
(497, 9, '2026-01-25', 41, 0, '2026-01', 9, '2025-12-30 11:31:12'),
(498, 20, '2026-01-25', 41, 0, '2026-01', 9, '2025-12-30 11:31:12'),
(499, 17, '2026-01-25', NULL, 1, '2026-01', 9, '2025-12-30 11:31:12'),
(500, 18, '2026-01-25', NULL, 1, '2026-01', 9, '2025-12-30 11:31:12'),
(501, 15, '2026-01-26', 36, 0, '2026-01', 9, '2025-12-30 11:31:12'),
(502, 17, '2026-01-26', 36, 0, '2026-01', 9, '2025-12-30 11:31:12'),
(503, 18, '2026-01-26', 36, 0, '2026-01', 9, '2025-12-30 11:31:12'),
(504, 9, '2026-01-26', 41, 0, '2026-01', 9, '2025-12-30 11:31:12'),
(505, 20, '2026-01-26', 41, 0, '2026-01', 9, '2025-12-30 11:31:12'),
(506, 10, '2026-01-26', 41, 0, '2026-01', 9, '2025-12-30 11:31:12'),
(507, 16, '2026-01-26', 41, 0, '2026-01', 9, '2025-12-30 11:31:12'),
(508, 15, '2026-01-27', 36, 0, '2026-01', 9, '2025-12-30 11:31:12'),
(509, 17, '2026-01-27', 36, 0, '2026-01', 9, '2025-12-30 11:31:12'),
(510, 18, '2026-01-27', 36, 0, '2026-01', 9, '2025-12-30 11:31:12'),
(511, 9, '2026-01-27', 41, 0, '2026-01', 9, '2025-12-30 11:31:12'),
(512, 20, '2026-01-27', 41, 0, '2026-01', 9, '2025-12-30 11:31:12'),
(513, 10, '2026-01-27', 41, 0, '2026-01', 9, '2025-12-30 11:31:12'),
(514, 16, '2026-01-27', 41, 0, '2026-01', 9, '2025-12-30 11:31:12'),
(515, 17, '2026-01-28', 36, 0, '2026-01', 9, '2025-12-30 11:31:12'),
(516, 18, '2026-01-28', 36, 0, '2026-01', 9, '2025-12-30 11:31:12'),
(517, 9, '2026-01-28', NULL, 1, '2026-01', 9, '2025-12-30 11:31:12'),
(518, 10, '2026-01-28', NULL, 1, '2026-01', 9, '2025-12-30 11:31:12'),
(519, 15, '2026-01-28', NULL, 1, '2026-01', 9, '2025-12-30 11:31:12'),
(520, 16, '2026-01-28', NULL, 1, '2026-01', 9, '2025-12-30 11:31:12'),
(521, 20, '2026-01-28', NULL, 1, '2026-01', 9, '2025-12-30 11:31:12'),
(522, 9, '2026-01-29', 36, 0, '2026-01', 9, '2025-12-30 11:31:12'),
(523, 17, '2026-01-29', 36, 0, '2026-01', 9, '2025-12-30 11:31:12'),
(524, 18, '2026-01-29', 36, 0, '2026-01', 9, '2025-12-30 11:31:12'),
(525, 15, '2026-01-29', 41, 0, '2026-01', 9, '2025-12-30 11:31:12'),
(526, 20, '2026-01-29', 41, 0, '2026-01', 9, '2025-12-30 11:31:12'),
(527, 10, '2026-01-29', 41, 0, '2026-01', 9, '2025-12-30 11:31:12'),
(528, 16, '2026-01-29', 41, 0, '2026-01', 9, '2025-12-30 11:31:12'),
(529, 9, '2026-01-30', 36, 0, '2026-01', 9, '2025-12-30 11:31:12'),
(530, 17, '2026-01-30', 36, 0, '2026-01', 9, '2025-12-30 11:31:12'),
(531, 18, '2026-01-30', 36, 0, '2026-01', 9, '2025-12-30 11:31:12'),
(532, 15, '2026-01-30', 41, 0, '2026-01', 9, '2025-12-30 11:31:12'),
(533, 20, '2026-01-30', 41, 0, '2026-01', 9, '2025-12-30 11:31:12'),
(534, 10, '2026-01-30', NULL, 1, '2026-01', 9, '2025-12-30 11:31:12'),
(535, 16, '2026-01-30', NULL, 1, '2026-01', 9, '2025-12-30 11:31:12'),
(536, 9, '2026-01-31', 36, 0, '2026-01', 9, '2025-12-30 11:31:12'),
(537, 10, '2026-01-31', 36, 0, '2026-01', 9, '2025-12-30 11:31:12'),
(538, 16, '2026-01-31', 36, 0, '2026-01', 9, '2025-12-30 11:31:12'),
(539, 15, '2026-01-31', 41, 0, '2026-01', 9, '2025-12-30 11:31:12'),
(540, 17, '2026-01-31', NULL, 1, '2026-01', 9, '2025-12-30 11:31:12'),
(541, 18, '2026-01-31', NULL, 1, '2026-01', 9, '2025-12-30 11:31:12'),
(542, 20, '2026-01-31', NULL, 1, '2026-01', 9, '2025-12-30 11:31:12'),
(543, 28, '2024-01-15', 36, 0, '2024-01', 9, '2025-12-30 11:34:39'),
(544, 28, '2024-01-16', 36, 0, '2024-01', 9, '2025-12-30 11:34:39'),
(545, 28, '2024-01-17', 36, 0, '2024-01', 9, '2025-12-30 11:34:39'),
(546, 28, '2024-01-18', 36, 0, '2024-01', 9, '2025-12-30 11:34:39'),
(547, 28, '2024-01-19', 36, 0, '2024-01', 9, '2025-12-30 11:34:39'),
(548, 28, '2024-01-20', 36, 0, '2024-01', 9, '2025-12-30 11:34:39'),
(549, 28, '2024-01-21', NULL, 1, '2024-01', 9, '2025-12-30 11:34:39'),
(550, 28, '2024-01-22', 36, 0, '2024-01', 9, '2025-12-30 11:34:39'),
(551, 28, '2024-01-23', 36, 0, '2024-01', 9, '2025-12-30 11:34:39'),
(552, 28, '2024-01-24', 36, 0, '2024-01', 9, '2025-12-30 11:34:39'),
(553, 28, '2024-01-25', 36, 0, '2024-01', 9, '2025-12-30 11:34:39'),
(554, 28, '2024-01-26', 36, 0, '2024-01', 9, '2025-12-30 11:34:39'),
(555, 28, '2024-01-27', 36, 0, '2024-01', 9, '2025-12-30 11:34:39'),
(556, 28, '2024-01-28', NULL, 1, '2024-01', 9, '2025-12-30 11:34:39'),
(557, 28, '2024-01-29', 36, 0, '2024-01', 9, '2025-12-30 11:34:39'),
(558, 28, '2024-01-30', 36, 0, '2024-01', 9, '2025-12-30 11:34:39'),
(559, 28, '2024-01-31', 36, 0, '2024-01', 9, '2025-12-30 11:34:39'),
(560, 28, '2026-01-15', 36, 0, '2026-01', 9, '2025-12-30 11:35:38'),
(561, 28, '2026-01-16', 36, 0, '2026-01', 9, '2025-12-30 11:35:38'),
(562, 28, '2026-01-17', 36, 0, '2026-01', 9, '2025-12-30 11:35:38'),
(563, 28, '2026-01-18', 36, 0, '2026-01', 9, '2025-12-30 11:35:38'),
(564, 28, '2026-01-19', 36, 0, '2026-01', 9, '2025-12-30 11:35:38'),
(565, 28, '2026-01-20', 36, 0, '2026-01', 9, '2025-12-30 11:35:38'),
(566, 28, '2026-01-21', NULL, 1, '2026-01', 9, '2025-12-30 11:35:38'),
(567, 28, '2026-01-22', 36, 0, '2026-01', 9, '2025-12-30 11:35:38'),
(568, 28, '2026-01-23', 36, 0, '2026-01', 9, '2025-12-30 11:35:38'),
(569, 28, '2026-01-24', 36, 0, '2026-01', 9, '2025-12-30 11:35:38'),
(570, 28, '2026-01-25', 36, 0, '2026-01', 9, '2025-12-30 11:35:38'),
(571, 28, '2026-01-26', 36, 0, '2026-01', 9, '2025-12-30 11:35:38'),
(572, 28, '2026-01-27', 36, 0, '2026-01', 9, '2025-12-30 11:35:38'),
(573, 28, '2026-01-28', NULL, 1, '2026-01', 9, '2025-12-30 11:35:38'),
(574, 28, '2026-01-29', 36, 0, '2026-01', 9, '2025-12-30 11:35:38'),
(575, 28, '2026-01-30', 36, 0, '2026-01', 9, '2025-12-30 11:35:38'),
(576, 28, '2026-01-31', 36, 0, '2026-01', 9, '2025-12-30 11:35:38'),
(577, 29, '2025-12-31', 36, 0, '2025-12', 9, '2025-12-31 03:00:15');

-- --------------------------------------------------------

--
-- Cáș„u trĂșc báșŁng cho báșŁng `employee_documents`
--

DROP TABLE IF EXISTS `employee_documents`;
CREATE TABLE IF NOT EXISTS `employee_documents` (
  `documentID` int NOT NULL AUTO_INCREMENT,
  `userID` int NOT NULL COMMENT 'LiĂȘn káșżt vá»i nhĂąn viĂȘn',
  `documentType` enum('DEGREE','CERTIFICATE','MEDICAL_PREGNANCY','MEDICAL_DISABILITY','IDENTIFICATION','OTHER') CHARACTER SET utf8mb4 COLLATE utf8mb4_unicode_ci NOT NULL COMMENT 'PhĂąn loáșĄi giáș„y tá» Äá» xá»­ lĂœ logic lÆ°ÆĄng/cĂŽng',
  `documentName` varchar(255) CHARACTER SET utf8mb4 COLLATE utf8mb4_unicode_ci NOT NULL COMMENT 'TĂȘn giáș„y tá» (VD: Báș±ng ÄH, Giáș„y chá»©ng nháș­n nghá» thai sáșŁn)',
  `issuingAuthority` varchar(255) CHARACTER SET utf8mb4 COLLATE utf8mb4_unicode_ci DEFAULT NULL COMMENT 'NÆĄi cáș„p (Bá»nh viá»n A, TrÆ°á»ng B...)',
  `issueDate` date DEFAULT NULL COMMENT 'NgĂ y cáș„p/NgĂ y báșŻt Äáș§u hiá»u lá»±c',
  `expiryDate` date DEFAULT NULL COMMENT 'NgĂ y háșżt háșĄn (Quan trá»ng cho chá»©ng chá» cĂł thá»i háșĄn)',
  `fileUrl` varchar(500) CHARACTER SET utf8mb4 COLLATE utf8mb4_unicode_ci NOT NULL COMMENT 'ÄÆ°á»ng dáș«n file scan (PDF/IMG)',
  `status` enum('PENDING','APPROVED','REJECTED') CHARACTER SET utf8mb4 COLLATE utf8mb4_unicode_ci DEFAULT 'PENDING' COMMENT 'TráșĄng thĂĄi duyá»t cá»§a HR',
  `note` text CHARACTER SET utf8mb4 COLLATE utf8mb4_unicode_ci COMMENT 'Ghi chĂș thĂȘm',
  `created_at` datetime DEFAULT CURRENT_TIMESTAMP,
  `updated_at` datetime DEFAULT CURRENT_TIMESTAMP ON UPDATE CURRENT_TIMESTAMP,
  PRIMARY KEY (`documentID`),
  KEY `FK_Docs_User` (`userID`)
) ENGINE=InnoDB AUTO_INCREMENT=2 DEFAULT CHARSET=utf8mb4 COLLATE=utf8mb4_unicode_ci COMMENT='LÆ°u trá»Ż há» sÆĄ, báș±ng cáș„p, giáș„y tá» minh chá»©ng cá»§a nhĂąn viĂȘn';

--
-- Äang Äá» dá»Ż liá»u cho báșŁng `employee_documents`
--

INSERT INTO `employee_documents` (`documentID`, `userID`, `documentType`, `documentName`, `issuingAuthority`, `issueDate`, `expiryDate`, `fileUrl`, `status`, `note`, `created_at`, `updated_at`) VALUES
(1, 36, 'OTHER', 'CV NhĂąn viĂȘn', 'BáșŁn thĂąn', '2026-01-01', NULL, '31b59d76-cf6c-41d1-b82e-f53327b785bb.pdf', 'APPROVED', 'ÄĂŁ xĂĄc thá»±c báșŁn gá»c', '2026-01-05 18:10:10', '2026-01-05 18:14:24');

-- --------------------------------------------------------

--
-- Cáș„u trĂșc báșŁng cho báșŁng `leavebalance`
--

DROP TABLE IF EXISTS `leavebalance`;
CREATE TABLE IF NOT EXISTS `leavebalance` (
  `userID` int NOT NULL COMMENT 'FK: BáșŁng users',
  `leavetypeid` int NOT NULL COMMENT 'FK: BáșŁng shifts (tham chiáșżu ID cá»§a AL, SL, PL...)',
  `year` int NOT NULL COMMENT 'NÄm ĂĄp dá»„ng (VD: 2025)',
  `totalgranted` int NOT NULL DEFAULT '0',
  `carriedover` int NOT NULL DEFAULT '0',
  `daysused` int NOT NULL DEFAULT '0',
  `lastupdated` datetime DEFAULT CURRENT_TIMESTAMP ON UPDATE CURRENT_TIMESTAMP,
  PRIMARY KEY (`userID`,`leavetypeid`,`year`) COMMENT 'Má»i NV chá» cĂł 1 sá» dÆ° cho 1 loáșĄi phĂ©p/nÄm',
  KEY `FK_leavebalance_Shift` (`leavetypeid`)
) ENGINE=InnoDB DEFAULT CHARSET=utf8mb4 COLLATE=utf8mb4_unicode_ci COMMENT='Sá» dÆ° phĂ©p cá»§a tá»«ng nhĂąn viĂȘn';

--
-- Äang Äá» dá»Ż liá»u cho báșŁng `leavebalance`
--

INSERT INTO `leavebalance` (`userID`, `leavetypeid`, `year`, `totalgranted`, `carriedover`, `daysused`, `lastupdated`) VALUES
(1, 53, 2025, 12, 0, 0, '2025-11-14 22:14:46'),
(1, 54, 2025, 30, 0, 0, '2025-11-14 22:14:46'),
(1, 55, 2025, 14, 0, 0, '2025-11-14 22:14:46'),
(2, 53, 2025, 12, 0, 0, '2025-11-14 22:14:46'),
(2, 54, 2025, 30, 0, 0, '2025-11-14 22:14:46'),
(2, 55, 2025, 14, 0, 0, '2025-11-14 22:14:46'),
(3, 53, 2025, 12, 0, 0, '2025-11-14 22:14:46'),
(3, 54, 2025, 30, 0, 0, '2025-11-14 22:14:46'),
(3, 56, 2025, 180, 0, 0, '2025-11-14 22:14:46'),
(4, 53, 2025, 12, 0, 0, '2025-11-14 22:14:46'),
(4, 54, 2025, 30, 0, 0, '2025-11-14 22:14:46'),
(4, 55, 2025, 14, 0, 0, '2025-11-14 22:14:46'),
(5, 53, 2025, 12, 0, 0, '2025-11-14 22:14:46'),
(5, 54, 2025, 30, 0, 0, '2025-11-14 22:14:46'),
(5, 56, 2025, 180, 0, 0, '2025-11-14 22:14:46'),
(6, 53, 2025, 12, 0, 2, '2025-11-14 22:14:46'),
(6, 54, 2025, 30, 0, 0, '2025-11-14 22:14:46'),
(6, 55, 2025, 14, 0, 0, '2025-11-14 22:14:46'),
(7, 53, 2025, 12, 0, 0, '2025-11-14 22:14:46'),
(7, 54, 2025, 30, 0, 0, '2025-11-14 22:14:46'),
(7, 55, 2025, 14, 0, 0, '2025-11-14 22:14:46'),
(8, 53, 2025, 12, 0, 0, '2025-11-14 22:14:46'),
(8, 54, 2025, 30, 0, 0, '2025-11-14 22:14:46'),
(8, 56, 2025, 180, 0, 0, '2025-11-14 22:14:46'),
(9, 53, 2025, 12, 0, 0, '2025-11-14 22:14:46'),
(9, 54, 2025, 30, 0, 0, '2025-11-14 22:14:46'),
(9, 56, 2025, 180, 0, 0, '2025-11-14 22:14:46'),
(10, 53, 2025, 12, 0, 0, '2025-11-14 22:14:46'),
(10, 54, 2025, 30, 0, 0, '2025-11-14 22:14:46'),
(10, 55, 2025, 14, 0, 0, '2025-11-14 22:14:46'),
(11, 53, 2025, 12, 0, 0, '2025-11-14 22:14:46'),
(11, 54, 2025, 30, 0, 0, '2025-11-14 22:14:46'),
(11, 55, 2025, 14, 0, 0, '2025-11-14 22:14:46'),
(12, 53, 2025, 12, 0, 0, '2025-11-14 22:14:46'),
(12, 54, 2025, 30, 0, 0, '2025-11-14 22:14:46'),
(12, 56, 2025, 180, 0, 0, '2025-11-14 22:14:46'),
(13, 53, 2025, 12, 0, 0, '2025-11-14 22:14:46'),
(13, 54, 2025, 30, 0, 0, '2025-11-14 22:14:46'),
(13, 56, 2025, 180, 0, 0, '2025-11-14 22:14:46'),
(14, 53, 2025, 12, 0, 0, '2025-11-14 22:14:46'),
(14, 54, 2025, 30, 0, 0, '2025-11-14 22:14:46'),
(14, 55, 2025, 14, 0, 0, '2025-11-14 22:14:46'),
(15, 53, 2025, 12, 0, 0, '2025-11-14 22:14:46'),
(15, 54, 2025, 30, 0, 2, '2025-11-14 22:14:46'),
(15, 56, 2025, 180, 0, 0, '2025-11-14 22:14:46'),
(16, 53, 2025, 12, 0, 0, '2025-11-14 22:14:46'),
(16, 54, 2025, 30, 0, 0, '2025-11-14 22:14:46'),
(16, 56, 2025, 180, 0, 0, '2025-11-14 22:14:46'),
(17, 53, 2025, 12, 0, 0, '2025-11-14 22:14:46'),
(17, 54, 2025, 30, 0, 0, '2025-11-14 22:14:46'),
(17, 56, 2025, 180, 0, 0, '2025-11-14 22:14:46'),
(18, 53, 2025, 12, 0, 1, '2025-11-14 22:14:46'),
(18, 54, 2025, 30, 0, 1, '2025-11-14 22:14:46'),
(18, 56, 2025, 180, 0, 0, '2025-11-14 22:14:46'),
(19, 53, 2025, 12, 0, 0, '2025-11-14 22:14:46'),
(19, 54, 2025, 30, 0, 0, '2025-11-14 22:14:46'),
(19, 55, 2025, 14, 0, 0, '2025-11-14 22:14:46'),
(21, 53, 2025, 12, 0, 0, '2025-12-30 23:37:17'),
(21, 54, 2025, 30, 0, 0, '2025-12-30 23:37:17'),
(21, 55, 2025, 0, 0, 0, '2025-12-30 23:39:36'),
(21, 56, 2025, 180, 0, 0, '2025-12-30 23:37:17'),
(21, 57, 2025, 0, 0, 0, '2025-12-30 23:37:17'),
(22, 53, 2025, 12, 0, 0, '2025-12-10 16:08:26'),
(22, 54, 2025, 30, 0, 0, '2025-12-10 16:08:26'),
(22, 55, 2025, 14, 0, 0, '2025-12-10 16:08:26'),
(22, 56, 2025, 0, 0, 0, '2025-12-10 16:08:26'),
(22, 57, 2025, 0, 0, 0, '2025-12-10 16:08:26'),
(23, 53, 2025, 12, 0, 0, '2025-12-10 09:15:47'),
(23, 54, 2025, 30, 0, 0, '2025-12-10 09:15:47'),
(23, 55, 2025, 14, 0, 0, '2025-12-10 09:15:47'),
(23, 56, 2025, 0, 0, 0, '2025-12-10 09:15:47'),
(23, 57, 2025, 0, 0, 0, '2025-12-10 09:15:47'),
(24, 53, 2025, 0, 0, 0, '2025-12-30 07:25:39'),
(24, 54, 2025, 30, 0, 0, '2025-12-30 07:25:39'),
(24, 55, 2025, 14, 0, 0, '2025-12-30 07:25:39'),
(24, 56, 2025, 0, 0, 0, '2025-12-30 07:25:39'),
(24, 57, 2025, 0, 0, 0, '2025-12-30 07:25:39'),
(25, 53, 2025, 0, 0, 0, '2025-12-30 07:26:15'),
(25, 54, 2025, 30, 0, 0, '2025-12-30 07:26:15'),
(25, 55, 2025, 0, 0, 0, '2025-12-30 07:26:15'),
(25, 56, 2025, 180, 0, 0, '2025-12-30 07:26:15'),
(25, 57, 2025, 0, 0, 0, '2025-12-30 07:26:15'),
(26, 53, 2025, 0, 0, 0, '2025-12-30 07:30:35'),
(26, 54, 2025, 30, 0, 0, '2025-12-30 07:30:37'),
(26, 55, 2025, 14, 0, 0, '2025-12-30 07:30:39'),
(26, 56, 2025, 0, 0, 0, '2025-12-30 07:30:41'),
(26, 57, 2025, 0, 0, 0, '2025-12-30 07:30:42'),
(27, 53, 2025, 0, 0, 0, '2025-12-30 07:40:44'),
(27, 54, 2025, 30, 0, 0, '2025-12-30 07:40:44'),
(27, 55, 2025, 0, 0, 0, '2025-12-30 07:40:46'),
(27, 56, 2025, 180, 0, 0, '2025-12-30 07:40:47'),
(27, 57, 2025, 0, 0, 0, '2025-12-30 07:40:49'),
(28, 53, 2025, 0, 0, 0, '2025-12-30 11:33:59'),
(28, 54, 2025, 30, 0, 0, '2025-12-30 11:33:59'),
(28, 55, 2025, 14, 0, 0, '2025-12-30 11:33:59'),
(28, 56, 2025, 0, 0, 0, '2025-12-30 11:33:59'),
(28, 57, 2025, 0, 0, 0, '2025-12-30 11:33:59'),
(29, 53, 2025, 0, 0, 0, '2025-12-31 02:44:21'),
(29, 54, 2025, 30, 0, 0, '2025-12-31 02:44:21'),
(29, 55, 2025, 14, 0, 0, '2025-12-31 02:44:21'),
(29, 56, 2025, 0, 0, 0, '2025-12-31 02:44:21'),
(29, 57, 2025, 0, 0, 0, '2025-12-31 02:44:21'),
(30, 53, 2026, 0, 0, 0, '2026-01-02 07:13:22'),
(30, 54, 2026, 30, 0, 0, '2026-01-02 07:13:22'),
(30, 55, 2026, 14, 0, 0, '2026-01-02 07:13:22'),
(30, 56, 2026, 0, 0, 0, '2026-01-02 07:13:22'),
(30, 57, 2026, 0, 0, 0, '2026-01-02 07:13:22'),
(31, 53, 2026, 0, 0, 0, '2026-01-02 07:27:02'),
(31, 54, 2026, 30, 0, 0, '2026-01-02 07:27:02'),
(31, 55, 2026, 14, 0, 0, '2026-01-02 07:27:02'),
(31, 56, 2026, 0, 0, 0, '2026-01-02 07:27:02'),
(31, 57, 2026, 0, 0, 0, '2026-01-02 07:27:02'),
(35, 53, 2026, 0, 0, 0, '2026-01-02 16:13:51'),
(35, 54, 2026, 30, 0, 0, '2026-01-02 16:13:51'),
(35, 55, 2026, 14, 0, 0, '2026-01-02 16:13:51'),
(35, 56, 2026, 0, 0, 0, '2026-01-02 16:13:51'),
(35, 57, 2026, 0, 0, 0, '2026-01-02 16:13:51'),
(36, 53, 2026, 0, 0, 0, '2026-01-04 08:26:35'),
(36, 54, 2026, 30, 0, 0, '2026-01-04 08:26:35'),
(36, 55, 2026, 14, 0, 0, '2026-01-04 08:26:35'),
(36, 56, 2026, 0, 0, 0, '2026-01-04 08:26:35'),
(36, 57, 2026, 0, 0, 0, '2026-01-04 08:26:35');

-- --------------------------------------------------------

--
-- Cáș„u trĂșc báșŁng cho báșŁng `leavepolicy`
--

DROP TABLE IF EXISTS `leavepolicy`;
CREATE TABLE IF NOT EXISTS `leavepolicy` (
  `policyID` int NOT NULL AUTO_INCREMENT,
  `leavetype` enum('ANNUAL','SICK','MATERNITY','PATERNITY') COLLATE utf8mb4_unicode_ci NOT NULL,
  `minyearsservice` int NOT NULL COMMENT 'ThĂąm niĂȘn tá»i thiá»u (nÄm)',
  `maxyearsservice` int DEFAULT NULL,
  `jobtype` varchar(100) COLLATE utf8mb4_unicode_ci DEFAULT NULL,
  `gendertarget` enum('MALE','FEMALE') COLLATE utf8mb4_unicode_ci DEFAULT NULL,
  `days` int NOT NULL,
  `description` varchar(255) CHARACTER SET utf8mb4 COLLATE utf8mb4_unicode_ci DEFAULT NULL COMMENT 'MĂŽ táșŁ (VD: "NhĂąn viĂȘn dÆ°á»i 5 nÄm")',
  `leavetypeid` int DEFAULT NULL,
  PRIMARY KEY (`policyID`),
  KEY `FK_Policy_Shift` (`leavetypeid`)
) ENGINE=InnoDB AUTO_INCREMENT=18 DEFAULT CHARSET=utf8mb4 COLLATE=utf8mb4_unicode_ci COMMENT='ChĂ­nh sĂĄch phĂ©p nÄm theo thĂąm niĂȘn';

--
-- Äang Äá» dá»Ż liá»u cho báșŁng `leavepolicy`
--

INSERT INTO `leavepolicy` (`policyID`, `leavetype`, `minyearsservice`, `maxyearsservice`, `jobtype`, `gendertarget`, `days`, `description`, `leavetypeid`) VALUES
(1, 'ANNUAL', 0, 5, NULL, NULL, 12, 'NhĂąn viĂȘn cĂł thĂąm niĂȘn dÆ°á»i 5 nÄm', 53),
(2, 'ANNUAL', 5, 10, NULL, NULL, 13, 'NhĂąn viĂȘn cĂł thĂąm niĂȘn tá»« 5 Äáșżn dÆ°á»i 10 nÄm', 53),
(3, 'ANNUAL', 10, NULL, NULL, NULL, 14, 'NhĂąn viĂȘn cĂł thĂąm niĂȘn tá»« 10 nÄm trá» lĂȘn', 53),
(7, 'SICK', 0, 15, 'NORMAL', NULL, 30, 'PhĂ©p á»m cho nhĂąn viĂȘn ÄĂłng BHXH dÆ°á»i 15 nÄm', 54),
(8, 'SICK', 15, 30, 'NORMAL', NULL, 40, 'PhĂ©p á»m cho nhĂąn viĂȘn ÄĂłng BHXH tá»« 15 nÄm - 30 nÄm', 54),
(9, 'SICK', 30, NULL, 'NORMAL', NULL, 60, 'PhĂ©p á»m cho nhĂąn viĂȘn ÄĂłng BHXH tá»« 30 nÄm trá» lĂȘn', 54),
(10, 'MATERNITY', 0, NULL, NULL, 'FEMALE', 180, 'Nghá» thai sáșŁn', 56),
(11, 'PATERNITY', 0, NULL, NULL, 'MALE', 14, 'NhĂąn viĂȘn cĂł vá»Ł sinh con', 55),
(12, 'SICK', 0, 15, 'DANGER', NULL, 40, 'PhĂ©p á»m (Äá»c háșĄi) cho nhĂąn viĂȘn ÄĂłng BHXH dÆ°á»i 15 nÄm', 54),
(13, 'SICK', 15, 30, 'DANGER', NULL, 50, 'PhĂ©p á»m (Äá»c háșĄi) cho nhĂąn viĂȘn ÄĂłng BHXH tá»« 15 nÄm - 30 nÄm', 54),
(14, 'SICK', 30, NULL, 'DANGER', NULL, 70, 'PhĂ©p á»m (Äá»c háșĄi) cho nhĂąn viĂȘn ÄĂłng BHXH tá»« 30 nÄm trá» lĂȘn', 54),
(17, 'ANNUAL', 20, NULL, NULL, NULL, 15, 'NhĂąn viĂȘn thĂąm niĂȘn trĂȘn 20 nÄm', 53);

-- --------------------------------------------------------

--
-- Cáș„u trĂșc báșŁng cho báșŁng `leaverequests`
--

DROP TABLE IF EXISTS `leaverequests`;
CREATE TABLE IF NOT EXISTS `leaverequests` (
  `leaverequestID` int NOT NULL AUTO_INCREMENT,
  `leavetype` enum('ANNUAL','SICK','MATERNITY','PATERNITY','UNPAID') CHARACTER SET utf8mb4 COLLATE utf8mb4_unicode_ci NOT NULL DEFAULT 'ANNUAL',
  `startdate` date NOT NULL,
  `enddate` date NOT NULL,
  `reason` text COLLATE utf8mb4_unicode_ci,
  `status` enum('PENDING','APPROVED','REJECTED') COLLATE utf8mb4_unicode_ci NOT NULL DEFAULT 'PENDING',
  `requestdate` date DEFAULT NULL,
  `userID` int DEFAULT NULL,
  `shiftID` int DEFAULT NULL,
  PRIMARY KEY (`leaverequestID`),
  KEY `userID` (`userID`),
  KEY `FK_Request_Shift` (`shiftID`)
) ENGINE=InnoDB AUTO_INCREMENT=13 DEFAULT CHARSET=utf8mb4 COLLATE=utf8mb4_unicode_ci;

--
-- Äang Äá» dá»Ż liá»u cho báșŁng `leaverequests`
--

INSERT INTO `leaverequests` (`leaverequestID`, `leavetype`, `startdate`, `enddate`, `reason`, `status`, `requestdate`, `userID`, `shiftID`) VALUES
(1, 'SICK', '2025-10-29', '2025-10-29', 'Bá» sá»t', 'APPROVED', '2025-10-28', 6, 54),
(2, 'ANNUAL', '2025-11-05', '2025-11-06', 'Gia ÄĂŹnh cĂł viá»c', 'PENDING', '2025-10-28', 12, 53),
(3, 'ANNUAL', '2025-10-20', '2025-10-20', 'Viá»c cĂĄ nhĂąn', 'REJECTED', '2025-10-19', 8, 53),
(5, 'SICK', '2025-12-01', '2025-12-02', 'Test API táșĄo ÄÆĄn tá»« Postman', 'APPROVED', '2025-11-13', 15, 54),
(6, 'SICK', '2025-12-06', '2025-12-06', 'Test API táșĄo ÄÆĄn tá»« Postman', 'REJECTED', '2025-11-13', 18, 54),
(7, 'ANNUAL', '2025-12-02', '2025-12-02', 'Äi chÆĄi', 'APPROVED', '2025-11-24', 18, 53),
(8, 'SICK', '2025-12-03', '2025-12-03', 'bá»nh Ho ', 'APPROVED', '2025-11-24', 18, 54),
(9, 'ANNUAL', '2025-12-25', '2025-12-26', 'Nghá» phĂ©p test chá»©c nÄng', 'APPROVED', NULL, 6, NULL),
(10, 'ANNUAL', '2025-12-23', '2025-12-23', 'test', 'PENDING', '2025-12-21', 8, 53),
(11, 'ANNUAL', '2025-12-31', '2025-12-31', 'Än táșżt', 'PENDING', '2025-12-30', 9, 53),
(12, 'ANNUAL', '2026-01-04', '2026-01-05', 'Viá»c Gia ÄĂŹnh', 'PENDING', '2025-12-30', 9, 53);

-- --------------------------------------------------------

--
-- Cáș„u trĂșc báșŁng cho báșŁng `monthlypayrollconfigs`
--

DROP TABLE IF EXISTS `monthlypayrollconfigs`;
CREATE TABLE IF NOT EXISTS `monthlypayrollconfigs` (
  `ConfigID` int NOT NULL AUTO_INCREMENT,
  `Month` int NOT NULL,
  `Year` int NOT NULL,
  `CycleStartDate` date NOT NULL,
  `CycleEndDate` date NOT NULL,
  `StandardWorkDays` decimal(4,2) DEFAULT '26.00',
  PRIMARY KEY (`ConfigID`),
  UNIQUE KEY `UQ_Month_Year` (`Month`,`Year`)
) ENGINE=InnoDB AUTO_INCREMENT=25 DEFAULT CHARSET=utf8mb4 COLLATE=utf8mb4_unicode_ci;

--
-- Äang Äá» dá»Ż liá»u cho báșŁng `monthlypayrollconfigs`
--

INSERT INTO `monthlypayrollconfigs` (`ConfigID`, `Month`, `Year`, `CycleStartDate`, `CycleEndDate`, `StandardWorkDays`) VALUES
(1, 1, 2025, '2024-12-26', '2025-01-25', 26.00),
(2, 2, 2025, '2025-01-26', '2025-02-25', 24.00),
(3, 3, 2025, '2025-02-26', '2025-03-25', 26.00),
(4, 4, 2025, '2025-03-26', '2025-04-25', 26.00),
(5, 5, 2025, '2025-04-26', '2025-05-25', 26.00),
(6, 6, 2025, '2025-05-26', '2025-06-25', 26.00),
(7, 7, 2025, '2025-06-26', '2025-07-25', 26.00),
(8, 8, 2025, '2025-07-26', '2025-08-25', 26.00),
(9, 9, 2025, '2025-08-26', '2025-09-25', 26.00),
(10, 10, 2025, '2025-09-26', '2025-10-25', 26.00),
(11, 11, 2025, '2025-10-26', '2025-11-25', 26.00),
(12, 12, 2025, '2025-11-26', '2025-12-25', 26.00),
(13, 1, 2026, '2025-12-26', '2026-01-25', 26.00),
(14, 2, 2026, '2026-01-26', '2026-02-25', 26.00),
(15, 3, 2026, '2026-02-26', '2026-03-25', 22.00),
(16, 4, 2026, '2026-03-26', '2026-04-25', 26.00),
(17, 5, 2026, '2026-04-26', '2026-05-25', 26.00),
(18, 6, 2026, '2026-05-26', '2026-06-25', 26.00),
(19, 7, 2026, '2026-06-26', '2026-07-25', 26.00),
(20, 8, 2026, '2026-07-26', '2026-08-25', 26.00),
(21, 9, 2026, '2026-08-26', '2026-09-25', 26.00),
(22, 10, 2026, '2026-09-26', '2026-10-25', 26.00),
(23, 11, 2026, '2026-10-26', '2026-11-25', 26.00),
(24, 12, 2026, '2026-11-26', '2026-12-25', 26.00);

-- --------------------------------------------------------

--
-- Cáș„u trĂșc báșŁng cho báșŁng `overtime`
--

DROP TABLE IF EXISTS `overtime`;
CREATE TABLE IF NOT EXISTS `overtime` (
  `id` int NOT NULL AUTO_INCREMENT,
  `userid` int NOT NULL COMMENT 'ID nhĂąn viĂȘn (FK)',
  `overtimetypeid` int NOT NULL COMMENT 'ID loáșĄi tÄng ca (FK)',
  `date` date NOT NULL COMMENT 'NgĂ y lĂ m thĂȘm giá»',
  `hours` double NOT NULL COMMENT 'Sá» giá» lĂ m thĂȘm',
  `status` varchar(20) COLLATE utf8mb4_unicode_ci DEFAULT 'APPROVED' COMMENT 'TráșĄng thĂĄi: APPROVED, PENDING, REJECTED',
  `reason` text COLLATE utf8mb4_unicode_ci COMMENT 'LĂœ do lĂ m thĂȘm',
  PRIMARY KEY (`id`),
  KEY `fk_overtime_users` (`userid`),
  KEY `fk_overtime_type` (`overtimetypeid`)
) ENGINE=InnoDB AUTO_INCREMENT=7 DEFAULT CHARSET=utf8mb4 COLLATE=utf8mb4_unicode_ci;

--
-- Äang Äá» dá»Ż liá»u cho báșŁng `overtime`
--

INSERT INTO `overtime` (`id`, `userid`, `overtimetypeid`, `date`, `hours`, `status`, `reason`) VALUES
(1, 1, 1, '2025-10-15', 3, 'APPROVED', 'CháșĄy deadline dá»± ĂĄn'),
(2, 1, 2, '2025-10-19', 4, 'APPROVED', 'BáșŁo trĂŹ há» thá»ng cuá»i tuáș§n'),
(3, 2, 1, '2025-10-20', 2, 'PENDING', 'Há» trá»Ł khĂĄch hĂ ng muá»n'),
(4, 20, 1, '2025-12-01', 2, 'APPROVED', 'LĂ m cá» ná»t dá»± ĂĄn'),
(5, 20, 5, '2025-12-03', 2, 'APPROVED', 'Há» trá»Ł khĂĄch hĂ ng nÆ°á»c ngoĂ i'),
(6, 20, 2, '2025-12-07', 4, 'APPROVED', 'BáșŁo trĂŹ mĂĄy mĂłc cuá»i tuáș§n');

-- --------------------------------------------------------

--
-- Cáș„u trĂșc báșŁng cho báșŁng `overtimetypes`
--

DROP TABLE IF EXISTS `overtimetypes`;
CREATE TABLE IF NOT EXISTS `overtimetypes` (
  `OvertimeTypeID` int NOT NULL AUTO_INCREMENT,
  `OtCode` varchar(20) CHARACTER SET utf8mb4 COLLATE utf8mb4_unicode_ci NOT NULL,
  `OtName` varchar(100) CHARACTER SET utf8mb4 COLLATE utf8mb4_unicode_ci NOT NULL,
  `Rate` decimal(5,2) NOT NULL COMMENT 'Há» sá» nhĂąn (1.5, 2.0...)',
  `CalculationType` enum('MULTIPLIER','ADDITIVE','FIXED_AMOUNT') COLLATE utf8mb4_unicode_ci DEFAULT 'MULTIPLIER' COMMENT 'MULTIPLIER: nhĂąn há» sá» (1.5x, 2x), ADDITIVE: cá»ng thĂȘm % (+30%, +50%), FIXED_AMOUNT: sá» tiá»n cá» Äá»nh',
  `IsTaxExemptPart` tinyint(1) DEFAULT '1' COMMENT '1=Pháș§n chĂȘnh lá»ch ÄÆ°á»Łc miá»n thuáșż',
  `TaxExemptFormula` enum('NONE','EXCESS_ONLY','FULL_AMOUNT','PERCENTAGE','CUSTOM') COLLATE utf8mb4_unicode_ci DEFAULT 'EXCESS_ONLY' COMMENT 'NONE: khĂŽng miá»n thuáșż, EXCESS_ONLY: chá» pháș§n vÆ°á»Łt, FULL_AMOUNT: toĂ n bá», PERCENTAGE: theo %, CUSTOM: cĂŽng thá»©c riĂȘng',
  `TaxExemptPercentage` decimal(5,2) DEFAULT '0.00' COMMENT 'Tá»· lá» % ÄÆ°á»Łc miá»n thuáșż (dĂčng khi TaxExemptFormula = PERCENTAGE)',
  `Description` text COLLATE utf8mb4_unicode_ci COMMENT 'MĂŽ táșŁ chi tiáșżt cĂĄch tĂ­nh OT nĂ y',
  PRIMARY KEY (`OvertimeTypeID`),
  UNIQUE KEY `OtCode` (`OtCode`)
) ENGINE=InnoDB AUTO_INCREMENT=9 DEFAULT CHARSET=utf8mb4 COLLATE=utf8mb4_unicode_ci;

--
-- Äang Äá» dá»Ż liá»u cho báșŁng `overtimetypes`
--

INSERT INTO `overtimetypes` (`OvertimeTypeID`, `OtCode`, `OtName`, `Rate`, `CalculationType`, `IsTaxExemptPart`, `TaxExemptFormula`, `TaxExemptPercentage`, `Description`) VALUES
(1, 'OT_WEEKDAY', 'LĂ m thĂȘm ngĂ y thÆ°á»ng', 1.50, 'MULTIPLIER', 1, 'EXCESS_ONLY', 0.00, 'LĂ m thĂȘm giá» ngĂ y thÆ°á»ng: 150% lÆ°ÆĄng giá». Pháș§n vÆ°á»Łt 100% ÄÆ°á»Łc miá»n thuáșż.'),
(2, 'OT_WEEKEND', 'LĂ m thĂȘm ngĂ y nghá» tuáș§n', 2.00, 'MULTIPLIER', 1, 'EXCESS_ONLY', 0.00, 'LĂ m thĂȘm giá» ngĂ y nghá» tuáș§n: 200% lÆ°ÆĄng giá». Pháș§n vÆ°á»Łt 100% ÄÆ°á»Łc miá»n thuáșż.'),
(3, 'OT_HOLIDAY', 'LĂ m thĂȘm ngĂ y Lá»/Táșżt', 3.00, 'MULTIPLIER', 1, 'EXCESS_ONLY', 0.00, 'LĂ m thĂȘm giá» ngĂ y Lá»/Táșżt: 300% lÆ°ÆĄng giá». Pháș§n vÆ°á»Łt 100% ÄÆ°á»Łc miá»n thuáșż.'),
(4, 'NIGHT_SHIFT', 'Phá»„ cáș„p ca ÄĂȘm (30%)', 0.30, 'ADDITIVE', 1, 'EXCESS_ONLY', 0.00, 'Phá»„ cáș„p dĂ nh cho giá» lĂ m viá»c chĂ­nh thá»©c rÆĄi vĂ o khung 22h-06h'),
(5, 'OT_NIGHT_WEEKDAY', 'TÄng ca ÄĂȘm ngĂ y thÆ°á»ng (200%)', 2.00, 'MULTIPLIER', 1, 'EXCESS_ONLY', 0.00, 'LĂ m thĂȘm giá» vĂ o ban ÄĂȘm ngĂ y thÆ°á»ng'),
(6, 'OT_NIGHT_WEEKEND', 'TÄng ca ÄĂȘm ngĂ y nghá» (260%)', 2.60, 'MULTIPLIER', 1, 'EXCESS_ONLY', 0.00, 'LĂ m thĂȘm giá» vĂ o ban ÄĂȘm ngĂ y nghá» tuáș§n'),
(7, 'OT_NIGHT_HOLIDAY', 'TÄng ca ÄĂȘm Lá» Táșżt (390%)', 3.80, 'MULTIPLIER', 1, 'EXCESS_ONLY', 0.00, 'LĂ m thĂȘm giá» vĂ o ban ÄĂȘm ngĂ y Lá»/Táșżt');

-- --------------------------------------------------------

--
-- Cáș„u trĂșc báșŁng cho báșŁng `payrolls`
--

DROP TABLE IF EXISTS `payrolls`;
CREATE TABLE IF NOT EXISTS `payrolls` (
  `payID` int NOT NULL AUTO_INCREMENT,
  `netsalary` decimal(15,2) NOT NULL,
  `payperiod` varchar(7) COLLATE utf8mb4_unicode_ci NOT NULL,
  `userID` int DEFAULT NULL,
  `totalincome` decimal(15,2) NOT NULL DEFAULT '0.00' COMMENT 'Tá»ng thu nháș­p (Gross)',
  `status` enum('DRAFT','FINAL','PAID') COLLATE utf8mb4_unicode_ci DEFAULT 'DRAFT',
  `pit` decimal(15,2) DEFAULT '0.00' COMMENT 'Thuáșż TNCN',
  `bhxh_emp` decimal(15,2) DEFAULT '0.00' COMMENT 'BHXH NV',
  `bhyt_emp` decimal(15,2) DEFAULT '0.00' COMMENT 'BHYT NV',
  `bhtn_emp` decimal(15,2) DEFAULT '0.00' COMMENT 'BHTN NV',
  `basesalarysnapshot` decimal(15,2) DEFAULT '0.00',
  `insurancesalarysnapshot` decimal(15,2) DEFAULT '0.00',
  `standardworkdays` decimal(4,2) DEFAULT '26.00',
  `actualworkdays` decimal(4,2) DEFAULT '0.00',
  `othours` decimal(5,2) DEFAULT '0.00',
  `dependentcount` int DEFAULT '0',
  `bhxh_comp` decimal(15,2) DEFAULT '0.00' COMMENT 'BHXH CĂŽng ty ÄĂłng (17.5%)',
  `bhyt_comp` decimal(15,2) DEFAULT '0.00' COMMENT 'BHYT CĂŽng ty ÄĂłng (3%)',
  `bhtn_comp` decimal(15,2) DEFAULT '0.00' COMMENT 'BHTN CĂŽng ty ÄĂłng (1%)',
  PRIMARY KEY (`payID`),
  UNIQUE KEY `UQ_User_Period` (`userID`,`payperiod`),
  UNIQUE KEY `uk_user_period` (`userID`,`payperiod`)
) ENGINE=InnoDB AUTO_INCREMENT=1424 DEFAULT CHARSET=utf8mb4 COLLATE=utf8mb4_unicode_ci;

--
-- Äang Äá» dá»Ż liá»u cho báșŁng `payrolls`
--

INSERT INTO `payrolls` (`payID`, `netsalary`, `payperiod`, `userID`, `totalincome`, `status`, `pit`, `bhxh_emp`, `bhyt_emp`, `bhtn_emp`, `basesalarysnapshot`, `insurancesalarysnapshot`, `standardworkdays`, `actualworkdays`, `othours`, `dependentcount`, `bhxh_comp`, `bhyt_comp`, `bhtn_comp`) VALUES
(1, 10500000.00, '2025-09', 6, 0.00, 'DRAFT', 0.00, 0.00, 0.00, 0.00, 0.00, 0.00, 26.00, 0.00, 0.00, 0, 0.00, 0.00, 0.00),
(2, 9100000.00, '2025-09', 8, 0.00, 'DRAFT', 0.00, 0.00, 0.00, 0.00, 0.00, 0.00, 26.00, 0.00, 0.00, 0, 0.00, 0.00, 0.00),
(981, -3150000.00, '2025-11', 1, 0.00, 'DRAFT', 0.00, 2400000.00, 450000.00, 300000.00, 30000000.00, 30000000.00, 26.00, 0.00, 0.00, 2, 5250000.00, 900000.00, 300000.00),
(982, -1575000.00, '2025-11', 2, 0.00, 'DRAFT', 0.00, 1200000.00, 225000.00, 150000.00, 15000000.00, 15000000.00, 26.00, 0.00, 0.00, 1, 2625000.00, 450000.00, 150000.00),
(983, -2625000.00, '2025-11', 3, 0.00, 'DRAFT', 0.00, 2000000.00, 375000.00, 250000.00, 25000000.00, 25000000.00, 26.00, 0.00, 0.00, 1, 4375000.00, 750000.00, 250000.00),
(984, -1260000.00, '2025-11', 4, 0.00, 'DRAFT', 0.00, 960000.00, 180000.00, 120000.00, 12000000.00, 12000000.00, 26.00, 0.00, 0.00, 1, 2100000.00, 360000.00, 120000.00),
(985, -1320384.62, '2025-11', 5, 989615.38, 'DRAFT', 0.00, 1760000.00, 330000.00, 220000.00, 22000000.00, 22000000.00, 26.00, 1.00, 0.00, 2, 3850000.00, 660000.00, 220000.00),
(986, -586153.84, '2025-11', 6, 663846.16, 'DRAFT', 0.00, 800000.00, 150000.00, 100000.00, 10000000.00, 10000000.00, 26.00, 2.00, 0.00, 1, 1750000.00, 300000.00, 100000.00),
(987, -2100000.00, '2025-11', 7, 0.00, 'DRAFT', 0.00, 1600000.00, 300000.00, 200000.00, 20000000.00, 20000000.00, 26.00, 0.00, 0.00, 1, 3500000.00, 600000.00, 200000.00),
(988, 1448461.54, '2025-11', 8, 2393461.54, 'DRAFT', 0.00, 720000.00, 135000.00, 90000.00, 9000000.00, 9000000.00, 26.00, 1.00, 0.00, 1, 1575000.00, 270000.00, 90000.00),
(989, -1890000.00, '2025-11', 9, 0.00, 'DRAFT', 0.00, 1440000.00, 270000.00, 180000.00, 18000000.00, 18000000.00, 26.00, 0.00, 0.00, 2, 3150000.00, 540000.00, 180000.00),
(990, -1945000.00, '2025-11', 10, -500000.00, 'DRAFT', 0.00, 720000.00, 135000.00, 90000.00, 9000000.00, 9000000.00, 26.00, 0.00, 0.00, 1, 1575000.00, 270000.00, 90000.00),
(991, -1785000.00, '2025-11', 11, 0.00, 'DRAFT', 0.00, 1360000.00, 255000.00, 170000.00, 17000000.00, 17000000.00, 26.00, 0.00, 0.00, 1, 2975000.00, 510000.00, 170000.00),
(992, -488846.15, '2025-11', 12, 351153.85, 'DRAFT', 0.00, 640000.00, 120000.00, 80000.00, 8000000.00, 8000000.00, 26.00, 1.00, 0.00, 1, 1400000.00, 240000.00, 80000.00),
(993, -1470000.00, '2025-11', 13, 0.00, 'DRAFT', 0.00, 1120000.00, 210000.00, 140000.00, 14000000.00, 14000000.00, 26.00, 0.00, 0.00, 1, 2450000.00, 420000.00, 140000.00),
(994, 0.00, '2025-11', 14, 0.00, 'DRAFT', 0.00, 0.00, 0.00, 0.00, 5000000.00, 0.00, 26.00, 0.00, 0.00, 1, 0.00, 0.00, 0.00),
(995, -997500.00, '2025-11', 15, 0.00, 'DRAFT', 0.00, 760000.00, 142500.00, 95000.00, 9500000.00, 9500000.00, 26.00, 0.00, 0.00, 1, 1662500.00, 285000.00, 95000.00),
(996, -2966000.00, '2025-11', 16, -1000000.00, 'DRAFT', 0.00, 736000.00, 138000.00, 92000.00, 9200000.00, 9200000.00, 26.00, 0.00, 0.00, 1, 1610000.00, 276000.00, 92000.00),
(997, -924000.00, '2025-11', 17, 0.00, 'DRAFT', 0.00, 704000.00, 132000.00, 88000.00, 8800000.00, 8800000.00, 26.00, 0.00, 0.00, 1, 1540000.00, 264000.00, 88000.00),
(998, -1575000.00, '2025-11', 18, 0.00, 'DRAFT', 0.00, 1200000.00, 225000.00, 150000.00, 15000000.00, 15000000.00, 26.00, 0.00, 0.00, 1, 2625000.00, 450000.00, 150000.00),
(999, -1575000.00, '2025-11', 19, 0.00, 'DRAFT', 0.00, 1200000.00, 225000.00, 150000.00, 15000000.00, 15000000.00, 26.00, 0.00, 0.00, 1, 2625000.00, 450000.00, 150000.00),
(1000, 0.00, '2025-11', 20, 0.00, 'DRAFT', 0.00, 0.00, 0.00, 0.00, 7500000.00, 0.00, 26.00, 0.00, 0.00, 0, 0.00, 0.00, 0.00),
(1001, 12540384.68, '2025-11', 21, 14115384.68, 'DRAFT', 0.00, 1200000.00, 225000.00, 150000.00, 15000000.00, 15000000.00, 26.00, 21.00, 0.00, 0, 2625000.00, 450000.00, 150000.00),
(1002, 0.00, '2025-11', 22, 0.00, 'DRAFT', 0.00, 0.00, 0.00, 0.00, 0.00, 0.00, 26.00, 0.00, 0.00, 0, 0.00, 0.00, 0.00),
(1003, 0.00, '2025-11', 23, 0.00, 'DRAFT', 0.00, 0.00, 0.00, 0.00, 0.00, 0.00, 26.00, 0.00, 0.00, 0, 0.00, 0.00, 0.00),
(1119, -3150000.00, '2025-12', 1, 0.00, 'FINAL', 0.00, 2400000.00, 450000.00, 300000.00, 30000000.00, 30000000.00, 26.00, 0.00, 0.00, 2, 5250000.00, 900000.00, 300000.00),
(1120, -1575000.00, '2025-12', 2, 0.00, 'FINAL', 0.00, 1200000.00, 225000.00, 150000.00, 15000000.00, 15000000.00, 26.00, 0.00, 0.00, 1, 2625000.00, 450000.00, 150000.00),
(1121, -2625000.00, '2025-12', 3, 0.00, 'FINAL', 0.00, 2000000.00, 375000.00, 250000.00, 25000000.00, 25000000.00, 26.00, 0.00, 0.00, 1, 4375000.00, 750000.00, 250000.00),
(1122, -1260000.00, '2025-12', 4, 0.00, 'FINAL', 0.00, 960000.00, 180000.00, 120000.00, 12000000.00, 12000000.00, 26.00, 0.00, 0.00, 1, 2100000.00, 360000.00, 120000.00),
(1123, 690000.00, '2025-12', 5, 3000000.00, 'FINAL', 0.00, 1760000.00, 330000.00, 220000.00, 22000000.00, 22000000.00, 26.00, 0.00, 0.00, 2, 3850000.00, 660000.00, 220000.00),
(1124, -1050000.00, '2025-12', 6, 0.00, 'FINAL', 0.00, 800000.00, 150000.00, 100000.00, 10000000.00, 10000000.00, 26.00, 0.00, 0.00, 1, 1750000.00, 300000.00, 100000.00),
(1125, -2100000.00, '2025-12', 7, 0.00, 'FINAL', 0.00, 1600000.00, 300000.00, 200000.00, 20000000.00, 20000000.00, 26.00, 0.00, 0.00, 1, 3500000.00, 600000.00, 200000.00),
(1126, -945000.00, '2025-12', 8, 0.00, 'FINAL', 0.00, 720000.00, 135000.00, 90000.00, 9000000.00, 9000000.00, 26.00, 0.00, 0.00, 1, 1575000.00, 270000.00, 90000.00),
(1127, -1890000.00, '2025-12', 9, 0.00, 'FINAL', 0.00, 1440000.00, 270000.00, 180000.00, 18000000.00, 18000000.00, 26.00, 0.00, 0.00, 2, 3150000.00, 540000.00, 180000.00),
(1128, 55000.00, '2025-12', 10, 1000000.00, 'FINAL', 0.00, 720000.00, 135000.00, 90000.00, 9000000.00, 9000000.00, 26.00, 0.00, 0.00, 1, 1575000.00, 270000.00, 90000.00),
(1129, -1785000.00, '2025-12', 11, 0.00, 'FINAL', 0.00, 1360000.00, 255000.00, 170000.00, 17000000.00, 17000000.00, 26.00, 0.00, 0.00, 1, 2975000.00, 510000.00, 170000.00),
(1130, -340000.00, '2025-12', 12, 500000.00, 'FINAL', 0.00, 640000.00, 120000.00, 80000.00, 8000000.00, 8000000.00, 26.00, 0.00, 0.00, 1, 1400000.00, 240000.00, 80000.00),
(1131, -1470000.00, '2025-12', 13, 0.00, 'FINAL', 0.00, 1120000.00, 210000.00, 140000.00, 14000000.00, 14000000.00, 26.00, 0.00, 0.00, 1, 2450000.00, 420000.00, 140000.00),
(1132, 0.00, '2025-12', 14, 0.00, 'FINAL', 0.00, 0.00, 0.00, 0.00, 5000000.00, 0.00, 26.00, 0.00, 0.00, 1, 0.00, 0.00, 0.00),
(1133, -997500.00, '2025-12', 15, 0.00, 'FINAL', 0.00, 760000.00, 142500.00, 95000.00, 9500000.00, 9500000.00, 26.00, 0.00, 0.00, 1, 1662500.00, 285000.00, 95000.00),
(1134, -966000.00, '2025-12', 16, 0.00, 'FINAL', 0.00, 736000.00, 138000.00, 92000.00, 9200000.00, 9200000.00, 26.00, 0.00, 0.00, 1, 1610000.00, 276000.00, 92000.00),
(1135, -924000.00, '2025-12', 17, 0.00, 'FINAL', 0.00, 704000.00, 132000.00, 88000.00, 8800000.00, 8800000.00, 26.00, 0.00, 0.00, 1, 1540000.00, 264000.00, 88000.00),
(1136, -1575000.00, '2025-12', 18, 0.00, 'FINAL', 0.00, 1200000.00, 225000.00, 150000.00, 15000000.00, 15000000.00, 26.00, 0.00, 0.00, 1, 2625000.00, 450000.00, 150000.00),
(1137, -1575000.00, '2025-12', 19, 0.00, 'FINAL', 0.00, 1200000.00, 225000.00, 150000.00, 15000000.00, 15000000.00, 26.00, 0.00, 0.00, 1, 2625000.00, 450000.00, 150000.00),
(1138, 1577019.23, '2025-12', 20, 1577019.23, 'FINAL', 0.00, 0.00, 0.00, 0.00, 7500000.00, 0.00, 26.00, 3.00, 0.00, 0, 0.00, 0.00, 0.00),
(1139, 1309615.40, '2025-12', 21, 2884615.40, 'FINAL', 0.00, 1200000.00, 225000.00, 150000.00, 15000000.00, 15000000.00, 26.00, 5.00, 0.00, 0, 2625000.00, 450000.00, 150000.00),
(1140, 0.00, '2025-12', 22, 0.00, 'FINAL', 0.00, 0.00, 0.00, 0.00, 0.00, 0.00, 26.00, 0.00, 0.00, 0, 0.00, 0.00, 0.00),
(1141, 0.00, '2025-12', 23, 0.00, 'FINAL', 0.00, 0.00, 0.00, 0.00, 0.00, 0.00, 26.00, 0.00, 0.00, 0, 0.00, 0.00, 0.00),
(1280, 0.00, '2025-11', 24, 0.00, 'DRAFT', 0.00, 0.00, 0.00, 0.00, 0.00, 0.00, 26.00, 0.00, 0.00, 0, 0.00, 0.00, 0.00),
(1281, 0.00, '2025-11', 25, 0.00, 'DRAFT', 0.00, 0.00, 0.00, 0.00, 0.00, 0.00, 26.00, 0.00, 0.00, 0, 0.00, 0.00, 0.00),
(1282, 0.00, '2025-11', 26, 0.00, 'DRAFT', 0.00, 0.00, 0.00, 0.00, 0.00, 0.00, 26.00, 0.00, 0.00, 0, 0.00, 0.00, 0.00),
(1283, 0.00, '2025-11', 27, 0.00, 'DRAFT', 0.00, 0.00, 0.00, 0.00, 0.00, 0.00, 26.00, 0.00, 0.00, 0, 0.00, 0.00, 0.00),
(1311, 0.00, '2025-11', 28, 0.00, 'DRAFT', 0.00, 0.00, 0.00, 0.00, 0.00, 0.00, 26.00, 0.00, 0.00, 0, 0.00, 0.00, 0.00);

-- --------------------------------------------------------

--
-- Cáș„u trĂșc báșŁng cho báșŁng `permissions`
--

DROP TABLE IF EXISTS `permissions`;
CREATE TABLE IF NOT EXISTS `permissions` (
  `permissionID` int NOT NULL AUTO_INCREMENT,
  `permissionname` varchar(255) COLLATE utf8mb4_unicode_ci NOT NULL,
  `description` text COLLATE utf8mb4_unicode_ci,
  `is_active` tinyint(1) NOT NULL DEFAULT '1',
  PRIMARY KEY (`permissionID`),
  UNIQUE KEY `permissionname` (`permissionname`)
) ENGINE=InnoDB AUTO_INCREMENT=46 DEFAULT CHARSET=utf8mb4 COLLATE=utf8mb4_unicode_ci;

--
-- Äang Äá» dá»Ż liá»u cho báșŁng `permissions`
--

INSERT INTO `permissions` (`permissionID`, `permissionname`, `description`, `is_active`) VALUES
(1, 'LOGIN', 'ÄÄng nháș­p vĂ o há» thá»ng', 1),
(2, 'CHANGE_PASS', 'Äá»i máș­t kháș©u / QuĂȘn máș­t kháș©u', 1),
(3, 'PROFILE_VIEW', 'Xem thĂŽng tin tĂ i khoáșŁn cĂĄ nhĂąn', 1),
(4, 'PROFILE_UPDATE', 'Cáș­p nháș­t thĂŽng tin cĂĄ nhĂąn (SÄT, ÄC...)', 1),
(5, 'ACCOUNT_VIEW_LIST', 'Xem danh sĂĄch tĂ i khoáșŁn/nhĂąn sá»±', 1),
(6, 'ACCOUNT_VIEW_DETAIL', 'Xem chi tiáșżt thĂŽng tin tĂ i khoáșŁn khĂĄc', 1),
(7, 'ACCOUNT_CREATE', 'TáșĄo tĂ i khoáșŁn/Há» sÆĄ nhĂąn sá»± má»i', 1),
(8, 'ACCOUNT_UPDATE', 'Sá»­a thĂŽng tin tĂ i khoáșŁn/Há» sÆĄ nhĂąn sá»±', 1),
(9, 'ACCOUNT_DELETE', 'XĂła hoáș·c VĂŽ hiá»u hĂła tĂ i khoáșŁn', 1),
(10, 'ACCOUNT_RESET_PASS', 'Cáș„p láșĄi máș­t kháș©u cho user', 1),
(11, 'ACCOUNT_PERMISSION', 'Thiáșżt láș­p phĂąn quyá»n truy cáș­p', 1),
(12, 'SYS_LOG_VIEW', 'Xem lá»ch sá»­ hoáșĄt Äá»ng há» thá»ng', 1),
(13, 'SYS_AUDIT_VIEW', 'Theo dĂ”i thao tĂĄc tĂ i khoáșŁn', 1),
(14, 'ATTENDANCE_VIEW_SELF', 'Xem dá»Ż liá»u cháș„m cĂŽng cá»§a mĂŹnh', 1),
(15, 'ATTENDANCE_REQ_CREATE', 'YĂȘu cáș§u bá» sung dá»Ż liá»u cháș„m cĂŽng', 1),
(16, 'ATTENDANCE_VIEW_DEPT', 'Xem cháș„m cĂŽng nhĂąn viĂȘn phĂČng ban', 1),
(17, 'ATTENDANCE_VIEW_ALL', 'Xem cháș„m cĂŽng toĂ n cĂŽng ty', 1),
(18, 'ATTENDANCE_UPDATE', 'Sá»­a/XĂła dá»Ż liá»u cháș„m cĂŽng', 1),
(19, 'ATTENDANCE_APPROVE', 'Duyá»t/Tá»« chá»i yĂȘu cáș§u bá» sung cĂŽng', 1),
(20, 'ATTENDANCE_EXPORT', 'Xuáș„t bĂĄo cĂĄo cháș„m cĂŽng', 1),
(21, 'SHIFT_VIEW', 'Xem lá»ch/ca lĂ m viá»c', 1),
(22, 'SHIFT_ASSIGN', 'PhĂąn ca/Sá»­a ca lĂ m viá»c', 1),
(23, 'SHIFT_REGISTER', 'ÄÄng kĂœ ca lĂ m viá»c', 1),
(24, 'LEAVE_CREATE', 'TáșĄo yĂȘu cáș§u nghá» phĂ©p/LĂ m viá»c', 1),
(25, 'LEAVE_VIEW_SELF', 'Xem lá»ch sá»­ nghá» phĂ©p cĂĄ nhĂąn', 1),
(26, 'LEAVE_CANCEL', 'Há»§y yĂȘu cáș§u nghá» phĂ©p', 1),
(27, 'LEAVE_VIEW_DEPT', 'Xem danh sĂĄch nghá» phĂ©p phĂČng ban', 1),
(28, 'LEAVE_VIEW_ALL', 'Xem danh sĂĄch nghá» phĂ©p toĂ n cĂŽng ty', 1),
(29, 'LEAVE_APPROVE', 'Duyá»t/Tá»« chá»i ÄÆĄn nghá» phĂ©p', 1),
(30, 'PAYROLL_VIEW_SELF', 'Xem phiáșżu lÆ°ÆĄng cĂĄ nhĂąn', 1),
(31, 'PAYROLL_CALCULATE', 'TĂ­nh lÆ°ÆĄng hĂ ng thĂĄng', 1),
(32, 'PAYROLL_VIEW_ALL', 'Xem danh sĂĄch lÆ°ÆĄng toĂ n cĂŽng ty', 1),
(33, 'PAYROLL_REWARD_VIEW', 'Xem danh sĂĄch ThÆ°á»ng/PháșĄt', 1),
(34, 'PAYROLL_EXPORT', 'Xuáș„t bĂĄo cĂĄo lÆ°ÆĄng', 1),
(35, 'CONTRACT_VIEW', 'Xem danh sĂĄch há»Łp Äá»ng', 1),
(36, 'CONTRACT_CREATE', 'ThĂȘm há»Łp Äá»ng lao Äá»ng', 1),
(37, 'CONTRACT_UPDATE', 'Cáș­p nháș­t/Gia háșĄn há»Łp Äá»ng', 1),
(38, 'CONTRACT_EXPORT', 'Xuáș„t bĂĄo cĂĄo há»Łp Äá»ng', 1),
(39, 'EVALUATE_VIEW', 'Xem ÄĂĄnh giĂĄ quĂĄ trĂŹnh lĂ m viá»c', 1),
(40, 'EVALUATE_CREATE', 'Thá»±c hiá»n ÄĂĄnh giĂĄ nhĂąn viĂȘn', 1),
(41, 'SYS_MAIL_PAYROLL', 'Gá»­i mail phiáșżu lÆ°ÆĄng', 1),
(42, 'SYS_MAIL_SCHEDULE', 'Gá»­i mail lá»ch lĂ m viá»c', 1),
(43, 'SYS_MAIL_LEAVE', 'Gá»­i mail thĂŽng bĂĄo ÄÆĄn phĂ©p', 1),
(44, 'SYS_MAIL_CONTRACT', 'Gá»­i mail cáșŁnh bĂĄo háșżt háșĄn HÄ', 1),
(45, 'SYS_IMPORT_QR', 'Nháș­n dá»Ż liá»u cháș„m cĂŽng QR', 1);

-- --------------------------------------------------------

--
-- Cáș„u trĂșc báșŁng cho báșŁng `requirementrules`
--

DROP TABLE IF EXISTS `requirementrules`;
CREATE TABLE IF NOT EXISTS `requirementrules` (
  `ruleID` int NOT NULL AUTO_INCREMENT COMMENT 'KhĂła chĂ­nh',
  `requirementID` int NOT NULL COMMENT 'LiĂȘn káșżt tá»i schedule_requirements',
  `requiredskillGrade` int NOT NULL COMMENT 'Cáș„p ká»č nÄng yĂȘu cáș§u (vĂ­ dá»„: 3)',
  `minstaffcount` int NOT NULL DEFAULT '1' COMMENT 'Sá» lÆ°á»Łng nhĂąn viĂȘn Tá»I THIá»U pháșŁi cĂł ká»č nÄng nĂ y (vĂ­ dá»„: 1)',
  PRIMARY KEY (`ruleID`),
  KEY `FK_rule_req` (`requirementID`)
) ENGINE=InnoDB AUTO_INCREMENT=20 DEFAULT CHARSET=utf8mb4 COLLATE=utf8mb4_unicode_ci COMMENT='Quy táșŻc ká»č nÄng chi tiáșżt cho má»t yĂȘu cáș§u nhĂąn sá»±';

--
-- Äang Äá» dá»Ż liá»u cho báșŁng `requirementrules`
--

INSERT INTO `requirementrules` (`ruleID`, `requirementID`, `requiredskillGrade`, `minstaffcount`) VALUES
(7, 2, 3, 1),
(11, 7, 1, 1),
(12, 6, 3, 0),
(14, 12, 3, 2),
(15, 12, 1, 1),
(16, 14, 1, 1),
(18, 16, 3, 1),
(19, 3, 3, 1);

-- --------------------------------------------------------

--
-- Cáș„u trĂșc báșŁng cho báșŁng `rewardpunishmentdecisions`
--

DROP TABLE IF EXISTS `rewardpunishmentdecisions`;
CREATE TABLE IF NOT EXISTS `rewardpunishmentdecisions` (
  `DecisionID` int NOT NULL AUTO_INCREMENT,
  `UserID` int NOT NULL,
  `Type` enum('REWARD','PUNISHMENT') COLLATE utf8mb4_unicode_ci NOT NULL COMMENT 'Khen thÆ°á»ng hoáș·c Ká»· luáș­t',
  `Reason` text CHARACTER SET utf8mb4 COLLATE utf8mb4_unicode_ci NOT NULL COMMENT 'LĂœ do',
  `DecisionDate` date NOT NULL COMMENT 'NgĂ y ra quyáșżt Äá»nh',
  `Amount` decimal(15,2) DEFAULT '0.00' COMMENT 'Sá» tiá»n',
  `IsTaxExempt` tinyint(1) DEFAULT '0' COMMENT '1=Miá»n thuáșż TNCN, 0=Chá»u thuáșż',
  `Status` enum('PENDING','APPROVED','PROCESSED','CANCELLED') COLLATE utf8mb4_unicode_ci DEFAULT 'PENDING' COMMENT 'Processed=ÄĂŁ tĂ­nh vĂ o lÆ°ÆĄng',
  PRIMARY KEY (`DecisionID`),
  KEY `FK_Decision_User` (`UserID`)
) ENGINE=InnoDB AUTO_INCREMENT=13 DEFAULT CHARSET=utf8mb4 COLLATE=utf8mb4_unicode_ci;

--
-- Äang Äá» dá»Ż liá»u cho báșŁng `rewardpunishmentdecisions`
--

INSERT INTO `rewardpunishmentdecisions` (`DecisionID`, `UserID`, `Type`, `Reason`, `DecisionDate`, `Amount`, `IsTaxExempt`, `Status`) VALUES
(1, 10, 'PUNISHMENT', 'Vi pháșĄm quy trĂŹnh váș­n hĂ nh mĂĄy in lĂ m há»ng váș­t tÆ°', '2025-11-05', 500000.00, 0, 'PROCESSED'),
(2, 10, 'REWARD', 'ÄáșĄt thĂ nh tĂ­ch nhĂąn viĂȘn xuáș„t sáșŻc thĂĄng 11', '2025-11-28', 1000000.00, 1, 'PROCESSED'),
(3, 6, 'PUNISHMENT', 'Äi muá»n 3 láș§n trong thĂĄng 11', '2025-11-25', 200000.00, 0, 'APPROVED'),
(4, 16, 'PUNISHMENT', 'LĂ m há»ng báșŁn in sá» lÆ°á»Łng lá»n (Lá»i váș­n hĂ nh)', '2025-11-20', 1000000.00, 0, 'APPROVED'),
(5, 12, 'REWARD', 'NhĂąn viĂȘn CSKH cĂł pháșŁn há»i tá»t nháș„t thĂĄng', '2025-11-30', 500000.00, 1, 'APPROVED'),
(6, 8, 'REWARD', 'SĂĄng kiáșżn cáșŁi tiáșżn quy trĂŹnh ÄĂłng gĂłi', '2025-11-15', 2000000.00, 1, 'APPROVED'),
(7, 5, 'REWARD', 'HoĂ n thĂ nh dá»± ĂĄn báșŁo trĂŹ sá»m háșĄn', '2025-11-28', 3000000.00, 1, 'APPROVED'),
(8, 6, 'REWARD', 'ThÆ°á»ng chuyĂȘn cáș§n thĂĄng 09/2025', '2025-09-30', 500000.00, 1, 'PROCESSED'),
(9, 8, 'REWARD', 'ThÆ°á»ng vÆ°á»Łt nÄng suáș„t thĂĄng 09/2025', '2025-09-30', 200000.00, 1, 'PROCESSED'),
(10, 8, 'PUNISHMENT', 'Vi pháșĄm quy Äá»nh giá» giáș„c (Äi trá»)', '2025-09-15', 100000.00, 0, 'PROCESSED'),
(11, 10, 'REWARD', 'Cáș­p nháș­t: ThÆ°á»ng dá»± ĂĄn + KPI thĂĄng 12', '2025-12-31', 2500000.00, 0, 'PROCESSED'),
(12, 21, 'REWARD', 'ThĂ­ch thĂŹ thÆ°á»ng', '2025-11-23', 2000000.00, 1, 'APPROVED');

-- --------------------------------------------------------

--
-- Cáș„u trĂșc báșŁng cho báșŁng `roles`
--

DROP TABLE IF EXISTS `roles`;
CREATE TABLE IF NOT EXISTS `roles` (
  `roleID` int NOT NULL AUTO_INCREMENT,
  `rolename` varchar(100) COLLATE utf8mb4_unicode_ci NOT NULL,
  PRIMARY KEY (`roleID`),
  UNIQUE KEY `rolename` (`rolename`)
) ENGINE=InnoDB AUTO_INCREMENT=5 DEFAULT CHARSET=utf8mb4 COLLATE=utf8mb4_unicode_ci;

--
-- Äang Äá» dá»Ż liá»u cho báșŁng `roles`
--

INSERT INTO `roles` (`roleID`, `rolename`) VALUES
(1, 'Admin'),
(4, 'Employee'),
(2, 'HR'),
(3, 'Manager');

-- --------------------------------------------------------

--
-- Cáș„u trĂșc báșŁng cho báșŁng `rolespermissions`
--

DROP TABLE IF EXISTS `rolespermissions`;
CREATE TABLE IF NOT EXISTS `rolespermissions` (
  `roleID` int NOT NULL,
  `permissionID` int NOT NULL,
  `active` tinyint(1) NOT NULL DEFAULT '1',
  PRIMARY KEY (`roleID`,`permissionID`),
  KEY `permissionID` (`permissionID`)
) ENGINE=InnoDB DEFAULT CHARSET=utf8mb4 COLLATE=utf8mb4_unicode_ci;

--
-- Äang Äá» dá»Ż liá»u cho báșŁng `rolespermissions`
--

INSERT INTO `rolespermissions` (`roleID`, `permissionID`, `active`) VALUES
(1, 1, 1),
(1, 2, 1),
(1, 3, 1),
(1, 4, 1),
(1, 5, 1),
(1, 6, 1),
(1, 7, 1),
(1, 8, 1),
(1, 9, 1),
(1, 10, 1),
(1, 11, 1),
(1, 12, 1),
(1, 13, 1),
(1, 31, 1),
(2, 1, 1),
(2, 2, 1),
(2, 3, 1),
(2, 4, 1),
(2, 5, 1),
(2, 6, 1),
(2, 7, 1),
(2, 8, 0),
(2, 14, 1),
(2, 15, 1),
(2, 16, 1),
(2, 17, 1),
(2, 18, 1),
(2, 19, 1),
(2, 20, 1),
(2, 28, 1),
(2, 29, 1),
(2, 30, 1),
(2, 31, 1),
(2, 32, 1),
(2, 33, 1),
(2, 34, 1),
(2, 35, 1),
(2, 36, 1),
(2, 37, 1),
(2, 38, 1),
(3, 1, 1),
(3, 2, 1),
(3, 3, 1),
(3, 4, 1),
(3, 5, 1),
(3, 6, 1),
(3, 14, 1),
(3, 15, 1),
(3, 16, 1),
(3, 19, 1),
(3, 21, 1),
(3, 22, 1),
(3, 24, 1),
(3, 25, 1),
(3, 27, 1),
(3, 29, 1),
(3, 30, 1),
(3, 39, 1),
(3, 40, 1),
(4, 1, 1),
(4, 2, 1),
(4, 3, 1),
(4, 4, 1),
(4, 5, 0),
(4, 14, 1),
(4, 15, 1),
(4, 21, 1),
(4, 23, 1),
(4, 24, 1),
(4, 25, 1),
(4, 26, 1),
(4, 30, 1);

-- --------------------------------------------------------

--
-- Cáș„u trĂșc báșŁng cho báșŁng `salaryvariables`
--

DROP TABLE IF EXISTS `salaryvariables`;
CREATE TABLE IF NOT EXISTS `salaryvariables` (
  `VariableID` int NOT NULL AUTO_INCREMENT,
  `Name` varchar(100) COLLATE utf8mb4_unicode_ci NOT NULL,
  `Code` varchar(50) COLLATE utf8mb4_unicode_ci NOT NULL,
  `Description` text COLLATE utf8mb4_unicode_ci,
  `SQLQuery` text COLLATE utf8mb4_unicode_ci COMMENT 'CĂąu lá»nh Native SQL Äá» láș„y giĂĄ trá»',
  `rule_id` int DEFAULT NULL,
  `dsl_version_id` int DEFAULT NULL,
  `builderMetadata` json DEFAULT NULL COMMENT 'LÆ°u cáș„u hĂŹnh JSON gá»c tá»« UI Äá» phá»„c vá»„ viá»c load láșĄi form sá»­a',
  PRIMARY KEY (`VariableID`),
  UNIQUE KEY `Code` (`Code`),
  KEY `fk_salaryvariables_rule_fix` (`rule_id`)
) ENGINE=InnoDB AUTO_INCREMENT=40 DEFAULT CHARSET=utf8mb4 COLLATE=utf8mb4_unicode_ci;

--
-- Äang Äá» dá»Ż liá»u cho báșŁng `salaryvariables`
--

INSERT INTO `salaryvariables` (`VariableID`, `Name`, `Code`, `Description`, `SQLQuery`, `rule_id`, `dsl_version_id`, `builderMetadata`) VALUES
(1, 'LÆ°ÆĄng cÆĄ báșŁn (HÄLÄ)', 'BASE_SALARY', 'Láș„y tá»« báșŁng Contracts', 'SELECT basesalary FROM contracts WHERE userID = :userId AND Status = \'ACTIVE\' LIMIT 1', NULL, NULL, '{\"code\": \"BASE_SALARY\", \"mode\": \"RAW_SQL\", \"name\": \"LÆ°ÆĄng cÆĄ báșŁn (HÄLÄ)\", \"sqlQuery\": \"SELECT basesalary FROM contracts WHERE userID = :userId AND Status = \'ACTIVE\' LIMIT 1\", \"trueValue\": 0, \"falseValue\": 0, \"description\": \"Láș„y tá»« báșŁng Contracts\"}'),
(2, 'NgĂ y cĂŽng chuáș©n thĂĄng', 'STD_DAYS', 'Láș„y tá»« MonthlyPayrollConfigs', 'SELECT StandardWorkDays FROM monthlypayrollconfigs WHERE Month = :month AND Year = :year', NULL, NULL, '{\"code\": \"STD_DAYS\", \"mode\": \"RAW_SQL\", \"name\": \"NgĂ y cĂŽng chuáș©n thĂĄng\", \"sqlQuery\": \"SELECT StandardWorkDays FROM monthlypayrollconfigs WHERE Month = :month AND Year = :year\", \"trueValue\": 0, \"falseValue\": 0, \"description\": \"Láș„y tá»« MonthlyPayrollConfigs\"}'),
(3, 'NgĂ y cĂŽng Äi lĂ m thá»±c táșż', 'REAL_WORK_DAYS', 'Tá»ng sá» ngĂ y cĂł máș·t + Nghá» phĂ©p cĂł lÆ°ÆĄng', 'SELECT COUNT(*) FROM attendances WHERE userID = :userId AND status = \'PRESENT\' AND date BETWEEN :startDate AND :endDate', NULL, NULL, '{\"code\": \"REAL_WORK_DAYS\", \"mode\": \"RAW_SQL\", \"name\": \"NgĂ y cĂŽng Äi lĂ m thá»±c táșż\", \"sqlQuery\": \"SELECT COUNT(*) FROM attendances WHERE userID = :userId AND status = \'PRESENT\' AND date BETWEEN :startDate AND :endDate\", \"trueValue\": 0, \"falseValue\": 0, \"description\": \"Tá»ng sá» ngĂ y cĂł máș·t + Nghá» phĂ©p cĂł lÆ°ÆĄng\"}'),
(4, 'Tá»ng tiá»n Phá»„ cáș„p', 'TOTAL_ALLOWANCE', 'Tá»ng báșŁng ContractAllowances', 'SELECT SUM(Amount) FROM contractallowances ca JOIN contracts c ON ca.ContractID = c.contractID WHERE c.userID = :userId AND c.Status = \'ACTIVE\'', NULL, NULL, '{\"code\": \"TOTAL_ALLOWANCE\", \"mode\": \"RAW_SQL\", \"name\": \"Tá»ng tiá»n Phá»„ cáș„p\", \"sqlQuery\": \"SELECT SUM(Amount) FROM contractallowances ca JOIN contracts c ON ca.ContractID = c.contractID WHERE c.userID = :userId AND c.Status = \'ACTIVE\'\", \"trueValue\": 0, \"falseValue\": 0, \"description\": \"Tá»ng báșŁng ContractAllowances\"}'),
(5, 'Tá»ng tiá»n ThÆ°á»ng', 'TOTAL_REWARD', 'Tá»ng RewardPunishmentDecisions loáșĄi REWARD', 'SELECT SUM(Amount) FROM rewardpunishmentdecisions WHERE UserID = :userId AND Type = \'REWARD\' AND Status IN (\'APPROVED\',\'PROCESSED\') AND DecisionDate BETWEEN :startDate AND :endDate', NULL, NULL, '{\"code\": \"TOTAL_REWARD\", \"mode\": \"RAW_SQL\", \"name\": \"Tá»ng tiá»n ThÆ°á»ng\", \"sqlQuery\": \"SELECT SUM(Amount) FROM rewardpunishmentdecisions WHERE UserID = :userId AND Type = \'REWARD\' AND Status IN (\'APPROVED\',\'PROCESSED\') AND DecisionDate BETWEEN :startDate AND :endDate\", \"trueValue\": 0, \"falseValue\": 0, \"description\": \"Tá»ng RewardPunishmentDecisions loáșĄi REWARD\"}'),
(6, 'Tá»ng tiá»n PháșĄt', 'TOTAL_PENALTY', 'Tá»ng RewardPunishmentDecisions loáșĄi PUNISHMENT', 'SELECT SUM(Amount) FROM rewardpunishmentdecisions WHERE UserID = :userId AND Type = \'PUNISHMENT\' AND Status IN (\'APPROVED\',\'PROCESSED\') AND DecisionDate BETWEEN :startDate AND :endDate', NULL, NULL, '{\"code\": \"TOTAL_PENALTY\", \"mode\": \"RAW_SQL\", \"name\": \"Tá»ng tiá»n PháșĄt\", \"sqlQuery\": \"SELECT SUM(Amount) FROM rewardpunishmentdecisions WHERE UserID = :userId AND Type = \'PUNISHMENT\' AND Status IN (\'APPROVED\',\'PROCESSED\') AND DecisionDate BETWEEN :startDate AND :endDate\", \"trueValue\": 0, \"falseValue\": 0, \"description\": \"Tá»ng RewardPunishmentDecisions loáșĄi PUNISHMENT\"}'),
(7, 'Giá» tÄng ca', 'TOTAL_OT_CONVERTED', 'Tá»ng sá» giá» lĂ m thĂȘm', 'SELECT COALESCE(SUM(o.hours * ot.Rate), 0) FROM overtime o JOIN overtimetypes ot ON o.overtimetypeid = ot.OvertimeTypeID WHERE o.userid = :userId AND o.status = \'APPROVED\' AND o.date BETWEEN :startDate AND :endDate', NULL, NULL, '{\"code\": \"TOTAL_OT_CONVERTED\", \"mode\": \"RAW_SQL\", \"name\": \"Giá» tÄng ca\", \"sqlQuery\": \"SELECT COALESCE(SUM(o.hours * ot.Rate), 0) FROM overtime o JOIN overtimetypes ot ON o.overtimetypeid = ot.OvertimeTypeID WHERE o.userid = :userId AND o.status = \'APPROVED\' AND o.date BETWEEN :startDate AND :endDate\", \"trueValue\": 0, \"falseValue\": 0, \"description\": \"Tá»ng sá» giá» lĂ m thĂȘm\"}'),
(8, 'LÆ°ÆĄng ÄĂłng báșŁo hiá»m', 'INSURANCE_SALARY', 'Láș„y tá»« báșŁng Contracts', 'SELECT InsuranceSalary FROM contracts WHERE userID = :userId AND Status = \'ACTIVE\' LIMIT 1', NULL, NULL, '{\"code\": \"INSURANCE_SALARY\", \"mode\": \"RAW_SQL\", \"name\": \"LÆ°ÆĄng ÄĂłng báșŁo hiá»m\", \"sqlQuery\": \"SELECT InsuranceSalary FROM contracts WHERE userID = :userId AND Status = \'ACTIVE\' LIMIT 1\", \"trueValue\": 0, \"falseValue\": 0, \"description\": \"Láș„y tá»« báșŁng Contracts\"}'),
(9, 'Tá»ng thu nháș­p chá»u thuáșż', 'TAXABLE_INCOME', 'Tá»ng thu nháș­p - CĂĄc khoáșŁn miá»n thuáșż', NULL, NULL, NULL, '{\"code\": \"TAXABLE_INCOME\", \"mode\": \"CALCULATED\", \"name\": \"Tá»ng thu nháș­p chá»u thuáșż\", \"description\": \"Biáșżn ÄÆ°á»Łc tĂ­nh toĂĄn tá»± Äá»ng bá»i há» thá»ng (Computed Variable)\"}'),
(10, 'Tá»ng thu nháș­p miá»n thuáșż', 'TAX_EXEMPT_INCOME', 'Tá»ng TaxFreeAmount + ChĂȘnh lá»ch OT', '\nSELECT\n    (SELECT COALESCE(SUM(TaxFreeAmount), 0)\n     FROM contractallowances ca\n     JOIN contracts c ON ca.ContractID = c.contractID\n     WHERE c.userID = :userId AND c.Status = \'ACTIVE\')\n    +\n    (SELECT COALESCE(SUM(Amount), 0)\n     FROM rewardpunishmentdecisions\n     WHERE UserID = :userId AND Type = \'REWARD\' AND Status IN (\'APPROVED\',\'PROCESSED\') AND IsTaxExempt = 1 AND DecisionDate BETWEEN :startDate AND :endDate)\n    +\n    (SELECT COALESCE(SUM(\n        CASE\n           \n            WHEN ot.TaxExemptFormula = \'EXCESS_ONLY\' THEN\n                o.hours * (SELECT (c.basesalary / 26 / 8) FROM contracts c WHERE c.userID = :userId AND c.Status = \'ACTIVE\' LIMIT 1) * (ot.Rate - 1)\n            WHEN ot.TaxExemptFormula = \'FULL_AMOUNT\' THEN\n                o.hours * (SELECT (c.basesalary / 26 / 8) FROM contracts c WHERE c.userID = :userId AND c.Status = \'ACTIVE\' LIMIT 1) * ot.Rate\n            WHEN ot.TaxExemptFormula = \'PERCENTAGE\' THEN\n                o.hours * (SELECT (c.basesalary / 26 / 8) FROM contracts c WHERE c.userID = :userId AND c.Status = \'ACTIVE\' LIMIT 1) * ot.Rate * (ot.TaxExemptPercentage / 100)\n            ELSE 0\n        END\n    ), 0)\n    FROM overtime o\n    JOIN overtimetypes ot ON o.overtimetypeid = ot.OvertimeTypeID\n    WHERE o.userid = :userId\n      AND o.status = \'APPROVED\'\n      AND o.date BETWEEN :startDate AND :endDate)\n', NULL, NULL, '{\"code\": \"TAX_EXEMPT_INCOME\", \"mode\": \"RAW_SQL\", \"name\": \"Tá»ng thu nháș­p miá»n thuáșż\", \"sqlQuery\": \"\\nSELECT \\n    (SELECT COALESCE(SUM(TaxFreeAmount), 0) FROM contractallowances ca JOIN contracts c ON ca.ContractID = c.contractID WHERE c.userID = :userId AND c.Status = \'ACTIVE\')\\n    +\\n    (SELECT COALESCE(SUM(Amount), 0) FROM rewardpunishmentdecisions WHERE UserID = :userId AND Type = \'REWARD\' AND Status = \'APPROVED\' AND IsTaxExempt = 1 AND DecisionDate BETWEEN :startDate AND :endDate)\\n\", \"trueValue\": 0, \"falseValue\": 0, \"description\": \"Tá»ng TaxFreeAmount + ChĂȘnh lá»ch OT\"}'),
(11, 'GiáșŁm trá»« gia cáșŁnh', 'FAMILY_DEDUCTION', '11tr + (NgÆ°á»i phá»„ thuá»c * 4.4tr)', '\nSELECT \n    (SELECT Value FROM taxsettings WHERE SettingKey = \'PERSONAL_DEDUCTION\' ORDER BY EffectiveDate DESC LIMIT 1) \n    + \n    (\n      (SELECT COALESCE(COUNT(*), 0) FROM dependents WHERE userID = :userId AND istaxdeductible = 1) \n      * (SELECT Value FROM taxsettings WHERE SettingKey = \'DEPENDENT_DEDUCTION\' ORDER BY EffectiveDate DESC LIMIT 1)\n    )\n', NULL, NULL, '{\"code\": \"FAMILY_DEDUCTION\", \"mode\": \"RAW_SQL\", \"name\": \"GiáșŁm trá»« gia cáșŁnh\", \"sqlQuery\": \"\\nSELECT \\n    (SELECT Value FROM taxsettings WHERE SettingKey = \'PERSONAL_DEDUCTION\' ORDER BY EffectiveDate DESC LIMIT 1) \\n    + \\n    (\\n      (SELECT COALESCE(COUNT(*), 0) FROM dependents WHERE userID = :userId AND istaxdeductible = 1) \\n      * (SELECT Value FROM taxsettings WHERE SettingKey = \'DEPENDENT_DEDUCTION\' ORDER BY EffectiveDate DESC LIMIT 1)\\n    )\\n\", \"trueValue\": 0, \"falseValue\": 0, \"description\": \"11tr + (NgÆ°á»i phá»„ thuá»c * 4.4tr)\"}'),
(12, 'Thu nháș­p tĂ­nh thuáșż', 'ASSESSABLE_INCOME', 'Thu nháș­p chá»u thuáșż - BáșŁo hiá»m - GiáșŁm trá»« gia cáșŁnh', NULL, NULL, NULL, '{\"code\": \"ASSESSABLE_INCOME\", \"mode\": \"CALCULATED\", \"name\": \"Thu nháș­p tĂ­nh thuáșż\", \"description\": \"Biáșżn ÄÆ°á»Łc tĂ­nh toĂĄn tá»± Äá»ng bá»i há» thá»ng (Computed Variable)\"}'),
(13, 'Sá» ngÆ°á»i phá»„ thuá»c', 'DEPENDENT_COUNT', 'Láș„y tá»« báșŁng dependents', 'SELECT COALESCE(COUNT(*), 0) FROM dependents WHERE userID = :userId AND istaxdeductible = 1', NULL, NULL, '{\"code\": \"DEPENDENT_COUNT\", \"mode\": \"RAW_SQL\", \"name\": \"Sá» ngÆ°á»i phá»„ thuá»c\", \"sqlQuery\": \"SELECT COALESCE(COUNT(*), 0) FROM dependents WHERE userID = :userId AND istaxdeductible = 1\", \"trueValue\": 0, \"falseValue\": 0, \"description\": \"Láș„y tá»« báșŁng dependents\"}'),
(14, 'LÆ°ÆĄng cÆĄ sá» nhĂ  nÆ°á»c', 'BASIC_SALARY_STATE', 'Láș„y tá»« báșŁng TaxSettings', 'SELECT Value FROM taxsettings WHERE SettingKey = \'BASIC_SALARY_STATE\' AND EffectiveDate <= :endDate ORDER BY EffectiveDate DESC LIMIT 1', NULL, NULL, '{\"code\": \"BASIC_SALARY_STATE\", \"mode\": \"RAW_SQL\", \"name\": \"LÆ°ÆĄng cÆĄ sá» nhĂ  nÆ°á»c\", \"sqlQuery\": \"SELECT Value FROM taxsettings WHERE SettingKey = \'BASIC_SALARY_STATE\' AND EffectiveDate <= :endDate ORDER BY EffectiveDate DESC LIMIT 1\", \"trueValue\": 0, \"falseValue\": 0, \"description\": \"Láș„y tá»« báșŁng TaxSettings\"}'),
(15, 'LÆ°ÆĄng tá»i thiá»u vĂčng', 'REGION_MIN_SALARY', 'Láș„y tá»« báșŁng TaxSettings', 'SELECT Value FROM taxsettings WHERE SettingKey = \'REGION_MIN_SALARY\' AND EffectiveDate <= :endDate ORDER BY EffectiveDate DESC LIMIT 1', NULL, NULL, '{\"code\": \"REGION_MIN_SALARY\", \"mode\": \"RAW_SQL\", \"name\": \"LÆ°ÆĄng tá»i thiá»u vĂčng\", \"sqlQuery\": \"SELECT Value FROM taxsettings WHERE SettingKey = \'REGION_MIN_SALARY\' AND EffectiveDate <= :endDate ORDER BY EffectiveDate DESC LIMIT 1\", \"trueValue\": 0, \"falseValue\": 0, \"description\": \"Láș„y tá»« báșŁng TaxSettings\"}'),
(16, 'Há» sá» tráș§n báșŁo hiá»m', 'INSURANCE_CAP_MULTIPLIER', 'Láș„y tá»« báșŁng TaxSettings (thÆ°á»ng lĂ  20 láș§n)', 'SELECT Value FROM taxsettings WHERE SettingKey = \'INSURANCE_CAP_MULTIPLIER\' AND EffectiveDate <= :endDate ORDER BY EffectiveDate DESC LIMIT 1', NULL, NULL, '{\"code\": \"INSURANCE_CAP_MULTIPLIER\", \"mode\": \"RAW_SQL\", \"name\": \"Há» sá» tráș§n báșŁo hiá»m\", \"sqlQuery\": \"SELECT Value FROM taxsettings WHERE SettingKey = \'INSURANCE_CAP_MULTIPLIER\' AND EffectiveDate <= :endDate ORDER BY EffectiveDate DESC LIMIT 1\", \"trueValue\": 0, \"falseValue\": 0, \"description\": \"Láș„y tá»« báșŁng TaxSettings (thÆ°á»ng lĂ  20 láș§n)\"}'),
(17, 'Giá»i háșĄn Än ca miá»n thuáșż', 'LUNCH_ALLOWANCE_LIMIT', 'Láș„y tá»« báșŁng TaxSettings', 'SELECT Value FROM taxsettings WHERE SettingKey = \'LUNCH_ALLOWANCE_LIMIT\' AND EffectiveDate <= :endDate ORDER BY EffectiveDate DESC LIMIT 1', NULL, NULL, '{\"code\": \"LUNCH_ALLOWANCE_LIMIT\", \"mode\": \"RAW_SQL\", \"name\": \"Giá»i háșĄn Än ca miá»n thuáșż\", \"sqlQuery\": \"SELECT Value FROM taxsettings WHERE SettingKey = \'LUNCH_ALLOWANCE_LIMIT\' AND EffectiveDate <= :endDate ORDER BY EffectiveDate DESC LIMIT 1\", \"trueValue\": 0, \"falseValue\": 0, \"description\": \"Láș„y tá»« báșŁng TaxSettings\"}'),
(25, 'Má»©c giáșŁm trá»« báșŁn thĂąn', 'PERSONAL_DEDUCTION', 'Láș„y tá»« báșŁng TaxSettings', 'SELECT Value FROM taxsettings WHERE SettingKey = \'PERSONAL_DEDUCTION\' AND EffectiveDate <= :endDate ORDER BY EffectiveDate DESC LIMIT 1', NULL, NULL, NULL),
(26, 'Má»©c giáșŁm trá»« ngÆ°á»i phá»„ thuá»c', 'DEPENDENT_DEDUCTION', 'Láș„y tá»« báșŁng TaxSettings', 'SELECT Value FROM taxsettings WHERE SettingKey = \'DEPENDENT_DEDUCTION\' AND EffectiveDate <= :endDate ORDER BY EffectiveDate DESC LIMIT 1', NULL, NULL, NULL),
(27, 'LÆ°ÆĄng 1 giá» lĂ m viá»c (Quy Äá»i)', 'HOURLY_MONEY', 'TĂ­nh toĂĄn: (LÆ°ÆĄng cÆĄ báșŁn + PC chá»u thuáșż) / NgĂ y cĂŽng chuáș©n / Giá» lĂ m viá»c (8 hoáș·c 6)', 'SELECT \n        (\n            c.basesalary + \n            COALESCE((SELECT SUM(Amount) FROM contractallowances ca WHERE ca.ContractID = c.contractID AND ca.IsTaxable = 1), 0)\n        ) \n        / \n        (\n            (SELECT StandardWorkDays FROM monthlypayrollconfigs WHERE Month = :month AND Year = :year LIMIT 1) \n            * (CASE WHEN c.WorkType = \'PARTTIME\' THEN 6.0 ELSE 8.0 END)\n        )\n    FROM contracts c \n    WHERE c.userID = :userId AND c.Status = \'ACTIVE\' \n    LIMIT 1', NULL, NULL, '{\"code\": \"HOURLY_MONEY\", \"mode\": \"RAW_SQL\", \"name\": \"LÆ°ÆĄng 1 giá» lĂ m viá»c (Quy Äá»i)\", \"sqlQuery\": \"SELECT (c.basesalary + COALESCE((SELECT SUM(Amount) FROM contractallowances ca WHERE ca.ContractID = c.contractID AND ca.IsTaxable = 1), 0)) / ((SELECT StandardWorkDays FROM monthlypayrollconfigs WHERE Month = :month AND Year = :year LIMIT 1) * (CASE WHEN c.WorkType = \'PARTTIME\' THEN 6.0 ELSE 8.0 END)) FROM contracts c WHERE c.userID = :userId AND c.Status = \'ACTIVE\' LIMIT 1\", \"description\": \"Tá»± Äá»ng tĂ­nh dá»±a trĂȘn WorkType vĂ  PC chá»u thuáșż\"}'),
(29, 'Tá»ng giá» lĂ m ÄĂȘm (22h-06h)', 'TOTAL_NIGHT_HOURS', 'Tá»ng sá» giá» lĂ m viá»c thá»±c táșż rÆĄi vĂ o khung 22h ÄĂȘm Äáșżn 06h sĂĄng', 'SELECT \n        COALESCE(SUM(\n            CASE \n                WHEN s.endtime < s.starttime THEN \n                    (GREATEST(0, 24 - GREATEST(HOUR(s.starttime), 22)) + LEAST(HOUR(s.endtime), 6))\n                WHEN s.starttime < \'06:00:00\' AND s.starttime >= \'00:00:00\' THEN\n                    GREATEST(0, LEAST(HOUR(s.endtime), 6) - HOUR(s.starttime))\n                WHEN s.endtime > \'22:00:00\' AND s.endtime > s.starttime THEN\n                    GREATEST(0, HOUR(s.endtime) - 22)\n                ELSE 0 \n            END\n        ), 0)\n    FROM attendances a\n    JOIN shifts s ON a.shiftID = s.shiftID\n    WHERE a.userID = :userId \n      AND a.status = \'PRESENT\'\n      AND a.date BETWEEN :startDate AND :endDate', NULL, NULL, '{\"code\": \"TOTAL_NIGHT_HOURS\", \"mode\": \"RAW_SQL\", \"name\": \"Tá»ng giá» lĂ m ÄĂȘm (22h-06h)\", \"sqlQuery\": \"SELECT COALESCE(SUM(CASE WHEN s.endtime < s.starttime THEN (GREATEST(0, 24 - GREATEST(HOUR(s.starttime), 22)) + LEAST(HOUR(s.endtime), 6)) WHEN s.starttime < \'06:00:00\' AND s.starttime >= \'00:00:00\' THEN GREATEST(0, LEAST(HOUR(s.endtime), 6) - HOUR(s.starttime)) WHEN s.endtime > \'22:00:00\' AND s.endtime > s.starttime THEN GREATEST(0, HOUR(s.endtime) - 22) ELSE 0 END), 0) FROM attendances a JOIN shifts s ON a.shiftID = s.shiftID WHERE a.userID = :userId AND a.status = \'PRESENT\' AND a.date BETWEEN :startDate AND :endDate\", \"description\": \"Tá»± Äá»ng tĂĄch giá» ÄĂȘm tá»« báșŁng cháș„m cĂŽng\"}'),
(33, 'Tá»· lá» BHXH (NV)', 'RATE_BHXH_EMP', 'Láș„y tá»« TaxSettings', 'SELECT Value FROM taxsettings WHERE SettingKey = \'BHXH_RATE_EMP\' AND EffectiveDate <= :endDate ORDER BY EffectiveDate DESC LIMIT 1', NULL, NULL, '{\"code\": \"RATE_BHXH_EMP\", \"mode\": \"RAW_SQL\", \"name\": \"Tá»· lá» BHXH (NV)\", \"description\": \"Láș„y tá»« báșŁng TaxSettings\"}'),
(34, 'Tá»· lá» BHYT (NV)', 'RATE_BHYT_EMP', 'Láș„y tá»« TaxSettings', 'SELECT Value FROM taxsettings WHERE SettingKey = \'BHYT_RATE_EMP\' AND EffectiveDate <= :endDate ORDER BY EffectiveDate DESC LIMIT 1', NULL, NULL, '{\"code\": \"RATE_BHYT_EMP\", \"mode\": \"RAW_SQL\", \"name\": \"Tá»· lá» BHYT (NV)\", \"description\": \"Láș„y tá»« báșŁng TaxSettings\"}'),
(35, 'Tá»· lá» BHTN (NV)', 'RATE_BHTN_EMP', 'Láș„y tá»« TaxSettings', 'SELECT Value FROM taxsettings WHERE SettingKey = \'BHTN_RATE_EMP\' AND EffectiveDate <= :endDate ORDER BY EffectiveDate DESC LIMIT 1', NULL, NULL, '{\"code\": \"RATE_BHTN_EMP\", \"mode\": \"RAW_SQL\", \"name\": \"Tá»· lá» BHTN (NV)\", \"description\": \"Láș„y tá»« báșŁng TaxSettings\"}'),
(36, 'Tá»· lá» BHXH (CT)', 'RATE_BHXH_COMP', 'Láș„y tá»« TaxSettings', 'SELECT Value FROM taxsettings WHERE SettingKey = \'BHXH_RATE_COMP\' AND EffectiveDate <= :endDate ORDER BY EffectiveDate DESC LIMIT 1', NULL, NULL, '{\"code\": \"RATE_BHXH_COMP\", \"mode\": \"RAW_SQL\", \"name\": \"Tá»· lá» BHXH (CT)\", \"description\": \"Láș„y tá»« báșŁng TaxSettings\"}'),
(37, 'Tá»· lá» BHYT (CT)', 'RATE_BHYT_COMP', 'Láș„y tá»« TaxSettings', 'SELECT Value FROM taxsettings WHERE SettingKey = \'BHYT_RATE_COMP\' AND EffectiveDate <= :endDate ORDER BY EffectiveDate DESC LIMIT 1', NULL, NULL, '{\"code\": \"RATE_BHYT_COMP\", \"mode\": \"RAW_SQL\", \"name\": \"Tá»· lá» BHYT (CT)\", \"description\": \"Láș„y tá»« báșŁng TaxSettings\"}'),
(38, 'Tá»· lá» BHTN (CT)', 'RATE_BHTN_COMP', 'Láș„y tá»« TaxSettings', 'SELECT Value FROM taxsettings WHERE SettingKey = \'BHTN_RATE_COMP\' AND EffectiveDate <= :endDate ORDER BY EffectiveDate DESC LIMIT 1', NULL, NULL, '{\"code\": \"RATE_BHTN_COMP\", \"mode\": \"RAW_SQL\", \"name\": \"Tá»· lá» BHTN (CT)\", \"description\": \"Láș„y tá»« báșŁng TaxSettings\"}'),
(39, 'Há» sá» phá»„ cáș„p ca ÄĂȘm', 'RATE_NIGHT_SHIFT', 'Láș„y tá»« báșŁng Overtimetypes (MĂŁ NIGHT_SHIFT)', 'SELECT Rate FROM overtimetypes WHERE OtCode = \'NIGHT_SHIFT\' LIMIT 1', NULL, NULL, '{\"code\": \"RATE_NIGHT_SHIFT\", \"mode\": \"RAW_SQL\", \"name\": \"Há» sá» phá»„ cáș„p ca ÄĂȘm\", \"description\": \"Láș„y tá»« báșŁng overtimetypes\"}');

-- --------------------------------------------------------

--
-- Cáș„u trĂșc báșŁng cho báșŁng `salary_rule`
--

DROP TABLE IF EXISTS `salary_rule`;
CREATE TABLE IF NOT EXISTS `salary_rule` (
  `rule_id` int NOT NULL AUTO_INCREMENT,
  `rule_code` varchar(100) COLLATE utf8mb4_unicode_ci DEFAULT NULL,
  `name` varchar(255) COLLATE utf8mb4_unicode_ci DEFAULT NULL,
  `description` text COLLATE utf8mb4_unicode_ci,
  `status` enum('DRAFT','APPROVED','RETIRED') COLLATE utf8mb4_unicode_ci DEFAULT 'DRAFT',
  `current_version_id` int DEFAULT NULL,
  `created_at` datetime DEFAULT CURRENT_TIMESTAMP,
  `priority` int DEFAULT '10',
  PRIMARY KEY (`rule_id`),
  UNIQUE KEY `rule_code` (`rule_code`)
) ENGINE=InnoDB AUTO_INCREMENT=28 DEFAULT CHARSET=utf8mb4 COLLATE=utf8mb4_unicode_ci;

--
-- Äang Äá» dá»Ż liá»u cho báșŁng `salary_rule`
--

INSERT INTO `salary_rule` (`rule_id`, `rule_code`, `name`, `description`, `status`, `current_version_id`, `created_at`, `priority`) VALUES
(1, 'WORK_SALARY', 'LÆ°ÆĄng theo ngĂ y cĂŽng (gá»m PC)', NULL, 'APPROVED', 40, '2025-12-01 01:47:36', 1),
(2, 'INSURANCE_AMT', 'Tiá»n báșŁo hiá»m (10.5%)', NULL, 'RETIRED', 2, '2025-12-01 01:47:36', 2),
(3, 'TOTAL_INCOME', 'Tá»ng thu nháș­p thá»±c táșż (Gross)', NULL, 'APPROVED', 34, '2025-12-01 01:47:36', 3),
(4, 'TAXABLE_INCOME', 'Thu nháș­p tĂ­nh thuáșż', NULL, 'APPROVED', 16, '2025-12-01 01:47:36', 5),
(5, 'PIT_TAX', 'Thuáșż TNCN', NULL, 'APPROVED', 5, '2025-12-01 01:47:36', 6),
(6, 'NET_SALARY', 'LÆ°ÆĄng thá»±c lÄ©nh (NET)', NULL, 'APPROVED', 17, '2025-12-01 01:47:36', 99),
(19, 'ATTENDANCE_BONUS', 'ThÆ°á»ng chuyĂȘn cáș§n', NULL, 'APPROVED', 7, NULL, 10),
(20, 'BHXH_EMP', 'BHXH NhĂąn viĂȘn (8%)', NULL, 'APPROVED', 21, '2025-12-02 21:00:44', 4),
(21, 'BHYT_EMP', 'BHYT NhĂąn viĂȘn (1.5%)', NULL, 'APPROVED', 22, '2025-12-02 21:00:44', 4),
(22, 'BHTN_EMP', 'BHTN NhĂąn viĂȘn (1%)', NULL, 'APPROVED', 23, '2025-12-02 21:00:44', 4),
(24, 'BHXH_COMP', 'BHXH CĂŽng ty chi tráșŁ (17.5%)', 'Pháș§n BHXH doanh nghiá»p ÄĂłng', 'APPROVED', 24, '2025-12-11 14:48:14', 90),
(25, 'BHYT_COMP', 'BHYT CĂŽng ty chi tráșŁ (3%)', 'Pháș§n BHYT doanh nghiá»p ÄĂłng', 'APPROVED', 25, '2025-12-11 14:48:14', 90),
(26, 'BHTN_COMP', 'BHTN CĂŽng ty chi tráșŁ (1%)', 'Pháș§n BHTN doanh nghiá»p ÄĂłng', 'APPROVED', 26, '2025-12-11 14:48:14', 90),
(27, 'NIGHT_MONEY', 'Tiá»n phá»„ cáș„p ca ÄĂȘm', NULL, 'APPROVED', 27, '2025-12-14 18:36:00', 2);

-- --------------------------------------------------------

--
-- Cáș„u trĂșc báșŁng cho báșŁng `salary_rule_version`
--

DROP TABLE IF EXISTS `salary_rule_version`;
CREATE TABLE IF NOT EXISTS `salary_rule_version` (
  `version_id` int NOT NULL AUTO_INCREMENT,
  `rule_id` int DEFAULT NULL,
  `version_number` int DEFAULT NULL,
  `dsl_json` json DEFAULT NULL,
  `created_at` datetime DEFAULT CURRENT_TIMESTAMP,
  PRIMARY KEY (`version_id`),
  KEY `FK_RuleVersion_Rule` (`rule_id`)
) ENGINE=InnoDB AUTO_INCREMENT=41 DEFAULT CHARSET=utf8mb4 COLLATE=utf8mb4_unicode_ci;

--
-- Äang Äá» dá»Ż liá»u cho báșŁng `salary_rule_version`
--

INSERT INTO `salary_rule_version` (`version_id`, `rule_id`, `version_number`, `dsl_json`, `created_at`) VALUES
(1, 1, 1, '{\"left\": {\"left\": {\"left\": {\"name\": \"BASE_SALARY\", \"type\": \"VARIABLE\"}, \"type\": \"ADD\", \"right\": {\"name\": \"TOTAL_ALLOWANCE\", \"type\": \"VARIABLE\"}}, \"type\": \"DIV\", \"right\": {\"name\": \"STD_DAYS\", \"type\": \"VARIABLE\"}}, \"type\": \"MUL\", \"right\": {\"name\": \"REAL_WORK_DAYS\", \"type\": \"VARIABLE\"}}', '2025-12-01 01:47:36'),
(2, 2, 1, '{\"left\": {\"name\": \"INSURANCE_SALARY\", \"type\": \"VARIABLE\"}, \"type\": \"MUL\", \"right\": {\"type\": \"CONSTANT\", \"value\": 0.105}}', '2025-12-01 01:47:36'),
(3, 3, 1, '{\"left\": {\"left\": {\"left\": {\"left\": {\"name\": \"WORK_SALARY\", \"type\": \"REFERENCE\"}, \"type\": \"ADD\", \"right\": {\"name\": \"TOTAL_REWARD\", \"type\": \"VARIABLE\"}}, \"type\": \"ADD\", \"right\": {\"left\": {\"name\": \"TOTAL_OT_CONVERTED\", \"type\": \"VARIABLE\"}, \"type\": \"MUL\", \"right\": {\"name\": \"HOURLY_MONEY\", \"type\": \"VARIABLE\"}}}, \"type\": \"ADD\", \"right\": {\"name\": \"NIGHT_MONEY\", \"type\": \"REFERENCE\"}}, \"type\": \"SUB\", \"right\": {\"name\": \"TOTAL_PENALTY\", \"type\": \"VARIABLE\"}}', '2025-12-01 01:47:36'),
(4, 4, 1, '{\"left\": {\"left\": {\"left\": {\"name\": \"TOTAL_INCOME\", \"type\": \"REFERENCE\"}, \"type\": \"SUB\", \"right\": {\"name\": \"TAX_EXEMPT_INCOME\", \"type\": \"VARIABLE\"}}, \"type\": \"SUB\", \"right\": {\"name\": \"INSURANCE_AMT\", \"type\": \"REFERENCE\"}}, \"type\": \"SUB\", \"right\": {\"left\": {\"name\": \"PERSONAL_DEDUCTION\", \"type\": \"VARIABLE\"}, \"type\": \"ADD\", \"right\": {\"left\": {\"name\": \"DEPENDENT_COUNT\", \"type\": \"VARIABLE\"}, \"type\": \"MUL\", \"right\": {\"name\": \"DEPENDENT_DEDUCTION\", \"type\": \"VARIABLE\"}}}}', '2025-12-01 01:47:36'),
(5, 5, 1, '{\"type\": \"IF_ELSE\", \"condition\": {\"left\": {\"name\": \"TAXABLE_INCOME\", \"type\": \"REFERENCE\"}, \"type\": \"GT\", \"right\": {\"type\": \"CONSTANT\", \"value\": 0}}, \"true_case\": {\"type\": \"IF_ELSE\", \"condition\": {\"left\": {\"name\": \"TAXABLE_INCOME\", \"type\": \"REFERENCE\"}, \"type\": \"GT\", \"right\": {\"type\": \"CONSTANT\", \"value\": 80000000}}, \"true_case\": {\"left\": {\"left\": {\"name\": \"TAXABLE_INCOME\", \"type\": \"REFERENCE\"}, \"type\": \"MUL\", \"right\": {\"type\": \"CONSTANT\", \"value\": 0.35}}, \"type\": \"SUB\", \"right\": {\"type\": \"CONSTANT\", \"value\": 9850000}}, \"false_case\": {\"type\": \"IF_ELSE\", \"condition\": {\"left\": {\"name\": \"TAXABLE_INCOME\", \"type\": \"REFERENCE\"}, \"type\": \"GT\", \"right\": {\"type\": \"CONSTANT\", \"value\": 52000000}}, \"true_case\": {\"left\": {\"left\": {\"name\": \"TAXABLE_INCOME\", \"type\": \"REFERENCE\"}, \"type\": \"MUL\", \"right\": {\"type\": \"CONSTANT\", \"value\": 0.3}}, \"type\": \"SUB\", \"right\": {\"type\": \"CONSTANT\", \"value\": 5850000}}, \"false_case\": {\"type\": \"IF_ELSE\", \"condition\": {\"left\": {\"name\": \"TAXABLE_INCOME\", \"type\": \"REFERENCE\"}, \"type\": \"GT\", \"right\": {\"type\": \"CONSTANT\", \"value\": 32000000}}, \"true_case\": {\"left\": {\"left\": {\"name\": \"TAXABLE_INCOME\", \"type\": \"REFERENCE\"}, \"type\": \"MUL\", \"right\": {\"type\": \"CONSTANT\", \"value\": 0.25}}, \"type\": \"SUB\", \"right\": {\"type\": \"CONSTANT\", \"value\": 3250000}}, \"false_case\": {\"type\": \"IF_ELSE\", \"condition\": {\"left\": {\"name\": \"TAXABLE_INCOME\", \"type\": \"REFERENCE\"}, \"type\": \"GT\", \"right\": {\"type\": \"CONSTANT\", \"value\": 18000000}}, \"true_case\": {\"left\": {\"left\": {\"name\": \"TAXABLE_INCOME\", \"type\": \"REFERENCE\"}, \"type\": \"MUL\", \"right\": {\"type\": \"CONSTANT\", \"value\": 0.2}}, \"type\": \"SUB\", \"right\": {\"type\": \"CONSTANT\", \"value\": 1650000}}, \"false_case\": {\"type\": \"IF_ELSE\", \"condition\": {\"left\": {\"name\": \"TAXABLE_INCOME\", \"type\": \"REFERENCE\"}, \"type\": \"GT\", \"right\": {\"type\": \"CONSTANT\", \"value\": 10000000}}, \"true_case\": {\"left\": {\"left\": {\"name\": \"TAXABLE_INCOME\", \"type\": \"REFERENCE\"}, \"type\": \"MUL\", \"right\": {\"type\": \"CONSTANT\", \"value\": 0.15}}, \"type\": \"SUB\", \"right\": {\"type\": \"CONSTANT\", \"value\": 750000}}, \"false_case\": {\"type\": \"IF_ELSE\", \"condition\": {\"left\": {\"name\": \"TAXABLE_INCOME\", \"type\": \"REFERENCE\"}, \"type\": \"GT\", \"right\": {\"type\": \"CONSTANT\", \"value\": 5000000}}, \"true_case\": {\"left\": {\"left\": {\"name\": \"TAXABLE_INCOME\", \"type\": \"REFERENCE\"}, \"type\": \"MUL\", \"right\": {\"type\": \"CONSTANT\", \"value\": 0.1}}, \"type\": \"SUB\", \"right\": {\"type\": \"CONSTANT\", \"value\": 250000}}, \"false_case\": {\"left\": {\"name\": \"TAXABLE_INCOME\", \"type\": \"REFERENCE\"}, \"type\": \"MUL\", \"right\": {\"type\": \"CONSTANT\", \"value\": 0.05}}}}}}}}, \"false_case\": {\"type\": \"CONSTANT\", \"value\": 0}}', '2025-12-01 01:47:36'),
(6, 6, 1, '{\"left\": {\"left\": {\"name\": \"TOTAL_INCOME\", \"type\": \"REFERENCE\"}, \"type\": \"SUB\", \"right\": {\"name\": \"INSURANCE_AMT\", \"type\": \"REFERENCE\"}}, \"type\": \"SUB\", \"right\": {\"name\": \"PIT_TAX\", \"type\": \"REFERENCE\"}}', '2025-12-01 01:47:36'),
(7, 19, 1, '{\"type\": \"IF_ELSE\", \"condition\": {\"left\": {\"name\": \"LATE_COUNT\", \"type\": \"VARIABLE\"}, \"type\": \"LTE\", \"right\": {\"type\": \"CONSTANT\", \"value\": 0}}, \"true_case\": {\"type\": \"CONSTANT\", \"value\": 50000}, \"false_case\": {\"type\": \"CONSTANT\", \"value\": 0}}', '2025-12-02 14:36:58'),
(8, 20, 1, '{\"left\": {\"name\": \"INSURANCE_SALARY\", \"type\": \"VARIABLE\"}, \"type\": \"MUL\", \"right\": {\"type\": \"CONSTANT\", \"value\": 0.08}}', '2025-12-02 21:00:44'),
(9, 21, 1, '{\"left\": {\"name\": \"INSURANCE_SALARY\", \"type\": \"VARIABLE\"}, \"type\": \"MUL\", \"right\": {\"type\": \"CONSTANT\", \"value\": 0.015}}', '2025-12-02 21:00:44'),
(10, 22, 1, '{\"left\": {\"name\": \"INSURANCE_SALARY\", \"type\": \"VARIABLE\"}, \"type\": \"MUL\", \"right\": {\"type\": \"CONSTANT\", \"value\": 0.01}}', '2025-12-02 21:00:44'),
(11, 4, 2, '{\"left\": {\"left\": {\"left\": {\"left\": {\"left\": {\"name\": \"TOTAL_INCOME\", \"type\": \"REFERENCE\"}, \"type\": \"SUB\", \"right\": {\"name\": \"TAX_EXEMPT_INCOME\", \"type\": \"VARIABLE\"}}, \"type\": \"SUB\", \"right\": {\"name\": \"BHXH_EMP\", \"type\": \"REFERENCE\"}}, \"type\": \"SUB\", \"right\": {\"name\": \"BHYT_EMP\", \"type\": \"REFERENCE\"}}, \"type\": \"SUB\", \"right\": {\"name\": \"BHTN_EMP\", \"type\": \"REFERENCE\"}}, \"type\": \"SUB\", \"right\": {\"left\": {\"name\": \"PERSONAL_DEDUCTION\", \"type\": \"VARIABLE\"}, \"type\": \"ADD\", \"right\": {\"left\": {\"name\": \"DEPENDENT_COUNT\", \"type\": \"VARIABLE\"}, \"type\": \"MUL\", \"right\": {\"name\": \"DEPENDENT_DEDUCTION\", \"type\": \"VARIABLE\"}}}}', '2025-12-02 21:00:44'),
(12, 6, 2, '{\"left\": {\"left\": {\"left\": {\"left\": {\"left\": {\"name\": \"TOTAL_INCOME\", \"type\": \"REFERENCE\"}, \"type\": \"SUB\", \"right\": {\"name\": \"BHXH_EMP\", \"type\": \"REFERENCE\"}}, \"type\": \"SUB\", \"right\": {\"name\": \"BHYT_EMP\", \"type\": \"REFERENCE\"}}, \"type\": \"SUB\", \"right\": {\"name\": \"BHTN_EMP\", \"type\": \"REFERENCE\"}}, \"type\": \"SUB\", \"right\": {\"name\": \"PIT_TAX\", \"type\": \"REFERENCE\"}}, \"type\": \"SUB\", \"right\": {\"name\": \"TOTAL_PENALTY\", \"type\": \"VARIABLE\"}}', '2025-12-02 21:00:44'),
(13, 20, 1, '{\"left\": {\"name\": \"INSURANCE_SALARY\", \"type\": \"VARIABLE\"}, \"type\": \"MUL\", \"right\": {\"type\": \"CONSTANT\", \"value\": 0.08}}', '2025-12-02 21:09:24'),
(14, 21, 1, '{\"left\": {\"name\": \"INSURANCE_SALARY\", \"type\": \"VARIABLE\"}, \"type\": \"MUL\", \"right\": {\"type\": \"CONSTANT\", \"value\": 0.015}}', '2025-12-02 21:09:24'),
(15, 22, 1, '{\"left\": {\"name\": \"INSURANCE_SALARY\", \"type\": \"VARIABLE\"}, \"type\": \"MUL\", \"right\": {\"type\": \"CONSTANT\", \"value\": 0.01}}', '2025-12-02 21:09:24'),
(16, 4, 3, '{\"left\": {\"left\": {\"left\": {\"left\": {\"left\": {\"name\": \"TOTAL_INCOME\", \"type\": \"REFERENCE\"}, \"type\": \"SUB\", \"right\": {\"name\": \"TAX_EXEMPT_INCOME\", \"type\": \"VARIABLE\"}}, \"type\": \"SUB\", \"right\": {\"name\": \"BHXH_EMP\", \"type\": \"REFERENCE\"}}, \"type\": \"SUB\", \"right\": {\"name\": \"BHYT_EMP\", \"type\": \"REFERENCE\"}}, \"type\": \"SUB\", \"right\": {\"name\": \"BHTN_EMP\", \"type\": \"REFERENCE\"}}, \"type\": \"SUB\", \"right\": {\"left\": {\"name\": \"PERSONAL_DEDUCTION\", \"type\": \"VARIABLE\"}, \"type\": \"ADD\", \"right\": {\"left\": {\"name\": \"DEPENDENT_COUNT\", \"type\": \"VARIABLE\"}, \"type\": \"MUL\", \"right\": {\"name\": \"DEPENDENT_DEDUCTION\", \"type\": \"VARIABLE\"}}}}', '2025-12-02 21:09:24'),
(17, 6, 3, '{\"left\": {\"left\": {\"left\": {\"left\": {\"left\": {\"name\": \"TOTAL_INCOME\", \"type\": \"REFERENCE\"}, \"type\": \"SUB\", \"right\": {\"name\": \"BHXH_EMP\", \"type\": \"REFERENCE\"}}, \"type\": \"SUB\", \"right\": {\"name\": \"BHYT_EMP\", \"type\": \"REFERENCE\"}}, \"type\": \"SUB\", \"right\": {\"name\": \"BHTN_EMP\", \"type\": \"REFERENCE\"}}, \"type\": \"SUB\", \"right\": {\"name\": \"PIT_TAX\", \"type\": \"REFERENCE\"}}, \"type\": \"SUB\", \"right\": {\"name\": \"TOTAL_PENALTY\", \"type\": \"VARIABLE\"}}', '2025-12-02 21:09:24'),
(18, 24, 1, '{\"left\": {\"name\": \"INSURANCE_SALARY\", \"type\": \"VARIABLE\"}, \"type\": \"MUL\", \"right\": {\"type\": \"CONSTANT\", \"value\": 0.175}}', '2025-12-11 14:48:43'),
(19, 25, 1, '{\"left\": {\"name\": \"INSURANCE_SALARY\", \"type\": \"VARIABLE\"}, \"type\": \"MUL\", \"right\": {\"type\": \"CONSTANT\", \"value\": 0.03}}', '2025-12-11 14:48:43'),
(20, 26, 1, '{\"left\": {\"name\": \"INSURANCE_SALARY\", \"type\": \"VARIABLE\"}, \"type\": \"MUL\", \"right\": {\"type\": \"CONSTANT\", \"value\": 0.01}}', '2025-12-11 14:48:43'),
(21, 20, 2, '{\"left\": {\"name\": \"INSURANCE_SALARY\", \"type\": \"VARIABLE\"}, \"type\": \"MUL\", \"right\": {\"name\": \"RATE_BHXH_EMP\", \"type\": \"VARIABLE\"}}', '2025-12-14 18:18:49'),
(22, 21, 2, '{\"left\": {\"name\": \"INSURANCE_SALARY\", \"type\": \"VARIABLE\"}, \"type\": \"MUL\", \"right\": {\"name\": \"RATE_BHYT_EMP\", \"type\": \"VARIABLE\"}}', '2025-12-14 18:18:49'),
(23, 22, 2, '{\"left\": {\"name\": \"INSURANCE_SALARY\", \"type\": \"VARIABLE\"}, \"type\": \"MUL\", \"right\": {\"name\": \"RATE_BHTN_EMP\", \"type\": \"VARIABLE\"}}', '2025-12-14 18:18:49'),
(24, 24, 2, '{\"left\": {\"name\": \"INSURANCE_SALARY\", \"type\": \"VARIABLE\"}, \"type\": \"MUL\", \"right\": {\"name\": \"RATE_BHXH_COMP\", \"type\": \"VARIABLE\"}}', '2025-12-14 18:18:49'),
(25, 25, 2, '{\"left\": {\"name\": \"INSURANCE_SALARY\", \"type\": \"VARIABLE\"}, \"type\": \"MUL\", \"right\": {\"name\": \"RATE_BHYT_COMP\", \"type\": \"VARIABLE\"}}', '2025-12-14 18:18:49'),
(26, 26, 2, '{\"left\": {\"name\": \"INSURANCE_SALARY\", \"type\": \"VARIABLE\"}, \"type\": \"MUL\", \"right\": {\"name\": \"RATE_BHTN_COMP\", \"type\": \"VARIABLE\"}}', '2025-12-14 18:18:49'),
(27, 27, 1, '{\"left\": {\"left\": {\"name\": \"TOTAL_NIGHT_HOURS\", \"type\": \"VARIABLE\"}, \"type\": \"MUL\", \"right\": {\"name\": \"HOURLY_MONEY\", \"type\": \"VARIABLE\"}}, \"type\": \"MUL\", \"right\": {\"name\": \"RATE_NIGHT_SHIFT\", \"type\": \"VARIABLE\"}}', '2025-12-14 18:36:00'),
(28, 3, 2, '{\"type\": \"RAW_FORMULA\", \"expression\": \"((((TOTAL_OT_CONVERTED * HOURLY_MONEY)) + NIGHT_MONEY) - TOTAL_PENALTY) + TOTAL_REWARD\"}', '2025-12-30 00:32:20'),
(29, 3, 3, '{\"type\": \"RAW_FORMULA\", \"expression\": \"((((WORK_SALARY + TOTAL_REWARD) + (TOTAL_OT_CONVERTED * HOURLY_MONEY)) + NIGHT_MONEY) - TOTAL_PENALTY)\"}', '2025-12-30 00:32:42'),
(30, 3, 4, '{\"left\": {\"left\": {\"left\": {\"left\": {\"name\": \"WORK_SALARY\", \"type\": \"REFERENCE\"}, \"type\": \"ADD\", \"right\": {\"name\": \"TOTAL_REWARD\", \"type\": \"VARIABLE\"}}, \"type\": \"ADD\", \"right\": {\"left\": {\"name\": \"TOTAL_OT_CONVERTED\", \"type\": \"VARIABLE\"}, \"type\": \"MUL\", \"right\": {\"name\": \"HOURLY_MONEY\", \"type\": \"VARIABLE\"}}}, \"type\": \"ADD\", \"right\": {\"name\": \"NIGHT_MONEY\", \"type\": \"REFERENCE\"}}, \"type\": \"SUB\", \"right\": {\"name\": \"TOTAL_PENALTY\", \"type\": \"VARIABLE\"}}', '2025-12-30 00:34:19'),
(31, 3, 5, '{\"left\": {\"left\": {\"left\": {\"left\": {\"name\": \"TOTAL_ALLOWANCE\", \"type\": \"REFERENCE\"}, \"type\": \"ADD\", \"right\": {\"name\": \"TOTAL_REWARD\", \"type\": \"VARIABLE\"}}, \"type\": \"ADD\", \"right\": {\"left\": {\"name\": \"TOTAL_OT_CONVERTED\", \"type\": \"VARIABLE\"}, \"type\": \"MUL\", \"right\": {\"name\": \"HOURLY_MONEY\", \"type\": \"VARIABLE\"}}}, \"type\": \"ADD\", \"right\": {\"name\": \"NIGHT_MONEY\", \"type\": \"REFERENCE\"}}, \"type\": \"SUB\", \"right\": {\"name\": \"TOTAL_PENALTY\", \"type\": \"VARIABLE\"}}', '2025-12-30 00:36:01'),
(32, 3, 6, '{\"left\": {\"left\": {\"left\": {\"left\": {\"name\": \"WORK_SALARY\", \"type\": \"REFERENCE\"}, \"type\": \"ADD\", \"right\": {\"name\": \"TOTAL_REWARD\", \"type\": \"VARIABLE\"}}, \"type\": \"ADD\", \"right\": {\"left\": {\"name\": \"TOTAL_OT_CONVERTED\", \"type\": \"VARIABLE\"}, \"type\": \"MUL\", \"right\": {\"name\": \"HOURLY_MONEY\", \"type\": \"VARIABLE\"}}}, \"type\": \"ADD\", \"right\": {\"name\": \"NIGHT_MONEY\", \"type\": \"REFERENCE\"}}, \"type\": \"SUB\", \"right\": {\"name\": \"TOTAL_PENALTY\", \"type\": \"VARIABLE\"}}', '2025-12-30 00:47:01'),
(33, 3, 7, '{\"left\": {\"left\": {\"left\": {\"name\": \"WORK_SALARY\", \"type\": \"REFERENCE\"}, \"type\": \"ADD\", \"right\": {\"left\": {\"name\": \"TOTAL_OT_CONVERTED\", \"type\": \"VARIABLE\"}, \"type\": \"MUL\", \"right\": {\"name\": \"HOURLY_MONEY\", \"type\": \"VARIABLE\"}}}, \"type\": \"ADD\", \"right\": {\"name\": \"NIGHT_MONEY\", \"type\": \"REFERENCE\"}}, \"type\": \"SUB\", \"right\": {\"name\": \"TOTAL_PENALTY\", \"type\": \"VARIABLE\"}}', '2025-12-30 15:10:16'),
(34, 3, 8, '{\"left\": {\"left\": {\"left\": {\"left\": {\"name\": \"WORK_SALARY\", \"type\": \"REFERENCE\", \"value\": 0}, \"name\": \"WORK_SALARY\", \"type\": \"ADD\", \"right\": {\"name\": \"TOTAL_REWARD\", \"type\": \"VARIABLE\", \"value\": 0}}, \"type\": \"ADD\", \"right\": {\"left\": {\"name\": \"TOTAL_OT_CONVERTED\", \"type\": \"VARIABLE\"}, \"type\": \"MUL\", \"right\": {\"name\": \"HOURLY_MONEY\", \"type\": \"VARIABLE\"}}}, \"type\": \"ADD\", \"right\": {\"name\": \"NIGHT_MONEY\", \"type\": \"REFERENCE\"}}, \"type\": \"SUB\", \"right\": {\"name\": \"TOTAL_PENALTY\", \"type\": \"VARIABLE\"}}', '2025-12-30 16:05:51'),
(35, 1, 2, '{\"left\": {\"left\": {\"name\": \"BASE_SALARY\", \"type\": \"VARIABLE\"}, \"type\": \"DIV\", \"right\": {\"name\": \"STD_DAYS\", \"type\": \"VARIABLE\"}}, \"type\": \"MUL\", \"right\": {\"name\": \"REAL_WORK_DAYS\", \"type\": \"VARIABLE\"}}', '2025-12-31 00:07:05'),
(36, 1, 3, '{\"left\": {\"left\": {\"name\": \"BASE_SALARY\", \"type\": \"VARIABLE\"}, \"type\": \"DIV\", \"right\": {\"name\": \"STD_DAYS\", \"type\": \"VARIABLE\"}}, \"type\": \"MUL\", \"right\": {\"name\": \"REAL_WORK_DAYS\", \"type\": \"VARIABLE\"}}', '2025-12-31 00:07:32'),
(37, 1, 4, '{\"left\": {\"left\": {\"name\": \"BASE_SALARY\", \"type\": \"VARIABLE\"}, \"type\": \"DIV\", \"right\": {\"name\": \"STD_DAYS\", \"type\": \"VARIABLE\"}}, \"type\": \"MUL\", \"right\": {\"name\": \"REAL_WORK_DAYS\", \"type\": \"VARIABLE\"}}', '2025-12-31 00:08:46'),
(38, 1, 5, '{\"left\": {\"left\": {\"left\": {\"name\": \"BASE_SALARY\", \"type\": \"VARIABLE\"}, \"type\": \"ADD\", \"right\": {\"name\": \"TOTAL_REWARD\", \"type\": \"VARIABLE\"}}, \"type\": \"DIV\", \"right\": {\"name\": \"STD_DAYS\", \"type\": \"VARIABLE\"}}, \"type\": \"MUL\", \"right\": {\"name\": \"REAL_WORK_DAYS\", \"type\": \"VARIABLE\"}}', '2025-12-31 00:09:28'),
(39, 1, 6, '{\"left\": {\"left\": {\"name\": \"BASE_SALARY\", \"type\": \"VARIABLE\"}, \"type\": \"DIV\", \"right\": {\"name\": \"STD_DAYS\", \"type\": \"VARIABLE\"}}, \"type\": \"MUL\", \"right\": {\"name\": \"REAL_WORK_DAYS\", \"type\": \"VARIABLE\"}}', '2025-12-31 00:12:03'),
(40, 1, 7, '{\"left\": {\"left\": {\"left\": {\"name\": \"BASE_SALARY\", \"type\": \"VARIABLE\"}, \"type\": \"ADD\", \"right\": {\"name\": \"TOTAL_ALLOWANCE\", \"type\": \"VARIABLE\"}}, \"type\": \"DIV\", \"right\": {\"name\": \"STD_DAYS\", \"type\": \"VARIABLE\"}}, \"type\": \"MUL\", \"right\": {\"name\": \"REAL_WORK_DAYS\", \"type\": \"VARIABLE\"}}', '2025-12-31 00:14:15');

-- --------------------------------------------------------

--
-- Cáș„u trĂșc báșŁng cho báșŁng `salary_variable_cache`
--

DROP TABLE IF EXISTS `salary_variable_cache`;
CREATE TABLE IF NOT EXISTS `salary_variable_cache` (
  `cache_id` int NOT NULL AUTO_INCREMENT,
  `variable_id` int DEFAULT NULL COMMENT 'FK tá»i salaryvariables (Input)',
  `rule_id` int DEFAULT NULL COMMENT 'FK tá»i salary_rule (Output/Formula)',
  `employee_id` int DEFAULT NULL,
  `payperiod` varchar(7) COLLATE utf8mb4_unicode_ci DEFAULT NULL,
  `value` decimal(20,4) DEFAULT NULL,
  `evaluated_at` datetime DEFAULT NULL,
  PRIMARY KEY (`cache_id`),
  UNIQUE KEY `UQ_Cache_Var` (`variable_id`,`employee_id`,`payperiod`),
  UNIQUE KEY `UQ_Cache_Rule` (`rule_id`,`employee_id`,`payperiod`),
  KEY `FK_Cache_Employee` (`employee_id`)
) ENGINE=InnoDB AUTO_INCREMENT=10999 DEFAULT CHARSET=utf8mb4 COLLATE=utf8mb4_unicode_ci;

--
-- Äang Äá» dá»Ż liá»u cho báșŁng `salary_variable_cache`
--

INSERT INTO `salary_variable_cache` (`cache_id`, `variable_id`, `rule_id`, `employee_id`, `payperiod`, `value`, `evaluated_at`) VALUES
(1, 39, NULL, 1, '2025-12', 0.3000, '2025-12-18 15:07:58'),
(2, 26, NULL, 1, '2025-12', 4400000.0000, '2025-12-18 15:07:58'),
(3, 35, NULL, 1, '2025-12', 0.0100, '2025-12-18 15:07:58'),
(4, 25, NULL, 1, '2025-12', 11000000.0000, '2025-12-18 15:07:58'),
(5, 36, NULL, 1, '2025-12', 0.1750, '2025-12-18 15:07:58'),
(6, 34, NULL, 1, '2025-12', 0.0150, '2025-12-18 15:07:58'),
(7, 14, NULL, 1, '2025-12', 2340000.0000, '2025-12-18 15:07:58'),
(8, 13, NULL, 1, '2025-12', 2.0000, '2025-12-18 15:07:58'),
(9, 17, NULL, 1, '2025-12', 1000000.0000, '2025-12-18 15:07:58'),
(10, 3, NULL, 1, '2025-12', 0.0000, '2025-12-18 15:07:58'),
(11, 29, NULL, 1, '2025-12', 0.0000, '2025-12-18 15:07:58'),
(12, 10, NULL, 1, '2025-12', 730000.0000, '2025-12-18 15:07:58'),
(13, 2, NULL, 1, '2025-12', 26.0000, '2025-12-18 15:07:58'),
(14, 7, NULL, 1, '2025-12', 0.0000, '2025-12-18 15:07:58'),
(15, 15, NULL, 1, '2025-12', 4960000.0000, '2025-12-18 15:07:58'),
(16, 4, NULL, 1, '2025-12', 3730000.0000, '2025-12-18 15:07:58'),
(17, 16, NULL, 1, '2025-12', 20.0000, '2025-12-18 15:07:58'),
(18, 5, NULL, 1, '2025-12', 0.0000, '2025-12-18 15:07:58'),
(19, 27, NULL, 1, '2025-12', 158653.8462, '2025-12-18 15:07:58'),
(20, 6, NULL, 1, '2025-12', 0.0000, '2025-12-18 15:07:58'),
(21, 8, NULL, 1, '2025-12', 30000000.0000, '2025-12-18 15:07:58'),
(22, 33, NULL, 1, '2025-12', 0.0800, '2025-12-18 15:07:58'),
(23, 38, NULL, 1, '2025-12', 0.0100, '2025-12-18 15:07:58'),
(24, 37, NULL, 1, '2025-12', 0.0300, '2025-12-18 15:07:58'),
(25, 1, NULL, 1, '2025-12', 30000000.0000, '2025-12-18 15:07:58'),
(26, 11, NULL, 1, '2025-12', 19800000.0000, '2025-12-18 15:07:58'),
(27, NULL, 1, 1, '2025-12', 0.0000, '2025-12-18 15:07:58'),
(28, NULL, 27, 1, '2025-12', 0.0000, '2025-12-18 15:07:58'),
(29, NULL, 3, 1, '2025-12', 0.0000, '2025-12-18 15:07:58'),
(30, NULL, 20, 1, '2025-12', 2400000.0000, '2025-12-18 15:07:58'),
(31, NULL, 21, 1, '2025-12', 450000.0000, '2025-12-18 15:07:58'),
(32, NULL, 22, 1, '2025-12', 300000.0000, '2025-12-18 15:07:58'),
(33, NULL, 4, 1, '2025-12', -23680000.0000, '2025-12-18 15:07:58'),
(34, NULL, 5, 1, '2025-12', 0.0000, '2025-12-18 15:07:58'),
(35, NULL, 19, 1, '2025-12', 0.0000, '2025-12-18 15:07:58'),
(36, NULL, 24, 1, '2025-12', 5250000.0000, '2025-12-18 15:07:58'),
(37, NULL, 25, 1, '2025-12', 900000.0000, '2025-12-18 15:07:58'),
(38, NULL, 26, 1, '2025-12', 300000.0000, '2025-12-18 15:07:58'),
(39, NULL, 6, 1, '2025-12', -3150000.0000, '2025-12-18 15:07:58'),
(40, 39, NULL, 2, '2025-12', 0.3000, '2025-12-18 15:07:58'),
(41, 26, NULL, 2, '2025-12', 4400000.0000, '2025-12-18 15:07:58'),
(42, 35, NULL, 2, '2025-12', 0.0100, '2025-12-18 15:07:58'),
(43, 25, NULL, 2, '2025-12', 11000000.0000, '2025-12-18 15:07:58'),
(44, 36, NULL, 2, '2025-12', 0.1750, '2025-12-18 15:07:58'),
(45, 34, NULL, 2, '2025-12', 0.0150, '2025-12-18 15:07:58'),
(46, 14, NULL, 2, '2025-12', 2340000.0000, '2025-12-18 15:07:58'),
(47, 13, NULL, 2, '2025-12', 1.0000, '2025-12-18 15:07:58'),
(48, 17, NULL, 2, '2025-12', 1000000.0000, '2025-12-18 15:07:58'),
(49, 3, NULL, 2, '2025-12', 0.0000, '2025-12-18 15:07:58'),
(50, 29, NULL, 2, '2025-12', 0.0000, '2025-12-18 15:07:58'),
(51, 10, NULL, 2, '2025-12', 730000.0000, '2025-12-18 15:07:58'),
(52, 2, NULL, 2, '2025-12', 26.0000, '2025-12-18 15:07:58'),
(53, 7, NULL, 2, '2025-12', 0.0000, '2025-12-18 15:07:58'),
(54, 15, NULL, 2, '2025-12', 4960000.0000, '2025-12-18 15:07:58'),
(55, 4, NULL, 2, '2025-12', 730000.0000, '2025-12-18 15:07:58'),
(56, 16, NULL, 2, '2025-12', 20.0000, '2025-12-18 15:07:58'),
(57, 5, NULL, 2, '2025-12', 0.0000, '2025-12-18 15:07:58'),
(58, 27, NULL, 2, '2025-12', 72115.3846, '2025-12-18 15:07:58'),
(59, 6, NULL, 2, '2025-12', 0.0000, '2025-12-18 15:07:58'),
(60, 8, NULL, 2, '2025-12', 15000000.0000, '2025-12-18 15:07:58'),
(61, 33, NULL, 2, '2025-12', 0.0800, '2025-12-18 15:07:58'),
(62, 38, NULL, 2, '2025-12', 0.0100, '2025-12-18 15:07:58'),
(63, 37, NULL, 2, '2025-12', 0.0300, '2025-12-18 15:07:58'),
(64, 1, NULL, 2, '2025-12', 15000000.0000, '2025-12-18 15:07:58'),
(65, 11, NULL, 2, '2025-12', 15400000.0000, '2025-12-18 15:07:58'),
(66, NULL, 1, 2, '2025-12', 0.0000, '2025-12-18 15:07:58'),
(67, NULL, 27, 2, '2025-12', 0.0000, '2025-12-18 15:07:58'),
(68, NULL, 3, 2, '2025-12', 0.0000, '2025-12-18 15:07:58'),
(69, NULL, 20, 2, '2025-12', 1200000.0000, '2025-12-18 15:07:58'),
(70, NULL, 21, 2, '2025-12', 225000.0000, '2025-12-18 15:07:58'),
(71, NULL, 22, 2, '2025-12', 150000.0000, '2025-12-18 15:07:58'),
(72, NULL, 4, 2, '2025-12', -17705000.0000, '2025-12-18 15:07:58'),
(73, NULL, 5, 2, '2025-12', 0.0000, '2025-12-18 15:07:58'),
(74, NULL, 19, 2, '2025-12', 0.0000, '2025-12-18 15:07:58'),
(75, NULL, 24, 2, '2025-12', 2625000.0000, '2025-12-18 15:07:58'),
(76, NULL, 25, 2, '2025-12', 450000.0000, '2025-12-18 15:07:58'),
(77, NULL, 26, 2, '2025-12', 150000.0000, '2025-12-18 15:07:58'),
(78, NULL, 6, 2, '2025-12', -1575000.0000, '2025-12-18 15:07:58'),
(79, 39, NULL, 3, '2025-12', 0.3000, '2025-12-18 15:07:58'),
(80, 26, NULL, 3, '2025-12', 4400000.0000, '2025-12-18 15:07:58'),
(81, 35, NULL, 3, '2025-12', 0.0100, '2025-12-18 15:07:58'),
(82, 25, NULL, 3, '2025-12', 11000000.0000, '2025-12-18 15:07:58'),
(83, 36, NULL, 3, '2025-12', 0.1750, '2025-12-18 15:07:58'),
(84, 34, NULL, 3, '2025-12', 0.0150, '2025-12-18 15:07:58'),
(85, 14, NULL, 3, '2025-12', 2340000.0000, '2025-12-18 15:07:58'),
(86, 13, NULL, 3, '2025-12', 1.0000, '2025-12-18 15:07:58'),
(87, 17, NULL, 3, '2025-12', 1000000.0000, '2025-12-18 15:07:58'),
(88, 3, NULL, 3, '2025-12', 0.0000, '2025-12-18 15:07:58'),
(89, 29, NULL, 3, '2025-12', 0.0000, '2025-12-18 15:07:58'),
(90, 10, NULL, 3, '2025-12', 730000.0000, '2025-12-18 15:07:58'),
(91, 2, NULL, 3, '2025-12', 26.0000, '2025-12-18 15:07:58'),
(92, 7, NULL, 3, '2025-12', 0.0000, '2025-12-18 15:07:58'),
(93, 15, NULL, 3, '2025-12', 4960000.0000, '2025-12-18 15:07:58'),
(94, 4, NULL, 3, '2025-12', 3730000.0000, '2025-12-18 15:07:58'),
(95, 16, NULL, 3, '2025-12', 20.0000, '2025-12-18 15:07:58'),
(96, 5, NULL, 3, '2025-12', 0.0000, '2025-12-18 15:07:58'),
(97, 27, NULL, 3, '2025-12', 134615.3846, '2025-12-18 15:07:58'),
(98, 6, NULL, 3, '2025-12', 0.0000, '2025-12-18 15:07:58'),
(99, 8, NULL, 3, '2025-12', 25000000.0000, '2025-12-18 15:07:58'),
(100, 33, NULL, 3, '2025-12', 0.0800, '2025-12-18 15:07:58'),
(101, 38, NULL, 3, '2025-12', 0.0100, '2025-12-18 15:07:58'),
(102, 37, NULL, 3, '2025-12', 0.0300, '2025-12-18 15:07:58'),
(103, 1, NULL, 3, '2025-12', 25000000.0000, '2025-12-18 15:07:58'),
(104, 11, NULL, 3, '2025-12', 15400000.0000, '2025-12-18 15:07:58'),
(105, NULL, 1, 3, '2025-12', 0.0000, '2025-12-18 15:07:58'),
(106, NULL, 27, 3, '2025-12', 0.0000, '2025-12-18 15:07:58'),
(107, NULL, 3, 3, '2025-12', 0.0000, '2025-12-18 15:07:58'),
(108, NULL, 20, 3, '2025-12', 2000000.0000, '2025-12-18 15:07:58'),
(109, NULL, 21, 3, '2025-12', 375000.0000, '2025-12-18 15:07:58'),
(110, NULL, 22, 3, '2025-12', 250000.0000, '2025-12-18 15:07:58'),
(111, NULL, 4, 3, '2025-12', -18755000.0000, '2025-12-18 15:07:58'),
(112, NULL, 5, 3, '2025-12', 0.0000, '2025-12-18 15:07:58'),
(113, NULL, 19, 3, '2025-12', 0.0000, '2025-12-18 15:07:58'),
(114, NULL, 24, 3, '2025-12', 4375000.0000, '2025-12-18 15:07:58'),
(115, NULL, 25, 3, '2025-12', 750000.0000, '2025-12-18 15:07:58'),
(116, NULL, 26, 3, '2025-12', 250000.0000, '2025-12-18 15:07:58'),
(117, NULL, 6, 3, '2025-12', -2625000.0000, '2025-12-18 15:07:58'),
(118, 39, NULL, 4, '2025-12', 0.3000, '2025-12-18 15:07:58'),
(119, 26, NULL, 4, '2025-12', 4400000.0000, '2025-12-18 15:07:58'),
(120, 35, NULL, 4, '2025-12', 0.0100, '2025-12-18 15:07:58'),
(121, 25, NULL, 4, '2025-12', 11000000.0000, '2025-12-18 15:07:58'),
(122, 36, NULL, 4, '2025-12', 0.1750, '2025-12-18 15:07:58'),
(123, 34, NULL, 4, '2025-12', 0.0150, '2025-12-18 15:07:58'),
(124, 14, NULL, 4, '2025-12', 2340000.0000, '2025-12-18 15:07:58'),
(125, 13, NULL, 4, '2025-12', 1.0000, '2025-12-18 15:07:58'),
(126, 17, NULL, 4, '2025-12', 1000000.0000, '2025-12-18 15:07:58'),
(127, 3, NULL, 4, '2025-12', 0.0000, '2025-12-18 15:07:58'),
(128, 29, NULL, 4, '2025-12', 0.0000, '2025-12-18 15:07:58'),
(129, 10, NULL, 4, '2025-12', 730000.0000, '2025-12-18 15:07:58'),
(130, 2, NULL, 4, '2025-12', 26.0000, '2025-12-18 15:07:58'),
(131, 7, NULL, 4, '2025-12', 0.0000, '2025-12-18 15:07:58'),
(132, 15, NULL, 4, '2025-12', 4960000.0000, '2025-12-18 15:07:58'),
(133, 4, NULL, 4, '2025-12', 1130000.0000, '2025-12-18 15:07:58'),
(134, 16, NULL, 4, '2025-12', 20.0000, '2025-12-18 15:07:58'),
(135, 5, NULL, 4, '2025-12', 0.0000, '2025-12-18 15:07:58'),
(136, 27, NULL, 4, '2025-12', 59615.3846, '2025-12-18 15:07:58'),
(137, 6, NULL, 4, '2025-12', 0.0000, '2025-12-18 15:07:58'),
(138, 8, NULL, 4, '2025-12', 12000000.0000, '2025-12-18 15:07:58'),
(139, 33, NULL, 4, '2025-12', 0.0800, '2025-12-18 15:07:58'),
(140, 38, NULL, 4, '2025-12', 0.0100, '2025-12-18 15:07:58'),
(141, 37, NULL, 4, '2025-12', 0.0300, '2025-12-18 15:07:58'),
(142, 1, NULL, 4, '2025-12', 12000000.0000, '2025-12-18 15:07:58'),
(143, 11, NULL, 4, '2025-12', 15400000.0000, '2025-12-18 15:07:58'),
(144, NULL, 1, 4, '2025-12', 0.0000, '2025-12-18 15:07:58'),
(145, NULL, 27, 4, '2025-12', 0.0000, '2025-12-18 15:07:58'),
(146, NULL, 3, 4, '2025-12', 0.0000, '2025-12-18 15:07:58'),
(147, NULL, 20, 4, '2025-12', 960000.0000, '2025-12-18 15:07:58'),
(148, NULL, 21, 4, '2025-12', 180000.0000, '2025-12-18 15:07:58'),
(149, NULL, 22, 4, '2025-12', 120000.0000, '2025-12-18 15:07:58'),
(150, NULL, 4, 4, '2025-12', -17390000.0000, '2025-12-18 15:07:58'),
(151, NULL, 5, 4, '2025-12', 0.0000, '2025-12-18 15:07:58'),
(152, NULL, 19, 4, '2025-12', 0.0000, '2025-12-18 15:07:58'),
(153, NULL, 24, 4, '2025-12', 2100000.0000, '2025-12-18 15:07:58'),
(154, NULL, 25, 4, '2025-12', 360000.0000, '2025-12-18 15:07:58'),
(155, NULL, 26, 4, '2025-12', 120000.0000, '2025-12-18 15:07:58'),
(156, NULL, 6, 4, '2025-12', -1260000.0000, '2025-12-18 15:07:58'),
(157, 39, NULL, 5, '2025-12', 0.3000, '2025-12-18 15:07:58'),
(158, 26, NULL, 5, '2025-12', 4400000.0000, '2025-12-18 15:07:58'),
(159, 35, NULL, 5, '2025-12', 0.0100, '2025-12-18 15:07:58'),
(160, 25, NULL, 5, '2025-12', 11000000.0000, '2025-12-18 15:07:58'),
(161, 36, NULL, 5, '2025-12', 0.1750, '2025-12-18 15:07:58'),
(162, 34, NULL, 5, '2025-12', 0.0150, '2025-12-18 15:07:58'),
(163, 14, NULL, 5, '2025-12', 2340000.0000, '2025-12-18 15:07:58'),
(164, 13, NULL, 5, '2025-12', 2.0000, '2025-12-18 15:07:58'),
(165, 17, NULL, 5, '2025-12', 1000000.0000, '2025-12-18 15:07:58'),
(166, 3, NULL, 5, '2025-12', 0.0000, '2025-12-18 15:07:58'),
(167, 29, NULL, 5, '2025-12', 0.0000, '2025-12-18 15:07:58'),
(168, 10, NULL, 5, '2025-12', 3730000.0000, '2025-12-18 15:07:58'),
(169, 2, NULL, 5, '2025-12', 26.0000, '2025-12-18 15:07:58'),
(170, 7, NULL, 5, '2025-12', 0.0000, '2025-12-18 15:07:58'),
(171, 15, NULL, 5, '2025-12', 4960000.0000, '2025-12-18 15:07:58'),
(172, 4, NULL, 5, '2025-12', 3730000.0000, '2025-12-18 15:07:58'),
(173, 16, NULL, 5, '2025-12', 20.0000, '2025-12-18 15:07:58'),
(174, 5, NULL, 5, '2025-12', 3000000.0000, '2025-12-18 15:07:58'),
(175, 27, NULL, 5, '2025-12', 120192.3077, '2025-12-18 15:07:58'),
(176, 6, NULL, 5, '2025-12', 0.0000, '2025-12-18 15:07:58'),
(177, 8, NULL, 5, '2025-12', 22000000.0000, '2025-12-18 15:07:58'),
(178, 33, NULL, 5, '2025-12', 0.0800, '2025-12-18 15:07:58'),
(179, 38, NULL, 5, '2025-12', 0.0100, '2025-12-18 15:07:58'),
(180, 37, NULL, 5, '2025-12', 0.0300, '2025-12-18 15:07:58'),
(181, 1, NULL, 5, '2025-12', 22000000.0000, '2025-12-18 15:07:58'),
(182, 11, NULL, 5, '2025-12', 19800000.0000, '2025-12-18 15:07:58'),
(183, NULL, 1, 5, '2025-12', 0.0000, '2025-12-18 15:07:58'),
(184, NULL, 27, 5, '2025-12', 0.0000, '2025-12-18 15:07:58'),
(185, NULL, 3, 5, '2025-12', 3000000.0000, '2025-12-18 15:07:58'),
(186, NULL, 20, 5, '2025-12', 1760000.0000, '2025-12-18 15:07:58'),
(187, NULL, 21, 5, '2025-12', 330000.0000, '2025-12-18 15:07:58'),
(188, NULL, 22, 5, '2025-12', 220000.0000, '2025-12-18 15:07:58'),
(189, NULL, 4, 5, '2025-12', -22840000.0000, '2025-12-18 15:07:58'),
(190, NULL, 5, 5, '2025-12', 0.0000, '2025-12-18 15:07:58'),
(191, NULL, 19, 5, '2025-12', 0.0000, '2025-12-18 15:07:58'),
(192, NULL, 24, 5, '2025-12', 3850000.0000, '2025-12-18 15:07:58'),
(193, NULL, 25, 5, '2025-12', 660000.0000, '2025-12-18 15:07:58'),
(194, NULL, 26, 5, '2025-12', 220000.0000, '2025-12-18 15:07:58'),
(195, NULL, 6, 5, '2025-12', 690000.0000, '2025-12-18 15:07:58'),
(196, 39, NULL, 6, '2025-12', 0.3000, '2025-12-18 15:07:58'),
(197, 26, NULL, 6, '2025-12', 4400000.0000, '2025-12-18 15:07:58'),
(198, 35, NULL, 6, '2025-12', 0.0100, '2025-12-18 15:07:58'),
(199, 25, NULL, 6, '2025-12', 11000000.0000, '2025-12-18 15:07:58'),
(200, 36, NULL, 6, '2025-12', 0.1750, '2025-12-18 15:07:58'),
(201, 34, NULL, 6, '2025-12', 0.0150, '2025-12-18 15:07:58'),
(202, 14, NULL, 6, '2025-12', 2340000.0000, '2025-12-18 15:07:58'),
(203, 13, NULL, 6, '2025-12', 1.0000, '2025-12-18 15:07:58'),
(204, 17, NULL, 6, '2025-12', 1000000.0000, '2025-12-18 15:07:58'),
(205, 3, NULL, 6, '2025-12', 0.0000, '2025-12-18 15:07:58'),
(206, 29, NULL, 6, '2025-12', 0.0000, '2025-12-18 15:07:58'),
(207, 10, NULL, 6, '2025-12', 1230000.0000, '2025-12-18 15:07:59'),
(208, 2, NULL, 6, '2025-12', 26.0000, '2025-12-18 15:07:59'),
(209, 7, NULL, 6, '2025-12', 0.0000, '2025-12-18 15:07:59'),
(210, 15, NULL, 6, '2025-12', 4960000.0000, '2025-12-18 15:07:59'),
(211, 4, NULL, 6, '2025-12', 1230000.0000, '2025-12-18 15:07:59'),
(212, 16, NULL, 6, '2025-12', 20.0000, '2025-12-18 15:07:59'),
(213, 5, NULL, 6, '2025-12', 0.0000, '2025-12-18 15:07:59'),
(214, 27, NULL, 6, '2025-12', 50480.7692, '2025-12-18 15:07:59'),
(215, 6, NULL, 6, '2025-12', 0.0000, '2025-12-18 15:07:59'),
(216, 8, NULL, 6, '2025-12', 10000000.0000, '2025-12-18 15:07:59'),
(217, 33, NULL, 6, '2025-12', 0.0800, '2025-12-18 15:07:59'),
(218, 38, NULL, 6, '2025-12', 0.0100, '2025-12-18 15:07:59'),
(219, 37, NULL, 6, '2025-12', 0.0300, '2025-12-18 15:07:59'),
(220, 1, NULL, 6, '2025-12', 10000000.0000, '2025-12-18 15:07:59'),
(221, 11, NULL, 6, '2025-12', 15400000.0000, '2025-12-18 15:07:59'),
(222, NULL, 1, 6, '2025-12', 0.0000, '2025-12-18 15:07:59'),
(223, NULL, 27, 6, '2025-12', 0.0000, '2025-12-18 15:07:59'),
(224, NULL, 3, 6, '2025-12', 0.0000, '2025-12-18 15:07:59'),
(225, NULL, 20, 6, '2025-12', 800000.0000, '2025-12-18 15:07:59'),
(226, NULL, 21, 6, '2025-12', 150000.0000, '2025-12-18 15:07:59'),
(227, NULL, 22, 6, '2025-12', 100000.0000, '2025-12-18 15:07:59'),
(228, NULL, 4, 6, '2025-12', -17680000.0000, '2025-12-18 15:07:59'),
(229, NULL, 5, 6, '2025-12', 0.0000, '2025-12-18 15:07:59'),
(230, NULL, 19, 6, '2025-12', 0.0000, '2025-12-18 15:07:59'),
(231, NULL, 24, 6, '2025-12', 1750000.0000, '2025-12-18 15:07:59'),
(232, NULL, 25, 6, '2025-12', 300000.0000, '2025-12-18 15:07:59'),
(233, NULL, 26, 6, '2025-12', 100000.0000, '2025-12-18 15:07:59'),
(234, NULL, 6, 6, '2025-12', -1050000.0000, '2025-12-18 15:07:59'),
(235, 39, NULL, 7, '2025-12', 0.3000, '2025-12-18 15:07:59'),
(236, 26, NULL, 7, '2025-12', 4400000.0000, '2025-12-18 15:07:59'),
(237, 35, NULL, 7, '2025-12', 0.0100, '2025-12-18 15:07:59'),
(238, 25, NULL, 7, '2025-12', 11000000.0000, '2025-12-18 15:07:59'),
(239, 36, NULL, 7, '2025-12', 0.1750, '2025-12-18 15:07:59'),
(240, 34, NULL, 7, '2025-12', 0.0150, '2025-12-18 15:07:59'),
(241, 14, NULL, 7, '2025-12', 2340000.0000, '2025-12-18 15:07:59'),
(242, 13, NULL, 7, '2025-12', 1.0000, '2025-12-18 15:07:59'),
(243, 17, NULL, 7, '2025-12', 1000000.0000, '2025-12-18 15:07:59'),
(244, 3, NULL, 7, '2025-12', 0.0000, '2025-12-18 15:07:59'),
(245, 29, NULL, 7, '2025-12', 0.0000, '2025-12-18 15:07:59'),
(246, 10, NULL, 7, '2025-12', 730000.0000, '2025-12-18 15:07:59'),
(247, 2, NULL, 7, '2025-12', 26.0000, '2025-12-18 15:07:59'),
(248, 7, NULL, 7, '2025-12', 0.0000, '2025-12-18 15:07:59'),
(249, 15, NULL, 7, '2025-12', 4960000.0000, '2025-12-18 15:07:59'),
(250, 4, NULL, 7, '2025-12', 3730000.0000, '2025-12-18 15:07:59'),
(251, 16, NULL, 7, '2025-12', 20.0000, '2025-12-18 15:07:59'),
(252, 5, NULL, 7, '2025-12', 0.0000, '2025-12-18 15:07:59'),
(253, 27, NULL, 7, '2025-12', 110576.9231, '2025-12-18 15:07:59'),
(254, 6, NULL, 7, '2025-12', 0.0000, '2025-12-18 15:07:59'),
(255, 8, NULL, 7, '2025-12', 20000000.0000, '2025-12-18 15:07:59'),
(256, 33, NULL, 7, '2025-12', 0.0800, '2025-12-18 15:07:59'),
(257, 38, NULL, 7, '2025-12', 0.0100, '2025-12-18 15:07:59'),
(258, 37, NULL, 7, '2025-12', 0.0300, '2025-12-18 15:07:59'),
(259, 1, NULL, 7, '2025-12', 20000000.0000, '2025-12-18 15:07:59'),
(260, 11, NULL, 7, '2025-12', 15400000.0000, '2025-12-18 15:07:59'),
(261, NULL, 1, 7, '2025-12', 0.0000, '2025-12-18 15:07:59'),
(262, NULL, 27, 7, '2025-12', 0.0000, '2025-12-18 15:07:59'),
(263, NULL, 3, 7, '2025-12', 0.0000, '2025-12-18 15:07:59'),
(264, NULL, 20, 7, '2025-12', 1600000.0000, '2025-12-18 15:07:59'),
(265, NULL, 21, 7, '2025-12', 300000.0000, '2025-12-18 15:07:59'),
(266, NULL, 22, 7, '2025-12', 200000.0000, '2025-12-18 15:07:59'),
(267, NULL, 4, 7, '2025-12', -18230000.0000, '2025-12-18 15:07:59'),
(268, NULL, 5, 7, '2025-12', 0.0000, '2025-12-18 15:07:59'),
(269, NULL, 19, 7, '2025-12', 0.0000, '2025-12-18 15:07:59'),
(270, NULL, 24, 7, '2025-12', 3500000.0000, '2025-12-18 15:07:59'),
(271, NULL, 25, 7, '2025-12', 600000.0000, '2025-12-18 15:07:59'),
(272, NULL, 26, 7, '2025-12', 200000.0000, '2025-12-18 15:07:59'),
(273, NULL, 6, 7, '2025-12', -2100000.0000, '2025-12-18 15:07:59'),
(274, 39, NULL, 8, '2025-12', 0.3000, '2025-12-18 15:07:59'),
(275, 26, NULL, 8, '2025-12', 4400000.0000, '2025-12-18 15:07:59'),
(276, 35, NULL, 8, '2025-12', 0.0100, '2025-12-18 15:07:59'),
(277, 25, NULL, 8, '2025-12', 11000000.0000, '2025-12-18 15:07:59'),
(278, 36, NULL, 8, '2025-12', 0.1750, '2025-12-18 15:07:59'),
(279, 34, NULL, 8, '2025-12', 0.0150, '2025-12-18 15:07:59'),
(280, 14, NULL, 8, '2025-12', 2340000.0000, '2025-12-18 15:07:59'),
(281, 13, NULL, 8, '2025-12', 1.0000, '2025-12-18 15:07:59'),
(282, 17, NULL, 8, '2025-12', 1000000.0000, '2025-12-18 15:07:59'),
(283, 3, NULL, 8, '2025-12', 0.0000, '2025-12-18 15:07:59'),
(284, 29, NULL, 8, '2025-12', 0.0000, '2025-12-18 15:07:59'),
(285, 10, NULL, 8, '2025-12', 1230000.0000, '2025-12-18 15:07:59'),
(286, 2, NULL, 8, '2025-12', 26.0000, '2025-12-18 15:07:59'),
(287, 7, NULL, 8, '2025-12', 0.0000, '2025-12-18 15:07:59'),
(288, 15, NULL, 8, '2025-12', 4960000.0000, '2025-12-18 15:07:59'),
(289, 4, NULL, 8, '2025-12', 1230000.0000, '2025-12-18 15:07:59'),
(290, 16, NULL, 8, '2025-12', 20.0000, '2025-12-18 15:07:59'),
(291, 5, NULL, 8, '2025-12', 0.0000, '2025-12-18 15:07:59'),
(292, 27, NULL, 8, '2025-12', 45673.0769, '2025-12-18 15:07:59'),
(293, 6, NULL, 8, '2025-12', 0.0000, '2025-12-18 15:07:59'),
(294, 8, NULL, 8, '2025-12', 9000000.0000, '2025-12-18 15:07:59'),
(295, 33, NULL, 8, '2025-12', 0.0800, '2025-12-18 15:07:59'),
(296, 38, NULL, 8, '2025-12', 0.0100, '2025-12-18 15:07:59'),
(297, 37, NULL, 8, '2025-12', 0.0300, '2025-12-18 15:07:59'),
(298, 1, NULL, 8, '2025-12', 9000000.0000, '2025-12-18 15:07:59'),
(299, 11, NULL, 8, '2025-12', 15400000.0000, '2025-12-18 15:07:59'),
(300, NULL, 1, 8, '2025-12', 0.0000, '2025-12-18 15:07:59'),
(301, NULL, 27, 8, '2025-12', 0.0000, '2025-12-18 15:07:59'),
(302, NULL, 3, 8, '2025-12', 0.0000, '2025-12-18 15:07:59'),
(303, NULL, 20, 8, '2025-12', 720000.0000, '2025-12-18 15:07:59'),
(304, NULL, 21, 8, '2025-12', 135000.0000, '2025-12-18 15:07:59'),
(305, NULL, 22, 8, '2025-12', 90000.0000, '2025-12-18 15:07:59'),
(306, NULL, 4, 8, '2025-12', -17575000.0000, '2025-12-18 15:07:59'),
(307, NULL, 5, 8, '2025-12', 0.0000, '2025-12-18 15:07:59'),
(308, NULL, 19, 8, '2025-12', 0.0000, '2025-12-18 15:07:59'),
(309, NULL, 24, 8, '2025-12', 1575000.0000, '2025-12-18 15:07:59'),
(310, NULL, 25, 8, '2025-12', 270000.0000, '2025-12-18 15:07:59'),
(311, NULL, 26, 8, '2025-12', 90000.0000, '2025-12-18 15:07:59'),
(312, NULL, 6, 8, '2025-12', -945000.0000, '2025-12-18 15:07:59'),
(313, 39, NULL, 9, '2025-12', 0.3000, '2025-12-18 15:07:59'),
(314, 26, NULL, 9, '2025-12', 4400000.0000, '2025-12-18 15:07:59'),
(315, 35, NULL, 9, '2025-12', 0.0100, '2025-12-18 15:07:59'),
(316, 25, NULL, 9, '2025-12', 11000000.0000, '2025-12-18 15:07:59'),
(317, 36, NULL, 9, '2025-12', 0.1750, '2025-12-18 15:07:59'),
(318, 34, NULL, 9, '2025-12', 0.0150, '2025-12-18 15:07:59'),
(319, 14, NULL, 9, '2025-12', 2340000.0000, '2025-12-18 15:07:59'),
(320, 13, NULL, 9, '2025-12', 2.0000, '2025-12-18 15:07:59'),
(321, 17, NULL, 9, '2025-12', 1000000.0000, '2025-12-18 15:07:59'),
(322, 3, NULL, 9, '2025-12', 0.0000, '2025-12-18 15:07:59'),
(323, 29, NULL, 9, '2025-12', 0.0000, '2025-12-18 15:07:59'),
(324, 10, NULL, 9, '2025-12', 1960000.0000, '2025-12-18 15:07:59'),
(325, 2, NULL, 9, '2025-12', 26.0000, '2025-12-18 15:07:59'),
(326, 7, NULL, 9, '2025-12', 0.0000, '2025-12-18 15:07:59'),
(327, 15, NULL, 9, '2025-12', 4960000.0000, '2025-12-18 15:07:59'),
(328, 4, NULL, 9, '2025-12', 6960000.0000, '2025-12-18 15:07:59'),
(329, 16, NULL, 9, '2025-12', 20.0000, '2025-12-18 15:07:59'),
(330, 5, NULL, 9, '2025-12', 0.0000, '2025-12-18 15:07:59'),
(331, 27, NULL, 9, '2025-12', 112980.7692, '2025-12-18 15:07:59'),
(332, 6, NULL, 9, '2025-12', 0.0000, '2025-12-18 15:07:59'),
(333, 8, NULL, 9, '2025-12', 18000000.0000, '2025-12-18 15:07:59'),
(334, 33, NULL, 9, '2025-12', 0.0800, '2025-12-18 15:07:59'),
(335, 38, NULL, 9, '2025-12', 0.0100, '2025-12-18 15:07:59'),
(336, 37, NULL, 9, '2025-12', 0.0300, '2025-12-18 15:07:59'),
(337, 1, NULL, 9, '2025-12', 18000000.0000, '2025-12-18 15:07:59'),
(338, 11, NULL, 9, '2025-12', 19800000.0000, '2025-12-18 15:07:59'),
(339, NULL, 1, 9, '2025-12', 0.0000, '2025-12-18 15:07:59'),
(340, NULL, 27, 9, '2025-12', 0.0000, '2025-12-18 15:07:59'),
(341, NULL, 3, 9, '2025-12', 0.0000, '2025-12-18 15:07:59'),
(342, NULL, 20, 9, '2025-12', 1440000.0000, '2025-12-18 15:07:59'),
(343, NULL, 21, 9, '2025-12', 270000.0000, '2025-12-18 15:07:59'),
(344, NULL, 22, 9, '2025-12', 180000.0000, '2025-12-18 15:07:59'),
(345, NULL, 4, 9, '2025-12', -23650000.0000, '2025-12-18 15:07:59'),
(346, NULL, 5, 9, '2025-12', 0.0000, '2025-12-18 15:07:59'),
(347, NULL, 19, 9, '2025-12', 0.0000, '2025-12-18 15:07:59'),
(348, NULL, 24, 9, '2025-12', 3150000.0000, '2025-12-18 15:07:59'),
(349, NULL, 25, 9, '2025-12', 540000.0000, '2025-12-18 15:07:59'),
(350, NULL, 26, 9, '2025-12', 180000.0000, '2025-12-18 15:07:59'),
(351, NULL, 6, 9, '2025-12', -1890000.0000, '2025-12-18 15:07:59'),
(352, 39, NULL, 10, '2025-12', 0.3000, '2025-12-18 15:07:59'),
(353, 26, NULL, 10, '2025-12', 4400000.0000, '2025-12-18 15:07:59'),
(354, 35, NULL, 10, '2025-12', 0.0100, '2025-12-18 15:07:59'),
(355, 25, NULL, 10, '2025-12', 11000000.0000, '2025-12-18 15:07:59'),
(356, 36, NULL, 10, '2025-12', 0.1750, '2025-12-18 15:07:59'),
(357, 34, NULL, 10, '2025-12', 0.0150, '2025-12-18 15:07:59'),
(358, 14, NULL, 10, '2025-12', 2340000.0000, '2025-12-18 15:07:59'),
(359, 13, NULL, 10, '2025-12', 1.0000, '2025-12-18 15:07:59'),
(360, 17, NULL, 10, '2025-12', 1000000.0000, '2025-12-18 15:07:59'),
(361, 3, NULL, 10, '2025-12', 0.0000, '2025-12-18 15:07:59'),
(362, 29, NULL, 10, '2025-12', 0.0000, '2025-12-18 15:07:59'),
(363, 10, NULL, 10, '2025-12', 2460000.0000, '2025-12-18 15:07:59'),
(364, 2, NULL, 10, '2025-12', 26.0000, '2025-12-18 15:07:59'),
(365, 7, NULL, 10, '2025-12', 0.0000, '2025-12-18 15:07:59'),
(366, 15, NULL, 10, '2025-12', 4960000.0000, '2025-12-18 15:07:59'),
(367, 4, NULL, 10, '2025-12', 1460000.0000, '2025-12-18 15:07:59'),
(368, 16, NULL, 10, '2025-12', 20.0000, '2025-12-18 15:07:59'),
(369, 5, NULL, 10, '2025-12', 1000000.0000, '2025-12-18 15:07:59'),
(370, 27, NULL, 10, '2025-12', 43269.2308, '2025-12-18 15:07:59'),
(371, 6, NULL, 10, '2025-12', 0.0000, '2025-12-18 15:07:59'),
(372, 8, NULL, 10, '2025-12', 9000000.0000, '2025-12-18 15:07:59'),
(373, 33, NULL, 10, '2025-12', 0.0800, '2025-12-18 15:07:59'),
(374, 38, NULL, 10, '2025-12', 0.0100, '2025-12-18 15:07:59'),
(375, 37, NULL, 10, '2025-12', 0.0300, '2025-12-18 15:07:59'),
(376, 1, NULL, 10, '2025-12', 9000000.0000, '2025-12-18 15:07:59'),
(377, 11, NULL, 10, '2025-12', 15400000.0000, '2025-12-18 15:07:59'),
(378, NULL, 1, 10, '2025-12', 0.0000, '2025-12-18 15:07:59'),
(379, NULL, 27, 10, '2025-12', 0.0000, '2025-12-18 15:07:59'),
(380, NULL, 3, 10, '2025-12', 1000000.0000, '2025-12-18 15:07:59'),
(381, NULL, 20, 10, '2025-12', 720000.0000, '2025-12-18 15:07:59'),
(382, NULL, 21, 10, '2025-12', 135000.0000, '2025-12-18 15:07:59'),
(383, NULL, 22, 10, '2025-12', 90000.0000, '2025-12-18 15:07:59'),
(384, NULL, 4, 10, '2025-12', -17805000.0000, '2025-12-18 15:07:59'),
(385, NULL, 5, 10, '2025-12', 0.0000, '2025-12-18 15:07:59'),
(386, NULL, 19, 10, '2025-12', 0.0000, '2025-12-18 15:07:59'),
(387, NULL, 24, 10, '2025-12', 1575000.0000, '2025-12-18 15:07:59'),
(388, NULL, 25, 10, '2025-12', 270000.0000, '2025-12-18 15:07:59'),
(389, NULL, 26, 10, '2025-12', 90000.0000, '2025-12-18 15:07:59'),
(390, NULL, 6, 10, '2025-12', 55000.0000, '2025-12-18 15:07:59'),
(391, 39, NULL, 11, '2025-12', 0.3000, '2025-12-18 15:07:59'),
(392, 26, NULL, 11, '2025-12', 4400000.0000, '2025-12-18 15:07:59'),
(393, 35, NULL, 11, '2025-12', 0.0100, '2025-12-18 15:07:59'),
(394, 25, NULL, 11, '2025-12', 11000000.0000, '2025-12-18 15:07:59'),
(395, 36, NULL, 11, '2025-12', 0.1750, '2025-12-18 15:07:59'),
(396, 34, NULL, 11, '2025-12', 0.0150, '2025-12-18 15:07:59'),
(397, 14, NULL, 11, '2025-12', 2340000.0000, '2025-12-18 15:07:59'),
(398, 13, NULL, 11, '2025-12', 1.0000, '2025-12-18 15:07:59'),
(399, 17, NULL, 11, '2025-12', 1000000.0000, '2025-12-18 15:07:59'),
(400, 3, NULL, 11, '2025-12', 0.0000, '2025-12-18 15:07:59'),
(401, 29, NULL, 11, '2025-12', 0.0000, '2025-12-18 15:07:59'),
(402, 10, NULL, 11, '2025-12', 730000.0000, '2025-12-18 15:07:59'),
(403, 2, NULL, 11, '2025-12', 26.0000, '2025-12-18 15:07:59'),
(404, 7, NULL, 11, '2025-12', 0.0000, '2025-12-18 15:07:59'),
(405, 15, NULL, 11, '2025-12', 4960000.0000, '2025-12-18 15:07:59'),
(406, 4, NULL, 11, '2025-12', 4130000.0000, '2025-12-18 15:07:59'),
(407, 16, NULL, 11, '2025-12', 20.0000, '2025-12-18 15:07:59'),
(408, 5, NULL, 11, '2025-12', 0.0000, '2025-12-18 15:07:59'),
(409, 27, NULL, 11, '2025-12', 98076.9231, '2025-12-18 15:07:59'),
(410, 6, NULL, 11, '2025-12', 0.0000, '2025-12-18 15:07:59'),
(411, 8, NULL, 11, '2025-12', 17000000.0000, '2025-12-18 15:07:59'),
(412, 33, NULL, 11, '2025-12', 0.0800, '2025-12-18 15:07:59'),
(413, 38, NULL, 11, '2025-12', 0.0100, '2025-12-18 15:07:59'),
(414, 37, NULL, 11, '2025-12', 0.0300, '2025-12-18 15:07:59'),
(415, 1, NULL, 11, '2025-12', 17000000.0000, '2025-12-18 15:07:59'),
(416, 11, NULL, 11, '2025-12', 15400000.0000, '2025-12-18 15:07:59'),
(417, NULL, 1, 11, '2025-12', 0.0000, '2025-12-18 15:07:59'),
(418, NULL, 27, 11, '2025-12', 0.0000, '2025-12-18 15:07:59'),
(419, NULL, 3, 11, '2025-12', 0.0000, '2025-12-18 15:07:59'),
(420, NULL, 20, 11, '2025-12', 1360000.0000, '2025-12-18 15:07:59'),
(421, NULL, 21, 11, '2025-12', 255000.0000, '2025-12-18 15:07:59'),
(422, NULL, 22, 11, '2025-12', 170000.0000, '2025-12-18 15:07:59'),
(423, NULL, 4, 11, '2025-12', -17915000.0000, '2025-12-18 15:07:59'),
(424, NULL, 5, 11, '2025-12', 0.0000, '2025-12-18 15:07:59'),
(425, NULL, 19, 11, '2025-12', 0.0000, '2025-12-18 15:07:59'),
(426, NULL, 24, 11, '2025-12', 2975000.0000, '2025-12-18 15:07:59'),
(427, NULL, 25, 11, '2025-12', 510000.0000, '2025-12-18 15:07:59'),
(428, NULL, 26, 11, '2025-12', 170000.0000, '2025-12-18 15:07:59'),
(429, NULL, 6, 11, '2025-12', -1785000.0000, '2025-12-18 15:07:59'),
(430, 39, NULL, 12, '2025-12', 0.3000, '2025-12-18 15:07:59'),
(431, 26, NULL, 12, '2025-12', 4400000.0000, '2025-12-18 15:07:59'),
(432, 35, NULL, 12, '2025-12', 0.0100, '2025-12-18 15:07:59'),
(433, 25, NULL, 12, '2025-12', 11000000.0000, '2025-12-18 15:07:59'),
(434, 36, NULL, 12, '2025-12', 0.1750, '2025-12-18 15:07:59'),
(435, 34, NULL, 12, '2025-12', 0.0150, '2025-12-18 15:07:59'),
(436, 14, NULL, 12, '2025-12', 2340000.0000, '2025-12-18 15:07:59'),
(437, 13, NULL, 12, '2025-12', 1.0000, '2025-12-18 15:07:59'),
(438, 17, NULL, 12, '2025-12', 1000000.0000, '2025-12-18 15:07:59'),
(439, 3, NULL, 12, '2025-12', 0.0000, '2025-12-18 15:07:59'),
(440, 29, NULL, 12, '2025-12', 0.0000, '2025-12-18 15:07:59'),
(441, 10, NULL, 12, '2025-12', 1230000.0000, '2025-12-18 15:07:59'),
(442, 2, NULL, 12, '2025-12', 26.0000, '2025-12-18 15:07:59'),
(443, 7, NULL, 12, '2025-12', 0.0000, '2025-12-18 15:07:59'),
(444, 15, NULL, 12, '2025-12', 4960000.0000, '2025-12-18 15:07:59'),
(445, 4, NULL, 12, '2025-12', 1130000.0000, '2025-12-18 15:07:59'),
(446, 16, NULL, 12, '2025-12', 20.0000, '2025-12-18 15:07:59'),
(447, 5, NULL, 12, '2025-12', 500000.0000, '2025-12-18 15:07:59'),
(448, 27, NULL, 12, '2025-12', 40384.6154, '2025-12-18 15:07:59'),
(449, 6, NULL, 12, '2025-12', 0.0000, '2025-12-18 15:07:59'),
(450, 8, NULL, 12, '2025-12', 8000000.0000, '2025-12-18 15:07:59'),
(451, 33, NULL, 12, '2025-12', 0.0800, '2025-12-18 15:07:59'),
(452, 38, NULL, 12, '2025-12', 0.0100, '2025-12-18 15:07:59'),
(453, 37, NULL, 12, '2025-12', 0.0300, '2025-12-18 15:07:59'),
(454, 1, NULL, 12, '2025-12', 8000000.0000, '2025-12-18 15:07:59'),
(455, 11, NULL, 12, '2025-12', 15400000.0000, '2025-12-18 15:07:59'),
(456, NULL, 1, 12, '2025-12', 0.0000, '2025-12-18 15:07:59'),
(457, NULL, 27, 12, '2025-12', 0.0000, '2025-12-18 15:07:59'),
(458, NULL, 3, 12, '2025-12', 500000.0000, '2025-12-18 15:07:59'),
(459, NULL, 20, 12, '2025-12', 640000.0000, '2025-12-18 15:07:59'),
(460, NULL, 21, 12, '2025-12', 120000.0000, '2025-12-18 15:07:59'),
(461, NULL, 22, 12, '2025-12', 80000.0000, '2025-12-18 15:07:59'),
(462, NULL, 4, 12, '2025-12', -16970000.0000, '2025-12-18 15:07:59'),
(463, NULL, 5, 12, '2025-12', 0.0000, '2025-12-18 15:07:59'),
(464, NULL, 19, 12, '2025-12', 0.0000, '2025-12-18 15:07:59'),
(465, NULL, 24, 12, '2025-12', 1400000.0000, '2025-12-18 15:07:59'),
(466, NULL, 25, 12, '2025-12', 240000.0000, '2025-12-18 15:07:59'),
(467, NULL, 26, 12, '2025-12', 80000.0000, '2025-12-18 15:07:59'),
(468, NULL, 6, 12, '2025-12', -340000.0000, '2025-12-18 15:07:59'),
(469, 39, NULL, 13, '2025-12', 0.3000, '2025-12-18 15:07:59'),
(470, 26, NULL, 13, '2025-12', 4400000.0000, '2025-12-18 15:07:59'),
(471, 35, NULL, 13, '2025-12', 0.0100, '2025-12-18 15:07:59'),
(472, 25, NULL, 13, '2025-12', 11000000.0000, '2025-12-18 15:07:59'),
(473, 36, NULL, 13, '2025-12', 0.1750, '2025-12-18 15:07:59'),
(474, 34, NULL, 13, '2025-12', 0.0150, '2025-12-18 15:07:59'),
(475, 14, NULL, 13, '2025-12', 2340000.0000, '2025-12-18 15:07:59'),
(476, 13, NULL, 13, '2025-12', 1.0000, '2025-12-18 15:07:59'),
(477, 17, NULL, 13, '2025-12', 1000000.0000, '2025-12-18 15:07:59'),
(478, 3, NULL, 13, '2025-12', 0.0000, '2025-12-18 15:07:59'),
(479, 29, NULL, 13, '2025-12', 0.0000, '2025-12-18 15:07:59'),
(480, 10, NULL, 13, '2025-12', 730000.0000, '2025-12-18 15:07:59'),
(481, 2, NULL, 13, '2025-12', 26.0000, '2025-12-18 15:07:59'),
(482, 7, NULL, 13, '2025-12', 0.0000, '2025-12-18 15:07:59'),
(483, 15, NULL, 13, '2025-12', 4960000.0000, '2025-12-18 15:07:59'),
(484, 4, NULL, 13, '2025-12', 1130000.0000, '2025-12-18 15:07:59'),
(485, 16, NULL, 13, '2025-12', 20.0000, '2025-12-18 15:07:59'),
(486, 5, NULL, 13, '2025-12', 0.0000, '2025-12-18 15:07:59'),
(487, 27, NULL, 13, '2025-12', 69230.7692, '2025-12-18 15:07:59'),
(488, 6, NULL, 13, '2025-12', 0.0000, '2025-12-18 15:07:59'),
(489, 8, NULL, 13, '2025-12', 14000000.0000, '2025-12-18 15:07:59'),
(490, 33, NULL, 13, '2025-12', 0.0800, '2025-12-18 15:07:59'),
(491, 38, NULL, 13, '2025-12', 0.0100, '2025-12-18 15:07:59'),
(492, 37, NULL, 13, '2025-12', 0.0300, '2025-12-18 15:07:59'),
(493, 1, NULL, 13, '2025-12', 14000000.0000, '2025-12-18 15:07:59'),
(494, 11, NULL, 13, '2025-12', 15400000.0000, '2025-12-18 15:07:59'),
(495, NULL, 1, 13, '2025-12', 0.0000, '2025-12-18 15:07:59'),
(496, NULL, 27, 13, '2025-12', 0.0000, '2025-12-18 15:07:59'),
(497, NULL, 3, 13, '2025-12', 0.0000, '2025-12-18 15:07:59'),
(498, NULL, 20, 13, '2025-12', 1120000.0000, '2025-12-18 15:07:59'),
(499, NULL, 21, 13, '2025-12', 210000.0000, '2025-12-18 15:07:59'),
(500, NULL, 22, 13, '2025-12', 140000.0000, '2025-12-18 15:07:59'),
(501, NULL, 4, 13, '2025-12', -17600000.0000, '2025-12-18 15:07:59'),
(502, NULL, 5, 13, '2025-12', 0.0000, '2025-12-18 15:07:59'),
(503, NULL, 19, 13, '2025-12', 0.0000, '2025-12-18 15:07:59'),
(504, NULL, 24, 13, '2025-12', 2450000.0000, '2025-12-18 15:07:59'),
(505, NULL, 25, 13, '2025-12', 420000.0000, '2025-12-18 15:07:59'),
(506, NULL, 26, 13, '2025-12', 140000.0000, '2025-12-18 15:07:59'),
(507, NULL, 6, 13, '2025-12', -1470000.0000, '2025-12-18 15:07:59'),
(508, 39, NULL, 14, '2025-12', 0.3000, '2025-12-18 15:07:59'),
(509, 26, NULL, 14, '2025-12', 4400000.0000, '2025-12-18 15:07:59'),
(510, 35, NULL, 14, '2025-12', 0.0100, '2025-12-18 15:07:59'),
(511, 25, NULL, 14, '2025-12', 11000000.0000, '2025-12-18 15:07:59'),
(512, 36, NULL, 14, '2025-12', 0.1750, '2025-12-18 15:07:59'),
(513, 34, NULL, 14, '2025-12', 0.0150, '2025-12-18 15:07:59'),
(514, 14, NULL, 14, '2025-12', 2340000.0000, '2025-12-18 15:07:59'),
(515, 13, NULL, 14, '2025-12', 1.0000, '2025-12-18 15:07:59'),
(516, 17, NULL, 14, '2025-12', 1000000.0000, '2025-12-18 15:07:59'),
(517, 3, NULL, 14, '2025-12', 0.0000, '2025-12-18 15:07:59'),
(518, 29, NULL, 14, '2025-12', 0.0000, '2025-12-18 15:07:59'),
(519, 10, NULL, 14, '2025-12', 730000.0000, '2025-12-18 15:07:59'),
(520, 2, NULL, 14, '2025-12', 26.0000, '2025-12-18 15:07:59'),
(521, 7, NULL, 14, '2025-12', 0.0000, '2025-12-18 15:07:59'),
(522, 15, NULL, 14, '2025-12', 4960000.0000, '2025-12-18 15:07:59'),
(523, 4, NULL, 14, '2025-12', 1130000.0000, '2025-12-18 15:07:59'),
(524, 16, NULL, 14, '2025-12', 20.0000, '2025-12-18 15:07:59'),
(525, 5, NULL, 14, '2025-12', 0.0000, '2025-12-18 15:07:59'),
(526, 27, NULL, 14, '2025-12', 25961.5385, '2025-12-18 15:07:59'),
(527, 6, NULL, 14, '2025-12', 0.0000, '2025-12-18 15:07:59'),
(528, 8, NULL, 14, '2025-12', 0.0000, '2025-12-18 15:07:59'),
(529, 33, NULL, 14, '2025-12', 0.0800, '2025-12-18 15:07:59'),
(530, 38, NULL, 14, '2025-12', 0.0100, '2025-12-18 15:07:59'),
(531, 37, NULL, 14, '2025-12', 0.0300, '2025-12-18 15:07:59'),
(532, 1, NULL, 14, '2025-12', 5000000.0000, '2025-12-18 15:07:59'),
(533, 11, NULL, 14, '2025-12', 15400000.0000, '2025-12-18 15:07:59'),
(534, NULL, 1, 14, '2025-12', 0.0000, '2025-12-18 15:07:59'),
(535, NULL, 27, 14, '2025-12', 0.0000, '2025-12-18 15:07:59'),
(536, NULL, 3, 14, '2025-12', 0.0000, '2025-12-18 15:07:59'),
(537, NULL, 20, 14, '2025-12', 0.0000, '2025-12-18 15:07:59'),
(538, NULL, 21, 14, '2025-12', 0.0000, '2025-12-18 15:07:59'),
(539, NULL, 22, 14, '2025-12', 0.0000, '2025-12-18 15:07:59'),
(540, NULL, 4, 14, '2025-12', -16130000.0000, '2025-12-18 15:07:59'),
(541, NULL, 5, 14, '2025-12', 0.0000, '2025-12-18 15:07:59'),
(542, NULL, 19, 14, '2025-12', 0.0000, '2025-12-18 15:07:59'),
(543, NULL, 24, 14, '2025-12', 0.0000, '2025-12-18 15:07:59'),
(544, NULL, 25, 14, '2025-12', 0.0000, '2025-12-18 15:07:59'),
(545, NULL, 26, 14, '2025-12', 0.0000, '2025-12-18 15:07:59'),
(546, NULL, 6, 14, '2025-12', 0.0000, '2025-12-18 15:07:59'),
(547, 39, NULL, 15, '2025-12', 0.3000, '2025-12-18 15:07:59'),
(548, 26, NULL, 15, '2025-12', 4400000.0000, '2025-12-18 15:07:59'),
(549, 35, NULL, 15, '2025-12', 0.0100, '2025-12-18 15:07:59'),
(550, 25, NULL, 15, '2025-12', 11000000.0000, '2025-12-18 15:07:59'),
(551, 36, NULL, 15, '2025-12', 0.1750, '2025-12-18 15:07:59'),
(552, 34, NULL, 15, '2025-12', 0.0150, '2025-12-18 15:07:59'),
(553, 14, NULL, 15, '2025-12', 2340000.0000, '2025-12-18 15:07:59'),
(554, 13, NULL, 15, '2025-12', 1.0000, '2025-12-18 15:07:59'),
(555, 17, NULL, 15, '2025-12', 1000000.0000, '2025-12-18 15:07:59'),
(556, 3, NULL, 15, '2025-12', 0.0000, '2025-12-18 15:07:59'),
(557, 29, NULL, 15, '2025-12', 0.0000, '2025-12-18 15:07:59'),
(558, 10, NULL, 15, '2025-12', 730000.0000, '2025-12-18 15:07:59'),
(559, 2, NULL, 15, '2025-12', 26.0000, '2025-12-18 15:07:59'),
(560, 7, NULL, 15, '2025-12', 0.0000, '2025-12-18 15:07:59'),
(561, 15, NULL, 15, '2025-12', 4960000.0000, '2025-12-18 15:07:59'),
(562, 4, NULL, 15, '2025-12', 730000.0000, '2025-12-18 15:07:59'),
(563, 16, NULL, 15, '2025-12', 20.0000, '2025-12-18 15:07:59'),
(564, 5, NULL, 15, '2025-12', 0.0000, '2025-12-18 15:07:59'),
(565, 27, NULL, 15, '2025-12', 45673.0769, '2025-12-18 15:07:59'),
(566, 6, NULL, 15, '2025-12', 0.0000, '2025-12-18 15:07:59'),
(567, 8, NULL, 15, '2025-12', 9500000.0000, '2025-12-18 15:07:59'),
(568, 33, NULL, 15, '2025-12', 0.0800, '2025-12-18 15:07:59'),
(569, 38, NULL, 15, '2025-12', 0.0100, '2025-12-18 15:07:59'),
(570, 37, NULL, 15, '2025-12', 0.0300, '2025-12-18 15:07:59'),
(571, 1, NULL, 15, '2025-12', 9500000.0000, '2025-12-18 15:07:59'),
(572, 11, NULL, 15, '2025-12', 15400000.0000, '2025-12-18 15:07:59'),
(573, NULL, 1, 15, '2025-12', 0.0000, '2025-12-18 15:07:59'),
(574, NULL, 27, 15, '2025-12', 0.0000, '2025-12-18 15:07:59'),
(575, NULL, 3, 15, '2025-12', 0.0000, '2025-12-18 15:07:59'),
(576, NULL, 20, 15, '2025-12', 760000.0000, '2025-12-18 15:07:59'),
(577, NULL, 21, 15, '2025-12', 142500.0000, '2025-12-18 15:07:59'),
(578, NULL, 22, 15, '2025-12', 95000.0000, '2025-12-18 15:07:59'),
(579, NULL, 4, 15, '2025-12', -17127500.0000, '2025-12-18 15:07:59'),
(580, NULL, 5, 15, '2025-12', 0.0000, '2025-12-18 15:07:59'),
(581, NULL, 19, 15, '2025-12', 0.0000, '2025-12-18 15:07:59'),
(582, NULL, 24, 15, '2025-12', 1662500.0000, '2025-12-18 15:07:59'),
(583, NULL, 25, 15, '2025-12', 285000.0000, '2025-12-18 15:07:59'),
(584, NULL, 26, 15, '2025-12', 95000.0000, '2025-12-18 15:07:59'),
(585, NULL, 6, 15, '2025-12', -997500.0000, '2025-12-18 15:07:59'),
(586, 39, NULL, 16, '2025-12', 0.3000, '2025-12-18 15:07:59'),
(587, 26, NULL, 16, '2025-12', 4400000.0000, '2025-12-18 15:07:59'),
(588, 35, NULL, 16, '2025-12', 0.0100, '2025-12-18 15:07:59'),
(589, 25, NULL, 16, '2025-12', 11000000.0000, '2025-12-18 15:07:59'),
(590, 36, NULL, 16, '2025-12', 0.1750, '2025-12-18 15:07:59'),
(591, 34, NULL, 16, '2025-12', 0.0150, '2025-12-18 15:07:59'),
(592, 14, NULL, 16, '2025-12', 2340000.0000, '2025-12-18 15:07:59'),
(593, 13, NULL, 16, '2025-12', 1.0000, '2025-12-18 15:07:59'),
(594, 17, NULL, 16, '2025-12', 1000000.0000, '2025-12-18 15:07:59'),
(595, 3, NULL, 16, '2025-12', 0.0000, '2025-12-18 15:07:59'),
(596, 29, NULL, 16, '2025-12', 0.0000, '2025-12-18 15:07:59'),
(597, 10, NULL, 16, '2025-12', 730000.0000, '2025-12-18 15:07:59'),
(598, 2, NULL, 16, '2025-12', 26.0000, '2025-12-18 15:07:59'),
(599, 7, NULL, 16, '2025-12', 0.0000, '2025-12-18 15:07:59'),
(600, 15, NULL, 16, '2025-12', 4960000.0000, '2025-12-18 15:07:59'),
(601, 4, NULL, 16, '2025-12', 730000.0000, '2025-12-18 15:07:59'),
(602, 16, NULL, 16, '2025-12', 20.0000, '2025-12-18 15:07:59'),
(603, 5, NULL, 16, '2025-12', 0.0000, '2025-12-18 15:07:59'),
(604, 27, NULL, 16, '2025-12', 44230.7692, '2025-12-18 15:07:59'),
(605, 6, NULL, 16, '2025-12', 0.0000, '2025-12-18 15:07:59'),
(606, 8, NULL, 16, '2025-12', 9200000.0000, '2025-12-18 15:07:59'),
(607, 33, NULL, 16, '2025-12', 0.0800, '2025-12-18 15:07:59'),
(608, 38, NULL, 16, '2025-12', 0.0100, '2025-12-18 15:07:59'),
(609, 37, NULL, 16, '2025-12', 0.0300, '2025-12-18 15:07:59'),
(610, 1, NULL, 16, '2025-12', 9200000.0000, '2025-12-18 15:07:59'),
(611, 11, NULL, 16, '2025-12', 15400000.0000, '2025-12-18 15:07:59'),
(612, NULL, 1, 16, '2025-12', 0.0000, '2025-12-18 15:07:59'),
(613, NULL, 27, 16, '2025-12', 0.0000, '2025-12-18 15:07:59'),
(614, NULL, 3, 16, '2025-12', 0.0000, '2025-12-18 15:07:59'),
(615, NULL, 20, 16, '2025-12', 736000.0000, '2025-12-18 15:07:59'),
(616, NULL, 21, 16, '2025-12', 138000.0000, '2025-12-18 15:07:59'),
(617, NULL, 22, 16, '2025-12', 92000.0000, '2025-12-18 15:07:59'),
(618, NULL, 4, 16, '2025-12', -17096000.0000, '2025-12-18 15:07:59'),
(619, NULL, 5, 16, '2025-12', 0.0000, '2025-12-18 15:07:59'),
(620, NULL, 19, 16, '2025-12', 0.0000, '2025-12-18 15:07:59'),
(621, NULL, 24, 16, '2025-12', 1610000.0000, '2025-12-18 15:07:59'),
(622, NULL, 25, 16, '2025-12', 276000.0000, '2025-12-18 15:07:59'),
(623, NULL, 26, 16, '2025-12', 92000.0000, '2025-12-18 15:07:59'),
(624, NULL, 6, 16, '2025-12', -966000.0000, '2025-12-18 15:07:59'),
(625, 39, NULL, 17, '2025-12', 0.3000, '2025-12-18 15:07:59'),
(626, 26, NULL, 17, '2025-12', 4400000.0000, '2025-12-18 15:07:59'),
(627, 35, NULL, 17, '2025-12', 0.0100, '2025-12-18 15:07:59'),
(628, 25, NULL, 17, '2025-12', 11000000.0000, '2025-12-18 15:07:59'),
(629, 36, NULL, 17, '2025-12', 0.1750, '2025-12-18 15:07:59'),
(630, 34, NULL, 17, '2025-12', 0.0150, '2025-12-18 15:07:59'),
(631, 14, NULL, 17, '2025-12', 2340000.0000, '2025-12-18 15:07:59'),
(632, 13, NULL, 17, '2025-12', 1.0000, '2025-12-18 15:07:59'),
(633, 17, NULL, 17, '2025-12', 1000000.0000, '2025-12-18 15:07:59'),
(634, 3, NULL, 17, '2025-12', 0.0000, '2025-12-18 15:07:59'),
(635, 29, NULL, 17, '2025-12', 0.0000, '2025-12-18 15:07:59'),
(636, 10, NULL, 17, '2025-12', 1230000.0000, '2025-12-18 15:07:59'),
(637, 2, NULL, 17, '2025-12', 26.0000, '2025-12-18 15:07:59'),
(638, 7, NULL, 17, '2025-12', 0.0000, '2025-12-18 15:07:59'),
(639, 15, NULL, 17, '2025-12', 4960000.0000, '2025-12-18 15:07:59'),
(640, 4, NULL, 17, '2025-12', 1230000.0000, '2025-12-18 15:07:59'),
(641, 16, NULL, 17, '2025-12', 20.0000, '2025-12-18 15:07:59'),
(642, 5, NULL, 17, '2025-12', 0.0000, '2025-12-18 15:07:59'),
(643, 27, NULL, 17, '2025-12', 44711.5385, '2025-12-18 15:07:59'),
(644, 6, NULL, 17, '2025-12', 0.0000, '2025-12-18 15:07:59'),
(645, 8, NULL, 17, '2025-12', 8800000.0000, '2025-12-18 15:07:59'),
(646, 33, NULL, 17, '2025-12', 0.0800, '2025-12-18 15:07:59'),
(647, 38, NULL, 17, '2025-12', 0.0100, '2025-12-18 15:07:59'),
(648, 37, NULL, 17, '2025-12', 0.0300, '2025-12-18 15:07:59'),
(649, 1, NULL, 17, '2025-12', 8800000.0000, '2025-12-18 15:07:59'),
(650, 11, NULL, 17, '2025-12', 15400000.0000, '2025-12-18 15:07:59'),
(651, NULL, 1, 17, '2025-12', 0.0000, '2025-12-18 15:07:59'),
(652, NULL, 27, 17, '2025-12', 0.0000, '2025-12-18 15:07:59'),
(653, NULL, 3, 17, '2025-12', 0.0000, '2025-12-18 15:07:59'),
(654, NULL, 20, 17, '2025-12', 704000.0000, '2025-12-18 15:07:59'),
(655, NULL, 21, 17, '2025-12', 132000.0000, '2025-12-18 15:07:59'),
(656, NULL, 22, 17, '2025-12', 88000.0000, '2025-12-18 15:07:59'),
(657, NULL, 4, 17, '2025-12', -17554000.0000, '2025-12-18 15:07:59'),
(658, NULL, 5, 17, '2025-12', 0.0000, '2025-12-18 15:07:59'),
(659, NULL, 19, 17, '2025-12', 0.0000, '2025-12-18 15:07:59'),
(660, NULL, 24, 17, '2025-12', 1540000.0000, '2025-12-18 15:07:59'),
(661, NULL, 25, 17, '2025-12', 264000.0000, '2025-12-18 15:07:59'),
(662, NULL, 26, 17, '2025-12', 88000.0000, '2025-12-18 15:07:59'),
(663, NULL, 6, 17, '2025-12', -924000.0000, '2025-12-18 15:07:59'),
(664, 39, NULL, 18, '2025-12', 0.3000, '2025-12-18 15:07:59'),
(665, 26, NULL, 18, '2025-12', 4400000.0000, '2025-12-18 15:07:59'),
(666, 35, NULL, 18, '2025-12', 0.0100, '2025-12-18 15:07:59'),
(667, 25, NULL, 18, '2025-12', 11000000.0000, '2025-12-18 15:07:59'),
(668, 36, NULL, 18, '2025-12', 0.1750, '2025-12-18 15:07:59'),
(669, 34, NULL, 18, '2025-12', 0.0150, '2025-12-18 15:07:59'),
(670, 14, NULL, 18, '2025-12', 2340000.0000, '2025-12-18 15:07:59'),
(671, 13, NULL, 18, '2025-12', 1.0000, '2025-12-18 15:07:59'),
(672, 17, NULL, 18, '2025-12', 1000000.0000, '2025-12-18 15:07:59'),
(673, 3, NULL, 18, '2025-12', 0.0000, '2025-12-18 15:07:59'),
(674, 29, NULL, 18, '2025-12', 0.0000, '2025-12-18 15:07:59'),
(675, 10, NULL, 18, '2025-12', 0.0000, '2025-12-18 15:07:59'),
(676, 2, NULL, 18, '2025-12', 26.0000, '2025-12-18 15:07:59'),
(677, 7, NULL, 18, '2025-12', 0.0000, '2025-12-18 15:07:59'),
(678, 15, NULL, 18, '2025-12', 4960000.0000, '2025-12-18 15:07:59'),
(679, 4, NULL, 18, '2025-12', 0.0000, '2025-12-18 15:07:59'),
(680, 16, NULL, 18, '2025-12', 20.0000, '2025-12-18 15:07:59'),
(681, 5, NULL, 18, '2025-12', 0.0000, '2025-12-18 15:07:59'),
(682, 27, NULL, 18, '2025-12', 72115.3846, '2025-12-18 15:07:59'),
(683, 6, NULL, 18, '2025-12', 0.0000, '2025-12-18 15:07:59'),
(684, 8, NULL, 18, '2025-12', 15000000.0000, '2025-12-18 15:07:59'),
(685, 33, NULL, 18, '2025-12', 0.0800, '2025-12-18 15:07:59'),
(686, 38, NULL, 18, '2025-12', 0.0100, '2025-12-18 15:07:59'),
(687, 37, NULL, 18, '2025-12', 0.0300, '2025-12-18 15:07:59'),
(688, 1, NULL, 18, '2025-12', 15000000.0000, '2025-12-18 15:07:59'),
(689, 11, NULL, 18, '2025-12', 15400000.0000, '2025-12-18 15:07:59'),
(690, NULL, 1, 18, '2025-12', 0.0000, '2025-12-18 15:07:59'),
(691, NULL, 27, 18, '2025-12', 0.0000, '2025-12-18 15:07:59'),
(692, NULL, 3, 18, '2025-12', 0.0000, '2025-12-18 15:07:59'),
(693, NULL, 20, 18, '2025-12', 1200000.0000, '2025-12-18 15:07:59'),
(694, NULL, 21, 18, '2025-12', 225000.0000, '2025-12-18 15:07:59'),
(695, NULL, 22, 18, '2025-12', 150000.0000, '2025-12-18 15:07:59'),
(696, NULL, 4, 18, '2025-12', -16975000.0000, '2025-12-18 15:07:59'),
(697, NULL, 5, 18, '2025-12', 0.0000, '2025-12-18 15:07:59'),
(698, NULL, 19, 18, '2025-12', 0.0000, '2025-12-18 15:07:59'),
(699, NULL, 24, 18, '2025-12', 2625000.0000, '2025-12-18 15:07:59'),
(700, NULL, 25, 18, '2025-12', 450000.0000, '2025-12-18 15:07:59'),
(701, NULL, 26, 18, '2025-12', 150000.0000, '2025-12-18 15:07:59'),
(702, NULL, 6, 18, '2025-12', -1575000.0000, '2025-12-18 15:07:59'),
(703, 39, NULL, 19, '2025-12', 0.3000, '2025-12-18 15:08:00'),
(704, 26, NULL, 19, '2025-12', 4400000.0000, '2025-12-18 15:08:00'),
(705, 35, NULL, 19, '2025-12', 0.0100, '2025-12-18 15:08:00'),
(706, 25, NULL, 19, '2025-12', 11000000.0000, '2025-12-18 15:08:00'),
(707, 36, NULL, 19, '2025-12', 0.1750, '2025-12-18 15:08:00'),
(708, 34, NULL, 19, '2025-12', 0.0150, '2025-12-18 15:08:00'),
(709, 14, NULL, 19, '2025-12', 2340000.0000, '2025-12-18 15:08:00'),
(710, 13, NULL, 19, '2025-12', 1.0000, '2025-12-18 15:08:00'),
(711, 17, NULL, 19, '2025-12', 1000000.0000, '2025-12-18 15:08:00'),
(712, 3, NULL, 19, '2025-12', 0.0000, '2025-12-18 15:08:00'),
(713, 29, NULL, 19, '2025-12', 0.0000, '2025-12-18 15:08:00'),
(714, 10, NULL, 19, '2025-12', 0.0000, '2025-12-18 15:08:00'),
(715, 2, NULL, 19, '2025-12', 26.0000, '2025-12-18 15:08:00'),
(716, 7, NULL, 19, '2025-12', 0.0000, '2025-12-18 15:08:00'),
(717, 15, NULL, 19, '2025-12', 4960000.0000, '2025-12-18 15:08:00'),
(718, 4, NULL, 19, '2025-12', 0.0000, '2025-12-18 15:08:00'),
(719, 16, NULL, 19, '2025-12', 20.0000, '2025-12-18 15:08:00'),
(720, 5, NULL, 19, '2025-12', 0.0000, '2025-12-18 15:08:00'),
(721, 27, NULL, 19, '2025-12', 72115.3846, '2025-12-18 15:08:00'),
(722, 6, NULL, 19, '2025-12', 0.0000, '2025-12-18 15:08:00'),
(723, 8, NULL, 19, '2025-12', 15000000.0000, '2025-12-18 15:08:00'),
(724, 33, NULL, 19, '2025-12', 0.0800, '2025-12-18 15:08:00'),
(725, 38, NULL, 19, '2025-12', 0.0100, '2025-12-18 15:08:00'),
(726, 37, NULL, 19, '2025-12', 0.0300, '2025-12-18 15:08:00'),
(727, 1, NULL, 19, '2025-12', 15000000.0000, '2025-12-18 15:08:00'),
(728, 11, NULL, 19, '2025-12', 15400000.0000, '2025-12-18 15:08:00'),
(729, NULL, 1, 19, '2025-12', 0.0000, '2025-12-18 15:08:00'),
(730, NULL, 27, 19, '2025-12', 0.0000, '2025-12-18 15:08:00'),
(731, NULL, 3, 19, '2025-12', 0.0000, '2025-12-18 15:08:00'),
(732, NULL, 20, 19, '2025-12', 1200000.0000, '2025-12-18 15:08:00'),
(733, NULL, 21, 19, '2025-12', 225000.0000, '2025-12-18 15:08:00'),
(734, NULL, 22, 19, '2025-12', 150000.0000, '2025-12-18 15:08:00'),
(735, NULL, 4, 19, '2025-12', -16975000.0000, '2025-12-18 15:08:00'),
(736, NULL, 5, 19, '2025-12', 0.0000, '2025-12-18 15:08:00'),
(737, NULL, 19, 19, '2025-12', 0.0000, '2025-12-18 15:08:00'),
(738, NULL, 24, 19, '2025-12', 2625000.0000, '2025-12-18 15:08:00'),
(739, NULL, 25, 19, '2025-12', 450000.0000, '2025-12-18 15:08:00'),
(740, NULL, 26, 19, '2025-12', 150000.0000, '2025-12-18 15:08:00'),
(741, NULL, 6, 19, '2025-12', -1575000.0000, '2025-12-18 15:08:00'),
(742, 39, NULL, 20, '2025-12', 0.3000, '2025-12-18 15:08:00'),
(743, 26, NULL, 20, '2025-12', 4400000.0000, '2025-12-18 15:08:00'),
(744, 35, NULL, 20, '2025-12', 0.0100, '2025-12-18 15:08:00'),
(745, 25, NULL, 20, '2025-12', 11000000.0000, '2025-12-18 15:08:00'),
(746, 36, NULL, 20, '2025-12', 0.1750, '2025-12-18 15:08:00'),
(747, 34, NULL, 20, '2025-12', 0.0150, '2025-12-18 15:08:00'),
(748, 14, NULL, 20, '2025-12', 2340000.0000, '2025-12-18 15:08:00'),
(749, 13, NULL, 20, '2025-12', 0.0000, '2025-12-18 15:08:00'),
(750, 17, NULL, 20, '2025-12', 1000000.0000, '2025-12-18 15:08:00'),
(751, 3, NULL, 20, '2025-12', 3.0000, '2025-12-18 15:08:00'),
(752, 29, NULL, 20, '2025-12', 8.0000, '2025-12-18 15:08:00'),
(753, 10, NULL, 20, '2025-12', 982403.8462, '2025-12-18 15:08:00'),
(754, 2, NULL, 20, '2025-12', 26.0000, '2025-12-18 15:08:00'),
(755, 7, NULL, 20, '2025-12', 15.0000, '2025-12-18 15:08:00'),
(756, 15, NULL, 20, '2025-12', 4960000.0000, '2025-12-18 15:08:00'),
(757, 4, NULL, 20, '2025-12', 730000.0000, '2025-12-18 15:08:00'),
(758, 16, NULL, 20, '2025-12', 20.0000, '2025-12-18 15:08:00'),
(759, 5, NULL, 20, '2025-12', 0.0000, '2025-12-18 15:08:00'),
(760, 27, NULL, 20, '2025-12', 36057.6923, '2025-12-18 15:08:00'),
(761, 6, NULL, 20, '2025-12', 0.0000, '2025-12-18 15:08:00'),
(762, 8, NULL, 20, '2025-12', 0.0000, '2025-12-18 15:08:00'),
(763, 33, NULL, 20, '2025-12', 0.0800, '2025-12-18 15:08:00'),
(764, 38, NULL, 20, '2025-12', 0.0100, '2025-12-18 15:08:00'),
(765, 37, NULL, 20, '2025-12', 0.0300, '2025-12-18 15:08:00'),
(766, 1, NULL, 20, '2025-12', 7500000.0000, '2025-12-18 15:08:00'),
(767, 11, NULL, 20, '2025-12', 11000000.0000, '2025-12-18 15:08:00'),
(768, NULL, 1, 20, '2025-12', 949615.3800, '2025-12-18 15:08:00'),
(769, NULL, 27, 20, '2025-12', 86538.4615, '2025-12-18 15:08:00'),
(770, NULL, 3, 20, '2025-12', 1577019.2260, '2025-12-18 15:08:00'),
(771, NULL, 20, 20, '2025-12', 0.0000, '2025-12-18 15:08:00'),
(772, NULL, 21, 20, '2025-12', 0.0000, '2025-12-18 15:08:00'),
(773, NULL, 22, 20, '2025-12', 0.0000, '2025-12-18 15:08:00'),
(774, NULL, 4, 20, '2025-12', -10405384.6202, '2025-12-18 15:08:00'),
(775, NULL, 5, 20, '2025-12', 0.0000, '2025-12-18 15:08:00'),
(776, NULL, 19, 20, '2025-12', 0.0000, '2025-12-18 15:08:00'),
(777, NULL, 24, 20, '2025-12', 0.0000, '2025-12-18 15:08:00'),
(778, NULL, 25, 20, '2025-12', 0.0000, '2025-12-18 15:08:00'),
(779, NULL, 26, 20, '2025-12', 0.0000, '2025-12-18 15:08:00'),
(780, NULL, 6, 20, '2025-12', 1577019.2260, '2025-12-18 15:08:00'),
(781, 39, NULL, 21, '2025-12', 0.3000, '2025-12-18 15:08:00'),
(782, 26, NULL, 21, '2025-12', 4400000.0000, '2025-12-18 15:08:00'),
(783, 35, NULL, 21, '2025-12', 0.0100, '2025-12-18 15:08:00'),
(784, 25, NULL, 21, '2025-12', 11000000.0000, '2025-12-18 15:08:00'),
(785, 36, NULL, 21, '2025-12', 0.1750, '2025-12-18 15:08:00'),
(786, 34, NULL, 21, '2025-12', 0.0150, '2025-12-18 15:08:00'),
(787, 14, NULL, 21, '2025-12', 2340000.0000, '2025-12-18 15:08:00'),
(788, 13, NULL, 21, '2025-12', 0.0000, '2025-12-18 15:08:00'),
(789, 17, NULL, 21, '2025-12', 1000000.0000, '2025-12-18 15:08:00'),
(790, 3, NULL, 21, '2025-12', 5.0000, '2025-12-18 15:08:00'),
(791, 29, NULL, 21, '2025-12', 0.0000, '2025-12-18 15:08:00'),
(792, 10, NULL, 21, '2025-12', 0.0000, '2025-12-18 15:08:00');
INSERT INTO `salary_variable_cache` (`cache_id`, `variable_id`, `rule_id`, `employee_id`, `payperiod`, `value`, `evaluated_at`) VALUES
(793, 2, NULL, 21, '2025-12', 26.0000, '2025-12-18 15:08:00'),
(794, 7, NULL, 21, '2025-12', 0.0000, '2025-12-18 15:08:00'),
(795, 15, NULL, 21, '2025-12', 4960000.0000, '2025-12-18 15:08:00'),
(796, 4, NULL, 21, '2025-12', 0.0000, '2025-12-18 15:08:00'),
(797, 16, NULL, 21, '2025-12', 20.0000, '2025-12-18 15:08:00'),
(798, 5, NULL, 21, '2025-12', 0.0000, '2025-12-18 15:08:00'),
(799, 27, NULL, 21, '2025-12', 72115.3846, '2025-12-18 15:08:00'),
(800, 6, NULL, 21, '2025-12', 0.0000, '2025-12-18 15:08:00'),
(801, 8, NULL, 21, '2025-12', 15000000.0000, '2025-12-18 15:08:00'),
(802, 33, NULL, 21, '2025-12', 0.0800, '2025-12-18 15:08:00'),
(803, 38, NULL, 21, '2025-12', 0.0100, '2025-12-18 15:08:00'),
(804, 37, NULL, 21, '2025-12', 0.0300, '2025-12-18 15:08:00'),
(805, 1, NULL, 21, '2025-12', 15000000.0000, '2025-12-18 15:08:00'),
(806, 11, NULL, 21, '2025-12', 11000000.0000, '2025-12-18 15:08:00'),
(807, NULL, 1, 21, '2025-12', 2884615.4000, '2025-12-18 15:08:00'),
(808, NULL, 27, 21, '2025-12', 0.0000, '2025-12-18 15:08:00'),
(809, NULL, 3, 21, '2025-12', 2884615.4000, '2025-12-18 15:08:00'),
(810, NULL, 20, 21, '2025-12', 1200000.0000, '2025-12-18 15:08:00'),
(811, NULL, 21, 21, '2025-12', 225000.0000, '2025-12-18 15:08:00'),
(812, NULL, 22, 21, '2025-12', 150000.0000, '2025-12-18 15:08:00'),
(813, NULL, 4, 21, '2025-12', -9690384.6000, '2025-12-18 15:08:00'),
(814, NULL, 5, 21, '2025-12', 0.0000, '2025-12-18 15:08:00'),
(815, NULL, 19, 21, '2025-12', 0.0000, '2025-12-18 15:08:00'),
(816, NULL, 24, 21, '2025-12', 2625000.0000, '2025-12-18 15:08:00'),
(817, NULL, 25, 21, '2025-12', 450000.0000, '2025-12-18 15:08:00'),
(818, NULL, 26, 21, '2025-12', 150000.0000, '2025-12-18 15:08:00'),
(819, NULL, 6, 21, '2025-12', 1309615.4000, '2025-12-18 15:08:00'),
(820, 39, NULL, 22, '2025-12', 0.3000, '2025-12-18 15:08:00'),
(821, 26, NULL, 22, '2025-12', 4400000.0000, '2025-12-18 15:08:00'),
(822, 35, NULL, 22, '2025-12', 0.0100, '2025-12-18 15:08:00'),
(823, 25, NULL, 22, '2025-12', 11000000.0000, '2025-12-18 15:08:00'),
(824, 36, NULL, 22, '2025-12', 0.1750, '2025-12-18 15:08:00'),
(825, 34, NULL, 22, '2025-12', 0.0150, '2025-12-18 15:08:00'),
(826, 14, NULL, 22, '2025-12', 2340000.0000, '2025-12-18 15:08:00'),
(827, 13, NULL, 22, '2025-12', 0.0000, '2025-12-18 15:08:00'),
(828, 17, NULL, 22, '2025-12', 1000000.0000, '2025-12-18 15:08:00'),
(829, 3, NULL, 22, '2025-12', 0.0000, '2025-12-18 15:08:00'),
(830, 29, NULL, 22, '2025-12', 0.0000, '2025-12-18 15:08:00'),
(831, 10, NULL, 22, '2025-12', 0.0000, '2025-12-18 15:08:00'),
(832, 2, NULL, 22, '2025-12', 26.0000, '2025-12-18 15:08:00'),
(833, 7, NULL, 22, '2025-12', 0.0000, '2025-12-18 15:08:00'),
(834, 15, NULL, 22, '2025-12', 4960000.0000, '2025-12-18 15:08:00'),
(835, 4, NULL, 22, '2025-12', 0.0000, '2025-12-18 15:08:00'),
(836, 16, NULL, 22, '2025-12', 20.0000, '2025-12-18 15:08:00'),
(837, 5, NULL, 22, '2025-12', 0.0000, '2025-12-18 15:08:00'),
(838, 27, NULL, 22, '2025-12', 0.0000, '2025-12-18 15:08:00'),
(839, 6, NULL, 22, '2025-12', 0.0000, '2025-12-18 15:08:00'),
(840, 8, NULL, 22, '2025-12', 0.0000, '2025-12-18 15:08:00'),
(841, 33, NULL, 22, '2025-12', 0.0800, '2025-12-18 15:08:00'),
(842, 38, NULL, 22, '2025-12', 0.0100, '2025-12-18 15:08:00'),
(843, 37, NULL, 22, '2025-12', 0.0300, '2025-12-18 15:08:00'),
(844, 1, NULL, 22, '2025-12', 0.0000, '2025-12-18 15:08:00'),
(845, 11, NULL, 22, '2025-12', 11000000.0000, '2025-12-18 15:08:00'),
(846, NULL, 1, 22, '2025-12', 0.0000, '2025-12-18 15:08:00'),
(847, NULL, 27, 22, '2025-12', 0.0000, '2025-12-18 15:08:00'),
(848, NULL, 3, 22, '2025-12', 0.0000, '2025-12-18 15:08:00'),
(849, NULL, 20, 22, '2025-12', 0.0000, '2025-12-18 15:08:00'),
(850, NULL, 21, 22, '2025-12', 0.0000, '2025-12-18 15:08:00'),
(851, NULL, 22, 22, '2025-12', 0.0000, '2025-12-18 15:08:00'),
(852, NULL, 4, 22, '2025-12', -11000000.0000, '2025-12-18 15:08:00'),
(853, NULL, 5, 22, '2025-12', 0.0000, '2025-12-18 15:08:00'),
(854, NULL, 19, 22, '2025-12', 0.0000, '2025-12-18 15:08:00'),
(855, NULL, 24, 22, '2025-12', 0.0000, '2025-12-18 15:08:00'),
(856, NULL, 25, 22, '2025-12', 0.0000, '2025-12-18 15:08:00'),
(857, NULL, 26, 22, '2025-12', 0.0000, '2025-12-18 15:08:00'),
(858, NULL, 6, 22, '2025-12', 0.0000, '2025-12-18 15:08:00'),
(859, 39, NULL, 23, '2025-12', 0.3000, '2025-12-18 15:08:00'),
(860, 26, NULL, 23, '2025-12', 4400000.0000, '2025-12-18 15:08:00'),
(861, 35, NULL, 23, '2025-12', 0.0100, '2025-12-18 15:08:00'),
(862, 25, NULL, 23, '2025-12', 11000000.0000, '2025-12-18 15:08:00'),
(863, 36, NULL, 23, '2025-12', 0.1750, '2025-12-18 15:08:00'),
(864, 34, NULL, 23, '2025-12', 0.0150, '2025-12-18 15:08:00'),
(865, 14, NULL, 23, '2025-12', 2340000.0000, '2025-12-18 15:08:00'),
(866, 13, NULL, 23, '2025-12', 0.0000, '2025-12-18 15:08:00'),
(867, 17, NULL, 23, '2025-12', 1000000.0000, '2025-12-18 15:08:00'),
(868, 3, NULL, 23, '2025-12', 0.0000, '2025-12-18 15:08:00'),
(869, 29, NULL, 23, '2025-12', 0.0000, '2025-12-18 15:08:00'),
(870, 10, NULL, 23, '2025-12', 0.0000, '2025-12-18 15:08:00'),
(871, 2, NULL, 23, '2025-12', 26.0000, '2025-12-18 15:08:00'),
(872, 7, NULL, 23, '2025-12', 0.0000, '2025-12-18 15:08:00'),
(873, 15, NULL, 23, '2025-12', 4960000.0000, '2025-12-18 15:08:00'),
(874, 4, NULL, 23, '2025-12', 0.0000, '2025-12-18 15:08:00'),
(875, 16, NULL, 23, '2025-12', 20.0000, '2025-12-18 15:08:00'),
(876, 5, NULL, 23, '2025-12', 0.0000, '2025-12-18 15:08:00'),
(877, 27, NULL, 23, '2025-12', 0.0000, '2025-12-18 15:08:00'),
(878, 6, NULL, 23, '2025-12', 0.0000, '2025-12-18 15:08:00'),
(879, 8, NULL, 23, '2025-12', 0.0000, '2025-12-18 15:08:00'),
(880, 33, NULL, 23, '2025-12', 0.0800, '2025-12-18 15:08:00'),
(881, 38, NULL, 23, '2025-12', 0.0100, '2025-12-18 15:08:00'),
(882, 37, NULL, 23, '2025-12', 0.0300, '2025-12-18 15:08:00'),
(883, 1, NULL, 23, '2025-12', 0.0000, '2025-12-18 15:08:00'),
(884, 11, NULL, 23, '2025-12', 11000000.0000, '2025-12-18 15:08:00'),
(885, NULL, 1, 23, '2025-12', 0.0000, '2025-12-18 15:08:00'),
(886, NULL, 27, 23, '2025-12', 0.0000, '2025-12-18 15:08:00'),
(887, NULL, 3, 23, '2025-12', 0.0000, '2025-12-18 15:08:00'),
(888, NULL, 20, 23, '2025-12', 0.0000, '2025-12-18 15:08:00'),
(889, NULL, 21, 23, '2025-12', 0.0000, '2025-12-18 15:08:00'),
(890, NULL, 22, 23, '2025-12', 0.0000, '2025-12-18 15:08:00'),
(891, NULL, 4, 23, '2025-12', -11000000.0000, '2025-12-18 15:08:00'),
(892, NULL, 5, 23, '2025-12', 0.0000, '2025-12-18 15:08:00'),
(893, NULL, 19, 23, '2025-12', 0.0000, '2025-12-18 15:08:00'),
(894, NULL, 24, 23, '2025-12', 0.0000, '2025-12-18 15:08:00'),
(895, NULL, 25, 23, '2025-12', 0.0000, '2025-12-18 15:08:00'),
(896, NULL, 26, 23, '2025-12', 0.0000, '2025-12-18 15:08:00'),
(897, NULL, 6, 23, '2025-12', 0.0000, '2025-12-18 15:08:00'),
(2692, 39, NULL, 1, '2025-11', 0.3000, '2025-12-31 00:32:58'),
(2693, 26, NULL, 1, '2025-11', 4500000.0000, '2025-12-31 00:32:58'),
(2694, 35, NULL, 1, '2025-11', 0.0100, '2025-12-31 00:32:58'),
(2695, 25, NULL, 1, '2025-11', 11000000.0000, '2025-12-31 00:32:58'),
(2696, 36, NULL, 1, '2025-11', 0.1750, '2025-12-31 00:32:58'),
(2697, 34, NULL, 1, '2025-11', 0.0150, '2025-12-31 00:32:58'),
(2698, 14, NULL, 1, '2025-11', 2340000.0000, '2025-12-31 00:32:58'),
(2699, 13, NULL, 1, '2025-11', 2.0000, '2025-12-31 00:32:58'),
(2700, 17, NULL, 1, '2025-11', 1000000.0000, '2025-12-31 00:32:58'),
(2701, 3, NULL, 1, '2025-11', 0.0000, '2025-12-31 00:32:58'),
(2702, 29, NULL, 1, '2025-11', 0.0000, '2025-12-31 00:32:58'),
(2703, 10, NULL, 1, '2025-11', 730000.0000, '2025-12-31 00:32:58'),
(2704, 2, NULL, 1, '2025-11', 26.0000, '2025-12-31 00:32:58'),
(2705, 7, NULL, 1, '2025-11', 0.0000, '2025-12-31 00:32:58'),
(2706, 15, NULL, 1, '2025-11', 4960000.0000, '2025-12-31 00:32:58'),
(2707, 4, NULL, 1, '2025-11', 3730000.0000, '2025-12-31 00:32:58'),
(2708, 16, NULL, 1, '2025-11', 20.0000, '2025-12-31 00:32:58'),
(2709, 5, NULL, 1, '2025-11', 0.0000, '2025-12-31 00:32:58'),
(2710, 27, NULL, 1, '2025-11', 158653.8462, '2025-12-31 00:32:58'),
(2711, 6, NULL, 1, '2025-11', 0.0000, '2025-12-31 00:32:58'),
(2712, 8, NULL, 1, '2025-11', 30000000.0000, '2025-12-31 00:32:58'),
(2713, 33, NULL, 1, '2025-11', 0.0800, '2025-12-31 00:32:58'),
(2714, 38, NULL, 1, '2025-11', 0.0100, '2025-12-31 00:32:58'),
(2715, 37, NULL, 1, '2025-11', 0.0300, '2025-12-31 00:32:58'),
(2716, 1, NULL, 1, '2025-11', 30000000.0000, '2025-12-31 00:32:58'),
(2717, 11, NULL, 1, '2025-11', 20000000.0000, '2025-12-31 00:32:58'),
(2718, NULL, 1, 1, '2025-11', 0.0000, '2025-12-31 00:32:58'),
(2719, NULL, 27, 1, '2025-11', 0.0000, '2025-12-31 00:32:58'),
(2720, NULL, 3, 1, '2025-11', 0.0000, '2025-12-31 00:32:58'),
(2721, NULL, 20, 1, '2025-11', 2400000.0000, '2025-12-31 00:32:58'),
(2722, NULL, 21, 1, '2025-11', 450000.0000, '2025-12-31 00:32:58'),
(2723, NULL, 22, 1, '2025-11', 300000.0000, '2025-12-31 00:32:58'),
(2724, NULL, 4, 1, '2025-11', -23880000.0000, '2025-12-31 00:32:58'),
(2725, NULL, 5, 1, '2025-11', 0.0000, '2025-12-31 00:32:58'),
(2726, NULL, 19, 1, '2025-11', 0.0000, '2025-12-31 00:32:58'),
(2727, NULL, 24, 1, '2025-11', 5250000.0000, '2025-12-31 00:32:58'),
(2728, NULL, 25, 1, '2025-11', 900000.0000, '2025-12-31 00:32:58'),
(2729, NULL, 26, 1, '2025-11', 300000.0000, '2025-12-31 00:32:58'),
(2730, NULL, 6, 1, '2025-11', -3150000.0000, '2025-12-31 00:32:58'),
(2731, 39, NULL, 2, '2025-11', 0.3000, '2025-12-31 00:32:58'),
(2732, 26, NULL, 2, '2025-11', 4500000.0000, '2025-12-31 00:32:58'),
(2733, 35, NULL, 2, '2025-11', 0.0100, '2025-12-31 00:32:58'),
(2734, 25, NULL, 2, '2025-11', 11000000.0000, '2025-12-31 00:32:58'),
(2735, 36, NULL, 2, '2025-11', 0.1750, '2025-12-31 00:32:58'),
(2736, 34, NULL, 2, '2025-11', 0.0150, '2025-12-31 00:32:58'),
(2737, 14, NULL, 2, '2025-11', 2340000.0000, '2025-12-31 00:32:58'),
(2738, 13, NULL, 2, '2025-11', 1.0000, '2025-12-31 00:32:58'),
(2739, 17, NULL, 2, '2025-11', 1000000.0000, '2025-12-31 00:32:58'),
(2740, 3, NULL, 2, '2025-11', 0.0000, '2025-12-31 00:32:58'),
(2741, 29, NULL, 2, '2025-11', 0.0000, '2025-12-31 00:32:58'),
(2742, 10, NULL, 2, '2025-11', 730000.0000, '2025-12-31 00:32:58'),
(2743, 2, NULL, 2, '2025-11', 26.0000, '2025-12-31 00:32:58'),
(2744, 7, NULL, 2, '2025-11', 0.0000, '2025-12-31 00:32:58'),
(2745, 15, NULL, 2, '2025-11', 4960000.0000, '2025-12-31 00:32:58'),
(2746, 4, NULL, 2, '2025-11', 730000.0000, '2025-12-31 00:32:58'),
(2747, 16, NULL, 2, '2025-11', 20.0000, '2025-12-31 00:32:58'),
(2748, 5, NULL, 2, '2025-11', 0.0000, '2025-12-31 00:32:58'),
(2749, 27, NULL, 2, '2025-11', 72115.3846, '2025-12-31 00:32:58'),
(2750, 6, NULL, 2, '2025-11', 0.0000, '2025-12-31 00:32:58'),
(2751, 8, NULL, 2, '2025-11', 15000000.0000, '2025-12-31 00:32:58'),
(2752, 33, NULL, 2, '2025-11', 0.0800, '2025-12-31 00:32:58'),
(2753, 38, NULL, 2, '2025-11', 0.0100, '2025-12-31 00:32:58'),
(2754, 37, NULL, 2, '2025-11', 0.0300, '2025-12-31 00:32:58'),
(2755, 1, NULL, 2, '2025-11', 15000000.0000, '2025-12-31 00:32:58'),
(2756, 11, NULL, 2, '2025-11', 15500000.0000, '2025-12-31 00:32:58'),
(2757, NULL, 1, 2, '2025-11', 0.0000, '2025-12-31 00:32:58'),
(2758, NULL, 27, 2, '2025-11', 0.0000, '2025-12-31 00:32:58'),
(2759, NULL, 3, 2, '2025-11', 0.0000, '2025-12-31 00:32:58'),
(2760, NULL, 20, 2, '2025-11', 1200000.0000, '2025-12-31 00:32:58'),
(2761, NULL, 21, 2, '2025-11', 225000.0000, '2025-12-31 00:32:58'),
(2762, NULL, 22, 2, '2025-11', 150000.0000, '2025-12-31 00:32:58'),
(2763, NULL, 4, 2, '2025-11', -17805000.0000, '2025-12-31 00:32:58'),
(2764, NULL, 5, 2, '2025-11', 0.0000, '2025-12-31 00:32:58'),
(2765, NULL, 19, 2, '2025-11', 0.0000, '2025-12-31 00:32:58'),
(2766, NULL, 24, 2, '2025-11', 2625000.0000, '2025-12-31 00:32:58'),
(2767, NULL, 25, 2, '2025-11', 450000.0000, '2025-12-31 00:32:58'),
(2768, NULL, 26, 2, '2025-11', 150000.0000, '2025-12-31 00:32:58'),
(2769, NULL, 6, 2, '2025-11', -1575000.0000, '2025-12-31 00:32:58'),
(2770, 39, NULL, 3, '2025-11', 0.3000, '2025-12-31 00:32:58'),
(2771, 26, NULL, 3, '2025-11', 4500000.0000, '2025-12-31 00:32:58'),
(2772, 35, NULL, 3, '2025-11', 0.0100, '2025-12-31 00:32:58'),
(2773, 25, NULL, 3, '2025-11', 11000000.0000, '2025-12-31 00:32:58'),
(2774, 36, NULL, 3, '2025-11', 0.1750, '2025-12-31 00:32:58'),
(2775, 34, NULL, 3, '2025-11', 0.0150, '2025-12-31 00:32:58'),
(2776, 14, NULL, 3, '2025-11', 2340000.0000, '2025-12-31 00:32:58'),
(2777, 13, NULL, 3, '2025-11', 1.0000, '2025-12-31 00:32:58'),
(2778, 17, NULL, 3, '2025-11', 1000000.0000, '2025-12-31 00:32:58'),
(2779, 3, NULL, 3, '2025-11', 0.0000, '2025-12-31 00:32:58'),
(2780, 29, NULL, 3, '2025-11', 0.0000, '2025-12-31 00:32:58'),
(2781, 10, NULL, 3, '2025-11', 730000.0000, '2025-12-31 00:32:58'),
(2782, 2, NULL, 3, '2025-11', 26.0000, '2025-12-31 00:32:58'),
(2783, 7, NULL, 3, '2025-11', 0.0000, '2025-12-31 00:32:58'),
(2784, 15, NULL, 3, '2025-11', 4960000.0000, '2025-12-31 00:32:58'),
(2785, 4, NULL, 3, '2025-11', 3730000.0000, '2025-12-31 00:32:58'),
(2786, 16, NULL, 3, '2025-11', 20.0000, '2025-12-31 00:32:58'),
(2787, 5, NULL, 3, '2025-11', 0.0000, '2025-12-31 00:32:58'),
(2788, 27, NULL, 3, '2025-11', 134615.3846, '2025-12-31 00:32:58'),
(2789, 6, NULL, 3, '2025-11', 0.0000, '2025-12-31 00:32:58'),
(2790, 8, NULL, 3, '2025-11', 25000000.0000, '2025-12-31 00:32:58'),
(2791, 33, NULL, 3, '2025-11', 0.0800, '2025-12-31 00:32:58'),
(2792, 38, NULL, 3, '2025-11', 0.0100, '2025-12-31 00:32:58'),
(2793, 37, NULL, 3, '2025-11', 0.0300, '2025-12-31 00:32:58'),
(2794, 1, NULL, 3, '2025-11', 25000000.0000, '2025-12-31 00:32:58'),
(2795, 11, NULL, 3, '2025-11', 15500000.0000, '2025-12-31 00:32:58'),
(2796, NULL, 1, 3, '2025-11', 0.0000, '2025-12-31 00:32:58'),
(2797, NULL, 27, 3, '2025-11', 0.0000, '2025-12-31 00:32:58'),
(2798, NULL, 3, 3, '2025-11', 0.0000, '2025-12-31 00:32:58'),
(2799, NULL, 20, 3, '2025-11', 2000000.0000, '2025-12-31 00:32:58'),
(2800, NULL, 21, 3, '2025-11', 375000.0000, '2025-12-31 00:32:58'),
(2801, NULL, 22, 3, '2025-11', 250000.0000, '2025-12-31 00:32:58'),
(2802, NULL, 4, 3, '2025-11', -18855000.0000, '2025-12-31 00:32:58'),
(2803, NULL, 5, 3, '2025-11', 0.0000, '2025-12-31 00:32:58'),
(2804, NULL, 19, 3, '2025-11', 0.0000, '2025-12-31 00:32:58'),
(2805, NULL, 24, 3, '2025-11', 4375000.0000, '2025-12-31 00:32:58'),
(2806, NULL, 25, 3, '2025-11', 750000.0000, '2025-12-31 00:32:58'),
(2807, NULL, 26, 3, '2025-11', 250000.0000, '2025-12-31 00:32:58'),
(2808, NULL, 6, 3, '2025-11', -2625000.0000, '2025-12-31 00:32:58'),
(2809, 39, NULL, 4, '2025-11', 0.3000, '2025-12-31 00:32:58'),
(2810, 26, NULL, 4, '2025-11', 4500000.0000, '2025-12-31 00:32:58'),
(2811, 35, NULL, 4, '2025-11', 0.0100, '2025-12-31 00:32:58'),
(2812, 25, NULL, 4, '2025-11', 11000000.0000, '2025-12-31 00:32:58'),
(2813, 36, NULL, 4, '2025-11', 0.1750, '2025-12-31 00:32:58'),
(2814, 34, NULL, 4, '2025-11', 0.0150, '2025-12-31 00:32:58'),
(2815, 14, NULL, 4, '2025-11', 2340000.0000, '2025-12-31 00:32:58'),
(2816, 13, NULL, 4, '2025-11', 1.0000, '2025-12-31 00:32:58'),
(2817, 17, NULL, 4, '2025-11', 1000000.0000, '2025-12-31 00:32:58'),
(2818, 3, NULL, 4, '2025-11', 0.0000, '2025-12-31 00:32:58'),
(2819, 29, NULL, 4, '2025-11', 0.0000, '2025-12-31 00:32:58'),
(2820, 10, NULL, 4, '2025-11', 730000.0000, '2025-12-31 00:32:58'),
(2821, 2, NULL, 4, '2025-11', 26.0000, '2025-12-31 00:32:58'),
(2822, 7, NULL, 4, '2025-11', 0.0000, '2025-12-31 00:32:58'),
(2823, 15, NULL, 4, '2025-11', 4960000.0000, '2025-12-31 00:32:58'),
(2824, 4, NULL, 4, '2025-11', 1130000.0000, '2025-12-31 00:32:58'),
(2825, 16, NULL, 4, '2025-11', 20.0000, '2025-12-31 00:32:58'),
(2826, 5, NULL, 4, '2025-11', 0.0000, '2025-12-31 00:32:58'),
(2827, 27, NULL, 4, '2025-11', 59615.3846, '2025-12-31 00:32:58'),
(2828, 6, NULL, 4, '2025-11', 0.0000, '2025-12-31 00:32:58'),
(2829, 8, NULL, 4, '2025-11', 12000000.0000, '2025-12-31 00:32:58'),
(2830, 33, NULL, 4, '2025-11', 0.0800, '2025-12-31 00:32:58'),
(2831, 38, NULL, 4, '2025-11', 0.0100, '2025-12-31 00:32:58'),
(2832, 37, NULL, 4, '2025-11', 0.0300, '2025-12-31 00:32:58'),
(2833, 1, NULL, 4, '2025-11', 12000000.0000, '2025-12-31 00:32:58'),
(2834, 11, NULL, 4, '2025-11', 15500000.0000, '2025-12-31 00:32:58'),
(2835, NULL, 1, 4, '2025-11', 0.0000, '2025-12-31 00:32:58'),
(2836, NULL, 27, 4, '2025-11', 0.0000, '2025-12-31 00:32:58'),
(2837, NULL, 3, 4, '2025-11', 0.0000, '2025-12-31 00:32:58'),
(2838, NULL, 20, 4, '2025-11', 960000.0000, '2025-12-31 00:32:58'),
(2839, NULL, 21, 4, '2025-11', 180000.0000, '2025-12-31 00:32:58'),
(2840, NULL, 22, 4, '2025-11', 120000.0000, '2025-12-31 00:32:58'),
(2841, NULL, 4, 4, '2025-11', -17490000.0000, '2025-12-31 00:32:58'),
(2842, NULL, 5, 4, '2025-11', 0.0000, '2025-12-31 00:32:58'),
(2843, NULL, 19, 4, '2025-11', 0.0000, '2025-12-31 00:32:58'),
(2844, NULL, 24, 4, '2025-11', 2100000.0000, '2025-12-31 00:32:58'),
(2845, NULL, 25, 4, '2025-11', 360000.0000, '2025-12-31 00:32:58'),
(2846, NULL, 26, 4, '2025-11', 120000.0000, '2025-12-31 00:32:58'),
(2847, NULL, 6, 4, '2025-11', -1260000.0000, '2025-12-31 00:32:58'),
(2848, 39, NULL, 5, '2025-11', 0.3000, '2025-12-31 00:32:58'),
(2849, 26, NULL, 5, '2025-11', 4500000.0000, '2025-12-31 00:32:58'),
(2850, 35, NULL, 5, '2025-11', 0.0100, '2025-12-31 00:32:58'),
(2851, 25, NULL, 5, '2025-11', 11000000.0000, '2025-12-31 00:32:58'),
(2852, 36, NULL, 5, '2025-11', 0.1750, '2025-12-31 00:32:58'),
(2853, 34, NULL, 5, '2025-11', 0.0150, '2025-12-31 00:32:58'),
(2854, 14, NULL, 5, '2025-11', 2340000.0000, '2025-12-31 00:32:58'),
(2855, 13, NULL, 5, '2025-11', 2.0000, '2025-12-31 00:32:58'),
(2856, 17, NULL, 5, '2025-11', 1000000.0000, '2025-12-31 00:32:58'),
(2857, 3, NULL, 5, '2025-11', 1.0000, '2025-12-31 00:32:58'),
(2858, 29, NULL, 5, '2025-11', 0.0000, '2025-12-31 00:32:58'),
(2859, 10, NULL, 5, '2025-11', 730000.0000, '2025-12-31 00:32:58'),
(2860, 2, NULL, 5, '2025-11', 26.0000, '2025-12-31 00:32:58'),
(2861, 7, NULL, 5, '2025-11', 0.0000, '2025-12-31 00:32:58'),
(2862, 15, NULL, 5, '2025-11', 4960000.0000, '2025-12-31 00:32:58'),
(2863, 4, NULL, 5, '2025-11', 3730000.0000, '2025-12-31 00:32:58'),
(2864, 16, NULL, 5, '2025-11', 20.0000, '2025-12-31 00:32:58'),
(2865, 5, NULL, 5, '2025-11', 0.0000, '2025-12-31 00:32:58'),
(2866, 27, NULL, 5, '2025-11', 120192.3077, '2025-12-31 00:32:58'),
(2867, 6, NULL, 5, '2025-11', 0.0000, '2025-12-31 00:32:58'),
(2868, 8, NULL, 5, '2025-11', 22000000.0000, '2025-12-31 00:32:58'),
(2869, 33, NULL, 5, '2025-11', 0.0800, '2025-12-31 00:32:58'),
(2870, 38, NULL, 5, '2025-11', 0.0100, '2025-12-31 00:32:58'),
(2871, 37, NULL, 5, '2025-11', 0.0300, '2025-12-31 00:32:58'),
(2872, 1, NULL, 5, '2025-11', 22000000.0000, '2025-12-31 00:32:58'),
(2873, 11, NULL, 5, '2025-11', 20000000.0000, '2025-12-31 00:32:58'),
(2874, NULL, 1, 5, '2025-11', 989615.3800, '2025-12-31 00:32:58'),
(2875, NULL, 27, 5, '2025-11', 0.0000, '2025-12-31 00:32:58'),
(2876, NULL, 3, 5, '2025-11', 989615.3800, '2025-12-31 00:32:58'),
(2877, NULL, 20, 5, '2025-11', 1760000.0000, '2025-12-31 00:32:58'),
(2878, NULL, 21, 5, '2025-11', 330000.0000, '2025-12-31 00:32:58'),
(2879, NULL, 22, 5, '2025-11', 220000.0000, '2025-12-31 00:32:58'),
(2880, NULL, 4, 5, '2025-11', -22050384.6200, '2025-12-31 00:32:58'),
(2881, NULL, 5, 5, '2025-11', 0.0000, '2025-12-31 00:32:58'),
(2882, NULL, 19, 5, '2025-11', 0.0000, '2025-12-31 00:32:58'),
(2883, NULL, 24, 5, '2025-11', 3850000.0000, '2025-12-31 00:32:58'),
(2884, NULL, 25, 5, '2025-11', 660000.0000, '2025-12-31 00:32:58'),
(2885, NULL, 26, 5, '2025-11', 220000.0000, '2025-12-31 00:32:58'),
(2886, NULL, 6, 5, '2025-11', -1320384.6200, '2025-12-31 00:32:58'),
(2887, 39, NULL, 6, '2025-11', 0.3000, '2025-12-31 00:32:58'),
(2888, 26, NULL, 6, '2025-11', 4500000.0000, '2025-12-31 00:32:58'),
(2889, 35, NULL, 6, '2025-11', 0.0100, '2025-12-31 00:32:58'),
(2890, 25, NULL, 6, '2025-11', 11000000.0000, '2025-12-31 00:32:58'),
(2891, 36, NULL, 6, '2025-11', 0.1750, '2025-12-31 00:32:58'),
(2892, 34, NULL, 6, '2025-11', 0.0150, '2025-12-31 00:32:58'),
(2893, 14, NULL, 6, '2025-11', 2340000.0000, '2025-12-31 00:32:58'),
(2894, 13, NULL, 6, '2025-11', 1.0000, '2025-12-31 00:32:58'),
(2895, 17, NULL, 6, '2025-11', 1000000.0000, '2025-12-31 00:32:58'),
(2896, 3, NULL, 6, '2025-11', 2.0000, '2025-12-31 00:32:58'),
(2897, 29, NULL, 6, '2025-11', 0.0000, '2025-12-31 00:32:58'),
(2898, 10, NULL, 6, '2025-11', 1230000.0000, '2025-12-31 00:32:58'),
(2899, 2, NULL, 6, '2025-11', 26.0000, '2025-12-31 00:32:58'),
(2900, 7, NULL, 6, '2025-11', 0.0000, '2025-12-31 00:32:58'),
(2901, 15, NULL, 6, '2025-11', 4960000.0000, '2025-12-31 00:32:58'),
(2902, 4, NULL, 6, '2025-11', 1230000.0000, '2025-12-31 00:32:58'),
(2903, 16, NULL, 6, '2025-11', 20.0000, '2025-12-31 00:32:58'),
(2904, 5, NULL, 6, '2025-11', 0.0000, '2025-12-31 00:32:58'),
(2905, 27, NULL, 6, '2025-11', 50480.7692, '2025-12-31 00:32:58'),
(2906, 6, NULL, 6, '2025-11', 200000.0000, '2025-12-31 00:32:58'),
(2907, 8, NULL, 6, '2025-11', 10000000.0000, '2025-12-31 00:32:58'),
(2908, 33, NULL, 6, '2025-11', 0.0800, '2025-12-31 00:32:58'),
(2909, 38, NULL, 6, '2025-11', 0.0100, '2025-12-31 00:32:58'),
(2910, 37, NULL, 6, '2025-11', 0.0300, '2025-12-31 00:32:58'),
(2911, 1, NULL, 6, '2025-11', 10000000.0000, '2025-12-31 00:32:58'),
(2912, 11, NULL, 6, '2025-11', 15500000.0000, '2025-12-31 00:32:58'),
(2913, NULL, 1, 6, '2025-11', 863846.1600, '2025-12-31 00:32:58'),
(2914, NULL, 27, 6, '2025-11', 0.0000, '2025-12-31 00:32:58'),
(2915, NULL, 3, 6, '2025-11', 663846.1600, '2025-12-31 00:32:58'),
(2916, NULL, 20, 6, '2025-11', 800000.0000, '2025-12-31 00:32:58'),
(2917, NULL, 21, 6, '2025-11', 150000.0000, '2025-12-31 00:32:58'),
(2918, NULL, 22, 6, '2025-11', 100000.0000, '2025-12-31 00:32:58'),
(2919, NULL, 4, 6, '2025-11', -17116153.8400, '2025-12-31 00:32:58'),
(2920, NULL, 5, 6, '2025-11', 0.0000, '2025-12-31 00:32:58'),
(2921, NULL, 19, 6, '2025-11', 0.0000, '2025-12-31 00:32:58'),
(2922, NULL, 24, 6, '2025-11', 1750000.0000, '2025-12-31 00:32:58'),
(2923, NULL, 25, 6, '2025-11', 300000.0000, '2025-12-31 00:32:58'),
(2924, NULL, 26, 6, '2025-11', 100000.0000, '2025-12-31 00:32:58'),
(2925, NULL, 6, 6, '2025-11', -586153.8400, '2025-12-31 00:32:58'),
(2926, 39, NULL, 7, '2025-11', 0.3000, '2025-12-31 00:32:58'),
(2927, 26, NULL, 7, '2025-11', 4500000.0000, '2025-12-31 00:32:58'),
(2928, 35, NULL, 7, '2025-11', 0.0100, '2025-12-31 00:32:58'),
(2929, 25, NULL, 7, '2025-11', 11000000.0000, '2025-12-31 00:32:58'),
(2930, 36, NULL, 7, '2025-11', 0.1750, '2025-12-31 00:32:58'),
(2931, 34, NULL, 7, '2025-11', 0.0150, '2025-12-31 00:32:58'),
(2932, 14, NULL, 7, '2025-11', 2340000.0000, '2025-12-31 00:32:58'),
(2933, 13, NULL, 7, '2025-11', 1.0000, '2025-12-31 00:32:58'),
(2934, 17, NULL, 7, '2025-11', 1000000.0000, '2025-12-31 00:32:58'),
(2935, 3, NULL, 7, '2025-11', 0.0000, '2025-12-31 00:32:58'),
(2936, 29, NULL, 7, '2025-11', 0.0000, '2025-12-31 00:32:58'),
(2937, 10, NULL, 7, '2025-11', 730000.0000, '2025-12-31 00:32:58'),
(2938, 2, NULL, 7, '2025-11', 26.0000, '2025-12-31 00:32:58'),
(2939, 7, NULL, 7, '2025-11', 0.0000, '2025-12-31 00:32:58'),
(2940, 15, NULL, 7, '2025-11', 4960000.0000, '2025-12-31 00:32:58'),
(2941, 4, NULL, 7, '2025-11', 3730000.0000, '2025-12-31 00:32:58'),
(2942, 16, NULL, 7, '2025-11', 20.0000, '2025-12-31 00:32:58'),
(2943, 5, NULL, 7, '2025-11', 0.0000, '2025-12-31 00:32:58'),
(2944, 27, NULL, 7, '2025-11', 110576.9231, '2025-12-31 00:32:58'),
(2945, 6, NULL, 7, '2025-11', 0.0000, '2025-12-31 00:32:58'),
(2946, 8, NULL, 7, '2025-11', 20000000.0000, '2025-12-31 00:32:58'),
(2947, 33, NULL, 7, '2025-11', 0.0800, '2025-12-31 00:32:58'),
(2948, 38, NULL, 7, '2025-11', 0.0100, '2025-12-31 00:32:58'),
(2949, 37, NULL, 7, '2025-11', 0.0300, '2025-12-31 00:32:58'),
(2950, 1, NULL, 7, '2025-11', 20000000.0000, '2025-12-31 00:32:58'),
(2951, 11, NULL, 7, '2025-11', 15500000.0000, '2025-12-31 00:32:58'),
(2952, NULL, 1, 7, '2025-11', 0.0000, '2025-12-31 00:32:58'),
(2953, NULL, 27, 7, '2025-11', 0.0000, '2025-12-31 00:32:58'),
(2954, NULL, 3, 7, '2025-11', 0.0000, '2025-12-31 00:32:58'),
(2955, NULL, 20, 7, '2025-11', 1600000.0000, '2025-12-31 00:32:58'),
(2956, NULL, 21, 7, '2025-11', 300000.0000, '2025-12-31 00:32:58'),
(2957, NULL, 22, 7, '2025-11', 200000.0000, '2025-12-31 00:32:58'),
(2958, NULL, 4, 7, '2025-11', -18330000.0000, '2025-12-31 00:32:58'),
(2959, NULL, 5, 7, '2025-11', 0.0000, '2025-12-31 00:32:58'),
(2960, NULL, 19, 7, '2025-11', 0.0000, '2025-12-31 00:32:58'),
(2961, NULL, 24, 7, '2025-11', 3500000.0000, '2025-12-31 00:32:58'),
(2962, NULL, 25, 7, '2025-11', 600000.0000, '2025-12-31 00:32:58'),
(2963, NULL, 26, 7, '2025-11', 200000.0000, '2025-12-31 00:32:58'),
(2964, NULL, 6, 7, '2025-11', -2100000.0000, '2025-12-31 00:32:58'),
(2965, 39, NULL, 8, '2025-11', 0.3000, '2025-12-31 00:32:58'),
(2966, 26, NULL, 8, '2025-11', 4500000.0000, '2025-12-31 00:32:58'),
(2967, 35, NULL, 8, '2025-11', 0.0100, '2025-12-31 00:32:58'),
(2968, 25, NULL, 8, '2025-11', 11000000.0000, '2025-12-31 00:32:58'),
(2969, 36, NULL, 8, '2025-11', 0.1750, '2025-12-31 00:32:58'),
(2970, 34, NULL, 8, '2025-11', 0.0150, '2025-12-31 00:32:58'),
(2971, 14, NULL, 8, '2025-11', 2340000.0000, '2025-12-31 00:32:58'),
(2972, 13, NULL, 8, '2025-11', 1.0000, '2025-12-31 00:32:58'),
(2973, 17, NULL, 8, '2025-11', 1000000.0000, '2025-12-31 00:32:58'),
(2974, 3, NULL, 8, '2025-11', 1.0000, '2025-12-31 00:32:58'),
(2975, 29, NULL, 8, '2025-11', 0.0000, '2025-12-31 00:32:58'),
(2976, 10, NULL, 8, '2025-11', 3230000.0000, '2025-12-31 00:32:58'),
(2977, 2, NULL, 8, '2025-11', 26.0000, '2025-12-31 00:32:58'),
(2978, 7, NULL, 8, '2025-11', 0.0000, '2025-12-31 00:32:58'),
(2979, 15, NULL, 8, '2025-11', 4960000.0000, '2025-12-31 00:32:58'),
(2980, 4, NULL, 8, '2025-11', 1230000.0000, '2025-12-31 00:32:58'),
(2981, 16, NULL, 8, '2025-11', 20.0000, '2025-12-31 00:32:58'),
(2982, 5, NULL, 8, '2025-11', 2000000.0000, '2025-12-31 00:32:58'),
(2983, 27, NULL, 8, '2025-11', 45673.0769, '2025-12-31 00:32:58'),
(2984, 6, NULL, 8, '2025-11', 0.0000, '2025-12-31 00:32:58'),
(2985, 8, NULL, 8, '2025-11', 9000000.0000, '2025-12-31 00:32:58'),
(2986, 33, NULL, 8, '2025-11', 0.0800, '2025-12-31 00:32:58'),
(2987, 38, NULL, 8, '2025-11', 0.0100, '2025-12-31 00:32:58'),
(2988, 37, NULL, 8, '2025-11', 0.0300, '2025-12-31 00:32:58'),
(2989, 1, NULL, 8, '2025-11', 9000000.0000, '2025-12-31 00:32:58'),
(2990, 11, NULL, 8, '2025-11', 15500000.0000, '2025-12-31 00:32:58'),
(2991, NULL, 1, 8, '2025-11', 393461.5400, '2025-12-31 00:32:58'),
(2992, NULL, 27, 8, '2025-11', 0.0000, '2025-12-31 00:32:58'),
(2993, NULL, 3, 8, '2025-11', 2393461.5400, '2025-12-31 00:32:58'),
(2994, NULL, 20, 8, '2025-11', 720000.0000, '2025-12-31 00:32:58'),
(2995, NULL, 21, 8, '2025-11', 135000.0000, '2025-12-31 00:32:58'),
(2996, NULL, 22, 8, '2025-11', 90000.0000, '2025-12-31 00:32:58'),
(2997, NULL, 4, 8, '2025-11', -17281538.4600, '2025-12-31 00:32:58'),
(2998, NULL, 5, 8, '2025-11', 0.0000, '2025-12-31 00:32:58'),
(2999, NULL, 19, 8, '2025-11', 0.0000, '2025-12-31 00:32:58'),
(3000, NULL, 24, 8, '2025-11', 1575000.0000, '2025-12-31 00:32:58'),
(3001, NULL, 25, 8, '2025-11', 270000.0000, '2025-12-31 00:32:58'),
(3002, NULL, 26, 8, '2025-11', 90000.0000, '2025-12-31 00:32:58'),
(3003, NULL, 6, 8, '2025-11', 1448461.5400, '2025-12-31 00:32:58'),
(3004, 39, NULL, 9, '2025-11', 0.3000, '2025-12-31 00:32:58'),
(3005, 26, NULL, 9, '2025-11', 4500000.0000, '2025-12-31 00:32:58'),
(3006, 35, NULL, 9, '2025-11', 0.0100, '2025-12-31 00:32:58'),
(3007, 25, NULL, 9, '2025-11', 11000000.0000, '2025-12-31 00:32:58'),
(3008, 36, NULL, 9, '2025-11', 0.1750, '2025-12-31 00:32:58'),
(3009, 34, NULL, 9, '2025-11', 0.0150, '2025-12-31 00:32:58'),
(3010, 14, NULL, 9, '2025-11', 2340000.0000, '2025-12-31 00:32:58'),
(3011, 13, NULL, 9, '2025-11', 2.0000, '2025-12-31 00:32:58'),
(3012, 17, NULL, 9, '2025-11', 1000000.0000, '2025-12-31 00:32:58'),
(3013, 3, NULL, 9, '2025-11', 0.0000, '2025-12-31 00:32:58'),
(3014, 29, NULL, 9, '2025-11', 0.0000, '2025-12-31 00:32:58'),
(3015, 10, NULL, 9, '2025-11', 1960000.0000, '2025-12-31 00:32:58'),
(3016, 2, NULL, 9, '2025-11', 26.0000, '2025-12-31 00:32:58'),
(3017, 7, NULL, 9, '2025-11', 0.0000, '2025-12-31 00:32:58'),
(3018, 15, NULL, 9, '2025-11', 4960000.0000, '2025-12-31 00:32:58'),
(3019, 4, NULL, 9, '2025-11', 6960000.0000, '2025-12-31 00:32:58'),
(3020, 16, NULL, 9, '2025-11', 20.0000, '2025-12-31 00:32:58'),
(3021, 5, NULL, 9, '2025-11', 0.0000, '2025-12-31 00:32:58'),
(3022, 27, NULL, 9, '2025-11', 112980.7692, '2025-12-31 00:32:58'),
(3023, 6, NULL, 9, '2025-11', 0.0000, '2025-12-31 00:32:58'),
(3024, 8, NULL, 9, '2025-11', 18000000.0000, '2025-12-31 00:32:58'),
(3025, 33, NULL, 9, '2025-11', 0.0800, '2025-12-31 00:32:58'),
(3026, 38, NULL, 9, '2025-11', 0.0100, '2025-12-31 00:32:58'),
(3027, 37, NULL, 9, '2025-11', 0.0300, '2025-12-31 00:32:58'),
(3028, 1, NULL, 9, '2025-11', 18000000.0000, '2025-12-31 00:32:58'),
(3029, 11, NULL, 9, '2025-11', 20000000.0000, '2025-12-31 00:32:58'),
(3030, NULL, 1, 9, '2025-11', 0.0000, '2025-12-31 00:32:58'),
(3031, NULL, 27, 9, '2025-11', 0.0000, '2025-12-31 00:32:58'),
(3032, NULL, 3, 9, '2025-11', 0.0000, '2025-12-31 00:32:58'),
(3033, NULL, 20, 9, '2025-11', 1440000.0000, '2025-12-31 00:32:58'),
(3034, NULL, 21, 9, '2025-11', 270000.0000, '2025-12-31 00:32:58'),
(3035, NULL, 22, 9, '2025-11', 180000.0000, '2025-12-31 00:32:58'),
(3036, NULL, 4, 9, '2025-11', -23850000.0000, '2025-12-31 00:32:58'),
(3037, NULL, 5, 9, '2025-11', 0.0000, '2025-12-31 00:32:58'),
(3038, NULL, 19, 9, '2025-11', 0.0000, '2025-12-31 00:32:58'),
(3039, NULL, 24, 9, '2025-11', 3150000.0000, '2025-12-31 00:32:58'),
(3040, NULL, 25, 9, '2025-11', 540000.0000, '2025-12-31 00:32:58'),
(3041, NULL, 26, 9, '2025-11', 180000.0000, '2025-12-31 00:32:58'),
(3042, NULL, 6, 9, '2025-11', -1890000.0000, '2025-12-31 00:32:58'),
(3043, 39, NULL, 10, '2025-11', 0.3000, '2025-12-31 00:32:58'),
(3044, 26, NULL, 10, '2025-11', 4500000.0000, '2025-12-31 00:32:58'),
(3045, 35, NULL, 10, '2025-11', 0.0100, '2025-12-31 00:32:58'),
(3046, 25, NULL, 10, '2025-11', 11000000.0000, '2025-12-31 00:32:58'),
(3047, 36, NULL, 10, '2025-11', 0.1750, '2025-12-31 00:32:58'),
(3048, 34, NULL, 10, '2025-11', 0.0150, '2025-12-31 00:32:58'),
(3049, 14, NULL, 10, '2025-11', 2340000.0000, '2025-12-31 00:32:58'),
(3050, 13, NULL, 10, '2025-11', 1.0000, '2025-12-31 00:32:58'),
(3051, 17, NULL, 10, '2025-11', 1000000.0000, '2025-12-31 00:32:58'),
(3052, 3, NULL, 10, '2025-11', 0.0000, '2025-12-31 00:32:58'),
(3053, 29, NULL, 10, '2025-11', 0.0000, '2025-12-31 00:32:58'),
(3054, 10, NULL, 10, '2025-11', 1460000.0000, '2025-12-31 00:32:58'),
(3055, 2, NULL, 10, '2025-11', 26.0000, '2025-12-31 00:32:58'),
(3056, 7, NULL, 10, '2025-11', 0.0000, '2025-12-31 00:32:58'),
(3057, 15, NULL, 10, '2025-11', 4960000.0000, '2025-12-31 00:32:58'),
(3058, 4, NULL, 10, '2025-11', 1460000.0000, '2025-12-31 00:32:58'),
(3059, 16, NULL, 10, '2025-11', 20.0000, '2025-12-31 00:32:58'),
(3060, 5, NULL, 10, '2025-11', 0.0000, '2025-12-31 00:32:58'),
(3061, 27, NULL, 10, '2025-11', 43269.2308, '2025-12-31 00:32:58'),
(3062, 6, NULL, 10, '2025-11', 500000.0000, '2025-12-31 00:32:58'),
(3063, 8, NULL, 10, '2025-11', 9000000.0000, '2025-12-31 00:32:58'),
(3064, 33, NULL, 10, '2025-11', 0.0800, '2025-12-31 00:32:58'),
(3065, 38, NULL, 10, '2025-11', 0.0100, '2025-12-31 00:32:58'),
(3066, 37, NULL, 10, '2025-11', 0.0300, '2025-12-31 00:32:58'),
(3067, 1, NULL, 10, '2025-11', 9000000.0000, '2025-12-31 00:32:58'),
(3068, 11, NULL, 10, '2025-11', 15500000.0000, '2025-12-31 00:32:58'),
(3069, NULL, 1, 10, '2025-11', 0.0000, '2025-12-31 00:32:58'),
(3070, NULL, 27, 10, '2025-11', 0.0000, '2025-12-31 00:32:58'),
(3071, NULL, 3, 10, '2025-11', -500000.0000, '2025-12-31 00:32:58'),
(3072, NULL, 20, 10, '2025-11', 720000.0000, '2025-12-31 00:32:58'),
(3073, NULL, 21, 10, '2025-11', 135000.0000, '2025-12-31 00:32:58'),
(3074, NULL, 22, 10, '2025-11', 90000.0000, '2025-12-31 00:32:58'),
(3075, NULL, 4, 10, '2025-11', -18405000.0000, '2025-12-31 00:32:58'),
(3076, NULL, 5, 10, '2025-11', 0.0000, '2025-12-31 00:32:58'),
(3077, NULL, 19, 10, '2025-11', 0.0000, '2025-12-31 00:32:58'),
(3078, NULL, 24, 10, '2025-11', 1575000.0000, '2025-12-31 00:32:58'),
(3079, NULL, 25, 10, '2025-11', 270000.0000, '2025-12-31 00:32:58'),
(3080, NULL, 26, 10, '2025-11', 90000.0000, '2025-12-31 00:32:58'),
(3081, NULL, 6, 10, '2025-11', -1945000.0000, '2025-12-31 00:32:58'),
(3082, 39, NULL, 11, '2025-11', 0.3000, '2025-12-31 00:32:58'),
(3083, 26, NULL, 11, '2025-11', 4500000.0000, '2025-12-31 00:32:58'),
(3084, 35, NULL, 11, '2025-11', 0.0100, '2025-12-31 00:32:58'),
(3085, 25, NULL, 11, '2025-11', 11000000.0000, '2025-12-31 00:32:58'),
(3086, 36, NULL, 11, '2025-11', 0.1750, '2025-12-31 00:32:58'),
(3087, 34, NULL, 11, '2025-11', 0.0150, '2025-12-31 00:32:58'),
(3088, 14, NULL, 11, '2025-11', 2340000.0000, '2025-12-31 00:32:58'),
(3089, 13, NULL, 11, '2025-11', 1.0000, '2025-12-31 00:32:58'),
(3090, 17, NULL, 11, '2025-11', 1000000.0000, '2025-12-31 00:32:58'),
(3091, 3, NULL, 11, '2025-11', 0.0000, '2025-12-31 00:32:58'),
(3092, 29, NULL, 11, '2025-11', 0.0000, '2025-12-31 00:32:58'),
(3093, 10, NULL, 11, '2025-11', 730000.0000, '2025-12-31 00:32:58'),
(3094, 2, NULL, 11, '2025-11', 26.0000, '2025-12-31 00:32:58'),
(3095, 7, NULL, 11, '2025-11', 0.0000, '2025-12-31 00:32:58'),
(3096, 15, NULL, 11, '2025-11', 4960000.0000, '2025-12-31 00:32:58'),
(3097, 4, NULL, 11, '2025-11', 4130000.0000, '2025-12-31 00:32:58'),
(3098, 16, NULL, 11, '2025-11', 20.0000, '2025-12-31 00:32:58'),
(3099, 5, NULL, 11, '2025-11', 0.0000, '2025-12-31 00:32:58'),
(3100, 27, NULL, 11, '2025-11', 98076.9231, '2025-12-31 00:32:58'),
(3101, 6, NULL, 11, '2025-11', 0.0000, '2025-12-31 00:32:58'),
(3102, 8, NULL, 11, '2025-11', 17000000.0000, '2025-12-31 00:32:58'),
(3103, 33, NULL, 11, '2025-11', 0.0800, '2025-12-31 00:32:58'),
(3104, 38, NULL, 11, '2025-11', 0.0100, '2025-12-31 00:32:58'),
(3105, 37, NULL, 11, '2025-11', 0.0300, '2025-12-31 00:32:58'),
(3106, 1, NULL, 11, '2025-11', 17000000.0000, '2025-12-31 00:32:58'),
(3107, 11, NULL, 11, '2025-11', 15500000.0000, '2025-12-31 00:32:58'),
(3108, NULL, 1, 11, '2025-11', 0.0000, '2025-12-31 00:32:58'),
(3109, NULL, 27, 11, '2025-11', 0.0000, '2025-12-31 00:32:58'),
(3110, NULL, 3, 11, '2025-11', 0.0000, '2025-12-31 00:32:58'),
(3111, NULL, 20, 11, '2025-11', 1360000.0000, '2025-12-31 00:32:58'),
(3112, NULL, 21, 11, '2025-11', 255000.0000, '2025-12-31 00:32:58'),
(3113, NULL, 22, 11, '2025-11', 170000.0000, '2025-12-31 00:32:58'),
(3114, NULL, 4, 11, '2025-11', -18015000.0000, '2025-12-31 00:32:58'),
(3115, NULL, 5, 11, '2025-11', 0.0000, '2025-12-31 00:32:58'),
(3116, NULL, 19, 11, '2025-11', 0.0000, '2025-12-31 00:32:58'),
(3117, NULL, 24, 11, '2025-11', 2975000.0000, '2025-12-31 00:32:58'),
(3118, NULL, 25, 11, '2025-11', 510000.0000, '2025-12-31 00:32:58'),
(3119, NULL, 26, 11, '2025-11', 170000.0000, '2025-12-31 00:32:58'),
(3120, NULL, 6, 11, '2025-11', -1785000.0000, '2025-12-31 00:32:58'),
(3121, 39, NULL, 12, '2025-11', 0.3000, '2025-12-31 00:32:58'),
(3122, 26, NULL, 12, '2025-11', 4500000.0000, '2025-12-31 00:32:58'),
(3123, 35, NULL, 12, '2025-11', 0.0100, '2025-12-31 00:32:58'),
(3124, 25, NULL, 12, '2025-11', 11000000.0000, '2025-12-31 00:32:58'),
(3125, 36, NULL, 12, '2025-11', 0.1750, '2025-12-31 00:32:58'),
(3126, 34, NULL, 12, '2025-11', 0.0150, '2025-12-31 00:32:58'),
(3127, 14, NULL, 12, '2025-11', 2340000.0000, '2025-12-31 00:32:58'),
(3128, 13, NULL, 12, '2025-11', 1.0000, '2025-12-31 00:32:58'),
(3129, 17, NULL, 12, '2025-11', 1000000.0000, '2025-12-31 00:32:58'),
(3130, 3, NULL, 12, '2025-11', 1.0000, '2025-12-31 00:32:58'),
(3131, 29, NULL, 12, '2025-11', 0.0000, '2025-12-31 00:32:58'),
(3132, 10, NULL, 12, '2025-11', 730000.0000, '2025-12-31 00:32:58'),
(3133, 2, NULL, 12, '2025-11', 26.0000, '2025-12-31 00:32:58'),
(3134, 7, NULL, 12, '2025-11', 0.0000, '2025-12-31 00:32:58'),
(3135, 15, NULL, 12, '2025-11', 4960000.0000, '2025-12-31 00:32:58'),
(3136, 4, NULL, 12, '2025-11', 1130000.0000, '2025-12-31 00:32:58'),
(3137, 16, NULL, 12, '2025-11', 20.0000, '2025-12-31 00:32:58'),
(3138, 5, NULL, 12, '2025-11', 0.0000, '2025-12-31 00:32:58'),
(3139, 27, NULL, 12, '2025-11', 40384.6154, '2025-12-31 00:32:58'),
(3140, 6, NULL, 12, '2025-11', 0.0000, '2025-12-31 00:32:58'),
(3141, 8, NULL, 12, '2025-11', 8000000.0000, '2025-12-31 00:32:58'),
(3142, 33, NULL, 12, '2025-11', 0.0800, '2025-12-31 00:32:58'),
(3143, 38, NULL, 12, '2025-11', 0.0100, '2025-12-31 00:32:58'),
(3144, 37, NULL, 12, '2025-11', 0.0300, '2025-12-31 00:32:58'),
(3145, 1, NULL, 12, '2025-11', 8000000.0000, '2025-12-31 00:32:58'),
(3146, 11, NULL, 12, '2025-11', 15500000.0000, '2025-12-31 00:32:58'),
(3147, NULL, 1, 12, '2025-11', 351153.8500, '2025-12-31 00:32:58'),
(3148, NULL, 27, 12, '2025-11', 0.0000, '2025-12-31 00:32:58'),
(3149, NULL, 3, 12, '2025-11', 351153.8500, '2025-12-31 00:32:58'),
(3150, NULL, 20, 12, '2025-11', 640000.0000, '2025-12-31 00:32:58'),
(3151, NULL, 21, 12, '2025-11', 120000.0000, '2025-12-31 00:32:58'),
(3152, NULL, 22, 12, '2025-11', 80000.0000, '2025-12-31 00:32:58'),
(3153, NULL, 4, 12, '2025-11', -16718846.1500, '2025-12-31 00:32:58'),
(3154, NULL, 5, 12, '2025-11', 0.0000, '2025-12-31 00:32:58'),
(3155, NULL, 19, 12, '2025-11', 0.0000, '2025-12-31 00:32:58'),
(3156, NULL, 24, 12, '2025-11', 1400000.0000, '2025-12-31 00:32:58'),
(3157, NULL, 25, 12, '2025-11', 240000.0000, '2025-12-31 00:32:58'),
(3158, NULL, 26, 12, '2025-11', 80000.0000, '2025-12-31 00:32:58'),
(3159, NULL, 6, 12, '2025-11', -488846.1500, '2025-12-31 00:32:58'),
(3160, 39, NULL, 13, '2025-11', 0.3000, '2025-12-31 00:32:58'),
(3161, 26, NULL, 13, '2025-11', 4500000.0000, '2025-12-31 00:32:58'),
(3162, 35, NULL, 13, '2025-11', 0.0100, '2025-12-31 00:32:58'),
(3163, 25, NULL, 13, '2025-11', 11000000.0000, '2025-12-31 00:32:58'),
(3164, 36, NULL, 13, '2025-11', 0.1750, '2025-12-31 00:32:58'),
(3165, 34, NULL, 13, '2025-11', 0.0150, '2025-12-31 00:32:58'),
(3166, 14, NULL, 13, '2025-11', 2340000.0000, '2025-12-31 00:32:58'),
(3167, 13, NULL, 13, '2025-11', 1.0000, '2025-12-31 00:32:58'),
(3168, 17, NULL, 13, '2025-11', 1000000.0000, '2025-12-31 00:32:58'),
(3169, 3, NULL, 13, '2025-11', 0.0000, '2025-12-31 00:32:58'),
(3170, 29, NULL, 13, '2025-11', 0.0000, '2025-12-31 00:32:58'),
(3171, 10, NULL, 13, '2025-11', 730000.0000, '2025-12-31 00:32:58'),
(3172, 2, NULL, 13, '2025-11', 26.0000, '2025-12-31 00:32:58'),
(3173, 7, NULL, 13, '2025-11', 0.0000, '2025-12-31 00:32:58'),
(3174, 15, NULL, 13, '2025-11', 4960000.0000, '2025-12-31 00:32:58'),
(3175, 4, NULL, 13, '2025-11', 1130000.0000, '2025-12-31 00:32:58'),
(3176, 16, NULL, 13, '2025-11', 20.0000, '2025-12-31 00:32:58'),
(3177, 5, NULL, 13, '2025-11', 0.0000, '2025-12-31 00:32:58'),
(3178, 27, NULL, 13, '2025-11', 69230.7692, '2025-12-31 00:32:59'),
(3179, 6, NULL, 13, '2025-11', 0.0000, '2025-12-31 00:32:59'),
(3180, 8, NULL, 13, '2025-11', 14000000.0000, '2025-12-31 00:32:59'),
(3181, 33, NULL, 13, '2025-11', 0.0800, '2025-12-31 00:32:59'),
(3182, 38, NULL, 13, '2025-11', 0.0100, '2025-12-31 00:32:59'),
(3183, 37, NULL, 13, '2025-11', 0.0300, '2025-12-31 00:32:59'),
(3184, 1, NULL, 13, '2025-11', 14000000.0000, '2025-12-31 00:32:59'),
(3185, 11, NULL, 13, '2025-11', 15500000.0000, '2025-12-31 00:32:59'),
(3186, NULL, 1, 13, '2025-11', 0.0000, '2025-12-31 00:32:59'),
(3187, NULL, 27, 13, '2025-11', 0.0000, '2025-12-31 00:32:59'),
(3188, NULL, 3, 13, '2025-11', 0.0000, '2025-12-31 00:32:59'),
(3189, NULL, 20, 13, '2025-11', 1120000.0000, '2025-12-31 00:32:59'),
(3190, NULL, 21, 13, '2025-11', 210000.0000, '2025-12-31 00:32:59'),
(3191, NULL, 22, 13, '2025-11', 140000.0000, '2025-12-31 00:32:59'),
(3192, NULL, 4, 13, '2025-11', -17700000.0000, '2025-12-31 00:32:59'),
(3193, NULL, 5, 13, '2025-11', 0.0000, '2025-12-31 00:32:59'),
(3194, NULL, 19, 13, '2025-11', 0.0000, '2025-12-31 00:32:59'),
(3195, NULL, 24, 13, '2025-11', 2450000.0000, '2025-12-31 00:32:59'),
(3196, NULL, 25, 13, '2025-11', 420000.0000, '2025-12-31 00:32:59'),
(3197, NULL, 26, 13, '2025-11', 140000.0000, '2025-12-31 00:32:59'),
(3198, NULL, 6, 13, '2025-11', -1470000.0000, '2025-12-31 00:32:59'),
(3199, 39, NULL, 14, '2025-11', 0.3000, '2025-12-31 00:32:59'),
(3200, 26, NULL, 14, '2025-11', 4500000.0000, '2025-12-31 00:32:59'),
(3201, 35, NULL, 14, '2025-11', 0.0100, '2025-12-31 00:32:59'),
(3202, 25, NULL, 14, '2025-11', 11000000.0000, '2025-12-31 00:32:59'),
(3203, 36, NULL, 14, '2025-11', 0.1750, '2025-12-31 00:32:59'),
(3204, 34, NULL, 14, '2025-11', 0.0150, '2025-12-31 00:32:59'),
(3205, 14, NULL, 14, '2025-11', 2340000.0000, '2025-12-31 00:32:59'),
(3206, 13, NULL, 14, '2025-11', 1.0000, '2025-12-31 00:32:59'),
(3207, 17, NULL, 14, '2025-11', 1000000.0000, '2025-12-31 00:32:59'),
(3208, 3, NULL, 14, '2025-11', 0.0000, '2025-12-31 00:32:59'),
(3209, 29, NULL, 14, '2025-11', 0.0000, '2025-12-31 00:32:59'),
(3210, 10, NULL, 14, '2025-11', 730000.0000, '2025-12-31 00:32:59'),
(3211, 2, NULL, 14, '2025-11', 26.0000, '2025-12-31 00:32:59'),
(3212, 7, NULL, 14, '2025-11', 0.0000, '2025-12-31 00:32:59'),
(3213, 15, NULL, 14, '2025-11', 4960000.0000, '2025-12-31 00:32:59'),
(3214, 4, NULL, 14, '2025-11', 1130000.0000, '2025-12-31 00:32:59'),
(3215, 16, NULL, 14, '2025-11', 20.0000, '2025-12-31 00:32:59'),
(3216, 5, NULL, 14, '2025-11', 0.0000, '2025-12-31 00:32:59'),
(3217, 27, NULL, 14, '2025-11', 25961.5385, '2025-12-31 00:32:59'),
(3218, 6, NULL, 14, '2025-11', 0.0000, '2025-12-31 00:32:59'),
(3219, 8, NULL, 14, '2025-11', 0.0000, '2025-12-31 00:32:59'),
(3220, 33, NULL, 14, '2025-11', 0.0800, '2025-12-31 00:32:59'),
(3221, 38, NULL, 14, '2025-11', 0.0100, '2025-12-31 00:32:59'),
(3222, 37, NULL, 14, '2025-11', 0.0300, '2025-12-31 00:32:59'),
(3223, 1, NULL, 14, '2025-11', 5000000.0000, '2025-12-31 00:32:59'),
(3224, 11, NULL, 14, '2025-11', 15500000.0000, '2025-12-31 00:32:59'),
(3225, NULL, 1, 14, '2025-11', 0.0000, '2025-12-31 00:32:59'),
(3226, NULL, 27, 14, '2025-11', 0.0000, '2025-12-31 00:32:59'),
(3227, NULL, 3, 14, '2025-11', 0.0000, '2025-12-31 00:32:59'),
(3228, NULL, 20, 14, '2025-11', 0.0000, '2025-12-31 00:32:59'),
(3229, NULL, 21, 14, '2025-11', 0.0000, '2025-12-31 00:32:59'),
(3230, NULL, 22, 14, '2025-11', 0.0000, '2025-12-31 00:32:59'),
(3231, NULL, 4, 14, '2025-11', -16230000.0000, '2025-12-31 00:32:59'),
(3232, NULL, 5, 14, '2025-11', 0.0000, '2025-12-31 00:32:59'),
(3233, NULL, 19, 14, '2025-11', 0.0000, '2025-12-31 00:32:59'),
(3234, NULL, 24, 14, '2025-11', 0.0000, '2025-12-31 00:32:59'),
(3235, NULL, 25, 14, '2025-11', 0.0000, '2025-12-31 00:32:59'),
(3236, NULL, 26, 14, '2025-11', 0.0000, '2025-12-31 00:32:59'),
(3237, NULL, 6, 14, '2025-11', 0.0000, '2025-12-31 00:32:59'),
(3238, 39, NULL, 15, '2025-11', 0.3000, '2025-12-31 00:32:59'),
(3239, 26, NULL, 15, '2025-11', 4500000.0000, '2025-12-31 00:32:59'),
(3240, 35, NULL, 15, '2025-11', 0.0100, '2025-12-31 00:32:59'),
(3241, 25, NULL, 15, '2025-11', 11000000.0000, '2025-12-31 00:32:59'),
(3242, 36, NULL, 15, '2025-11', 0.1750, '2025-12-31 00:32:59'),
(3243, 34, NULL, 15, '2025-11', 0.0150, '2025-12-31 00:32:59'),
(3244, 14, NULL, 15, '2025-11', 2340000.0000, '2025-12-31 00:32:59'),
(3245, 13, NULL, 15, '2025-11', 1.0000, '2025-12-31 00:32:59'),
(3246, 17, NULL, 15, '2025-11', 1000000.0000, '2025-12-31 00:32:59'),
(3247, 3, NULL, 15, '2025-11', 0.0000, '2025-12-31 00:32:59'),
(3248, 29, NULL, 15, '2025-11', 0.0000, '2025-12-31 00:32:59'),
(3249, 10, NULL, 15, '2025-11', 730000.0000, '2025-12-31 00:32:59'),
(3250, 2, NULL, 15, '2025-11', 26.0000, '2025-12-31 00:32:59'),
(3251, 7, NULL, 15, '2025-11', 0.0000, '2025-12-31 00:32:59'),
(3252, 15, NULL, 15, '2025-11', 4960000.0000, '2025-12-31 00:32:59'),
(3253, 4, NULL, 15, '2025-11', 730000.0000, '2025-12-31 00:32:59'),
(3254, 16, NULL, 15, '2025-11', 20.0000, '2025-12-31 00:32:59'),
(3255, 5, NULL, 15, '2025-11', 0.0000, '2025-12-31 00:32:59'),
(3256, 27, NULL, 15, '2025-11', 45673.0769, '2025-12-31 00:32:59'),
(3257, 6, NULL, 15, '2025-11', 0.0000, '2025-12-31 00:32:59'),
(3258, 8, NULL, 15, '2025-11', 9500000.0000, '2025-12-31 00:32:59'),
(3259, 33, NULL, 15, '2025-11', 0.0800, '2025-12-31 00:32:59'),
(3260, 38, NULL, 15, '2025-11', 0.0100, '2025-12-31 00:32:59'),
(3261, 37, NULL, 15, '2025-11', 0.0300, '2025-12-31 00:32:59'),
(3262, 1, NULL, 15, '2025-11', 9500000.0000, '2025-12-31 00:32:59'),
(3263, 11, NULL, 15, '2025-11', 15500000.0000, '2025-12-31 00:32:59'),
(3264, NULL, 1, 15, '2025-11', 0.0000, '2025-12-31 00:32:59'),
(3265, NULL, 27, 15, '2025-11', 0.0000, '2025-12-31 00:32:59'),
(3266, NULL, 3, 15, '2025-11', 0.0000, '2025-12-31 00:32:59'),
(3267, NULL, 20, 15, '2025-11', 760000.0000, '2025-12-31 00:32:59'),
(3268, NULL, 21, 15, '2025-11', 142500.0000, '2025-12-31 00:32:59'),
(3269, NULL, 22, 15, '2025-11', 95000.0000, '2025-12-31 00:32:59'),
(3270, NULL, 4, 15, '2025-11', -17227500.0000, '2025-12-31 00:32:59'),
(3271, NULL, 5, 15, '2025-11', 0.0000, '2025-12-31 00:32:59'),
(3272, NULL, 19, 15, '2025-11', 0.0000, '2025-12-31 00:32:59'),
(3273, NULL, 24, 15, '2025-11', 1662500.0000, '2025-12-31 00:32:59'),
(3274, NULL, 25, 15, '2025-11', 285000.0000, '2025-12-31 00:32:59'),
(3275, NULL, 26, 15, '2025-11', 95000.0000, '2025-12-31 00:32:59'),
(3276, NULL, 6, 15, '2025-11', -997500.0000, '2025-12-31 00:32:59'),
(3277, 39, NULL, 16, '2025-11', 0.3000, '2025-12-31 00:32:59'),
(3278, 26, NULL, 16, '2025-11', 4500000.0000, '2025-12-31 00:32:59'),
(3279, 35, NULL, 16, '2025-11', 0.0100, '2025-12-31 00:32:59'),
(3280, 25, NULL, 16, '2025-11', 11000000.0000, '2025-12-31 00:32:59'),
(3281, 36, NULL, 16, '2025-11', 0.1750, '2025-12-31 00:32:59'),
(3282, 34, NULL, 16, '2025-11', 0.0150, '2025-12-31 00:32:59'),
(3283, 14, NULL, 16, '2025-11', 2340000.0000, '2025-12-31 00:32:59'),
(3284, 13, NULL, 16, '2025-11', 1.0000, '2025-12-31 00:32:59'),
(3285, 17, NULL, 16, '2025-11', 1000000.0000, '2025-12-31 00:32:59'),
(3286, 3, NULL, 16, '2025-11', 0.0000, '2025-12-31 00:32:59'),
(3287, 29, NULL, 16, '2025-11', 0.0000, '2025-12-31 00:32:59'),
(3288, 10, NULL, 16, '2025-11', 730000.0000, '2025-12-31 00:32:59'),
(3289, 2, NULL, 16, '2025-11', 26.0000, '2025-12-31 00:32:59'),
(3290, 7, NULL, 16, '2025-11', 0.0000, '2025-12-31 00:32:59'),
(3291, 15, NULL, 16, '2025-11', 4960000.0000, '2025-12-31 00:32:59'),
(3292, 4, NULL, 16, '2025-11', 730000.0000, '2025-12-31 00:32:59'),
(3293, 16, NULL, 16, '2025-11', 20.0000, '2025-12-31 00:32:59'),
(3294, 5, NULL, 16, '2025-11', 0.0000, '2025-12-31 00:32:59'),
(3295, 27, NULL, 16, '2025-11', 44230.7692, '2025-12-31 00:32:59'),
(3296, 6, NULL, 16, '2025-11', 1000000.0000, '2025-12-31 00:32:59'),
(3297, 8, NULL, 16, '2025-11', 9200000.0000, '2025-12-31 00:32:59'),
(3298, 33, NULL, 16, '2025-11', 0.0800, '2025-12-31 00:32:59'),
(3299, 38, NULL, 16, '2025-11', 0.0100, '2025-12-31 00:32:59'),
(3300, 37, NULL, 16, '2025-11', 0.0300, '2025-12-31 00:32:59'),
(3301, 1, NULL, 16, '2025-11', 9200000.0000, '2025-12-31 00:32:59'),
(3302, 11, NULL, 16, '2025-11', 15500000.0000, '2025-12-31 00:32:59'),
(3303, NULL, 1, 16, '2025-11', 0.0000, '2025-12-31 00:32:59'),
(3304, NULL, 27, 16, '2025-11', 0.0000, '2025-12-31 00:32:59'),
(3305, NULL, 3, 16, '2025-11', -1000000.0000, '2025-12-31 00:32:59'),
(3306, NULL, 20, 16, '2025-11', 736000.0000, '2025-12-31 00:32:59'),
(3307, NULL, 21, 16, '2025-11', 138000.0000, '2025-12-31 00:32:59'),
(3308, NULL, 22, 16, '2025-11', 92000.0000, '2025-12-31 00:32:59'),
(3309, NULL, 4, 16, '2025-11', -18196000.0000, '2025-12-31 00:32:59'),
(3310, NULL, 5, 16, '2025-11', 0.0000, '2025-12-31 00:32:59'),
(3311, NULL, 19, 16, '2025-11', 0.0000, '2025-12-31 00:32:59'),
(3312, NULL, 24, 16, '2025-11', 1610000.0000, '2025-12-31 00:32:59'),
(3313, NULL, 25, 16, '2025-11', 276000.0000, '2025-12-31 00:32:59'),
(3314, NULL, 26, 16, '2025-11', 92000.0000, '2025-12-31 00:32:59'),
(3315, NULL, 6, 16, '2025-11', -2966000.0000, '2025-12-31 00:32:59'),
(3316, 39, NULL, 17, '2025-11', 0.3000, '2025-12-31 00:32:59'),
(3317, 26, NULL, 17, '2025-11', 4500000.0000, '2025-12-31 00:32:59'),
(3318, 35, NULL, 17, '2025-11', 0.0100, '2025-12-31 00:32:59'),
(3319, 25, NULL, 17, '2025-11', 11000000.0000, '2025-12-31 00:32:59'),
(3320, 36, NULL, 17, '2025-11', 0.1750, '2025-12-31 00:32:59'),
(3321, 34, NULL, 17, '2025-11', 0.0150, '2025-12-31 00:32:59'),
(3322, 14, NULL, 17, '2025-11', 2340000.0000, '2025-12-31 00:32:59'),
(3323, 13, NULL, 17, '2025-11', 1.0000, '2025-12-31 00:32:59'),
(3324, 17, NULL, 17, '2025-11', 1000000.0000, '2025-12-31 00:32:59'),
(3325, 3, NULL, 17, '2025-11', 0.0000, '2025-12-31 00:32:59'),
(3326, 29, NULL, 17, '2025-11', 0.0000, '2025-12-31 00:32:59'),
(3327, 10, NULL, 17, '2025-11', 1230000.0000, '2025-12-31 00:32:59'),
(3328, 2, NULL, 17, '2025-11', 26.0000, '2025-12-31 00:32:59'),
(3329, 7, NULL, 17, '2025-11', 0.0000, '2025-12-31 00:32:59'),
(3330, 15, NULL, 17, '2025-11', 4960000.0000, '2025-12-31 00:32:59'),
(3331, 4, NULL, 17, '2025-11', 1230000.0000, '2025-12-31 00:32:59'),
(3332, 16, NULL, 17, '2025-11', 20.0000, '2025-12-31 00:32:59'),
(3333, 5, NULL, 17, '2025-11', 0.0000, '2025-12-31 00:32:59'),
(3334, 27, NULL, 17, '2025-11', 44711.5385, '2025-12-31 00:32:59'),
(3335, 6, NULL, 17, '2025-11', 0.0000, '2025-12-31 00:32:59'),
(3336, 8, NULL, 17, '2025-11', 8800000.0000, '2025-12-31 00:32:59'),
(3337, 33, NULL, 17, '2025-11', 0.0800, '2025-12-31 00:32:59'),
(3338, 38, NULL, 17, '2025-11', 0.0100, '2025-12-31 00:32:59'),
(3339, 37, NULL, 17, '2025-11', 0.0300, '2025-12-31 00:32:59'),
(3340, 1, NULL, 17, '2025-11', 8800000.0000, '2025-12-31 00:32:59'),
(3341, 11, NULL, 17, '2025-11', 15500000.0000, '2025-12-31 00:32:59'),
(3342, NULL, 1, 17, '2025-11', 0.0000, '2025-12-31 00:32:59'),
(3343, NULL, 27, 17, '2025-11', 0.0000, '2025-12-31 00:32:59'),
(3344, NULL, 3, 17, '2025-11', 0.0000, '2025-12-31 00:32:59'),
(3345, NULL, 20, 17, '2025-11', 704000.0000, '2025-12-31 00:32:59'),
(3346, NULL, 21, 17, '2025-11', 132000.0000, '2025-12-31 00:32:59'),
(3347, NULL, 22, 17, '2025-11', 88000.0000, '2025-12-31 00:32:59'),
(3348, NULL, 4, 17, '2025-11', -17654000.0000, '2025-12-31 00:32:59'),
(3349, NULL, 5, 17, '2025-11', 0.0000, '2025-12-31 00:32:59'),
(3350, NULL, 19, 17, '2025-11', 0.0000, '2025-12-31 00:32:59'),
(3351, NULL, 24, 17, '2025-11', 1540000.0000, '2025-12-31 00:32:59'),
(3352, NULL, 25, 17, '2025-11', 264000.0000, '2025-12-31 00:32:59'),
(3353, NULL, 26, 17, '2025-11', 88000.0000, '2025-12-31 00:32:59'),
(3354, NULL, 6, 17, '2025-11', -924000.0000, '2025-12-31 00:32:59'),
(3355, 39, NULL, 18, '2025-11', 0.3000, '2025-12-31 00:32:59'),
(3356, 26, NULL, 18, '2025-11', 4500000.0000, '2025-12-31 00:32:59'),
(3357, 35, NULL, 18, '2025-11', 0.0100, '2025-12-31 00:32:59'),
(3358, 25, NULL, 18, '2025-11', 11000000.0000, '2025-12-31 00:32:59'),
(3359, 36, NULL, 18, '2025-11', 0.1750, '2025-12-31 00:32:59'),
(3360, 34, NULL, 18, '2025-11', 0.0150, '2025-12-31 00:32:59'),
(3361, 14, NULL, 18, '2025-11', 2340000.0000, '2025-12-31 00:32:59'),
(3362, 13, NULL, 18, '2025-11', 1.0000, '2025-12-31 00:32:59'),
(3363, 17, NULL, 18, '2025-11', 1000000.0000, '2025-12-31 00:32:59'),
(3364, 3, NULL, 18, '2025-11', 0.0000, '2025-12-31 00:32:59'),
(3365, 29, NULL, 18, '2025-11', 0.0000, '2025-12-31 00:32:59'),
(3366, 10, NULL, 18, '2025-11', 0.0000, '2025-12-31 00:32:59');
INSERT INTO `salary_variable_cache` (`cache_id`, `variable_id`, `rule_id`, `employee_id`, `payperiod`, `value`, `evaluated_at`) VALUES
(3367, 2, NULL, 18, '2025-11', 26.0000, '2025-12-31 00:32:59'),
(3368, 7, NULL, 18, '2025-11', 0.0000, '2025-12-31 00:32:59'),
(3369, 15, NULL, 18, '2025-11', 4960000.0000, '2025-12-31 00:32:59'),
(3370, 4, NULL, 18, '2025-11', 0.0000, '2025-12-31 00:32:59'),
(3371, 16, NULL, 18, '2025-11', 20.0000, '2025-12-31 00:32:59'),
(3372, 5, NULL, 18, '2025-11', 0.0000, '2025-12-31 00:32:59'),
(3373, 27, NULL, 18, '2025-11', 72115.3846, '2025-12-31 00:32:59'),
(3374, 6, NULL, 18, '2025-11', 0.0000, '2025-12-31 00:32:59'),
(3375, 8, NULL, 18, '2025-11', 15000000.0000, '2025-12-31 00:32:59'),
(3376, 33, NULL, 18, '2025-11', 0.0800, '2025-12-31 00:32:59'),
(3377, 38, NULL, 18, '2025-11', 0.0100, '2025-12-31 00:32:59'),
(3378, 37, NULL, 18, '2025-11', 0.0300, '2025-12-31 00:32:59'),
(3379, 1, NULL, 18, '2025-11', 15000000.0000, '2025-12-31 00:32:59'),
(3380, 11, NULL, 18, '2025-11', 15500000.0000, '2025-12-31 00:32:59'),
(3381, NULL, 1, 18, '2025-11', 0.0000, '2025-12-31 00:32:59'),
(3382, NULL, 27, 18, '2025-11', 0.0000, '2025-12-31 00:32:59'),
(3383, NULL, 3, 18, '2025-11', 0.0000, '2025-12-31 00:32:59'),
(3384, NULL, 20, 18, '2025-11', 1200000.0000, '2025-12-31 00:32:59'),
(3385, NULL, 21, 18, '2025-11', 225000.0000, '2025-12-31 00:32:59'),
(3386, NULL, 22, 18, '2025-11', 150000.0000, '2025-12-31 00:32:59'),
(3387, NULL, 4, 18, '2025-11', -17075000.0000, '2025-12-31 00:32:59'),
(3388, NULL, 5, 18, '2025-11', 0.0000, '2025-12-31 00:32:59'),
(3389, NULL, 19, 18, '2025-11', 0.0000, '2025-12-31 00:32:59'),
(3390, NULL, 24, 18, '2025-11', 2625000.0000, '2025-12-31 00:32:59'),
(3391, NULL, 25, 18, '2025-11', 450000.0000, '2025-12-31 00:32:59'),
(3392, NULL, 26, 18, '2025-11', 150000.0000, '2025-12-31 00:32:59'),
(3393, NULL, 6, 18, '2025-11', -1575000.0000, '2025-12-31 00:32:59'),
(3394, 39, NULL, 19, '2025-11', 0.3000, '2025-12-31 00:32:59'),
(3395, 26, NULL, 19, '2025-11', 4500000.0000, '2025-12-31 00:32:59'),
(3396, 35, NULL, 19, '2025-11', 0.0100, '2025-12-31 00:32:59'),
(3397, 25, NULL, 19, '2025-11', 11000000.0000, '2025-12-31 00:32:59'),
(3398, 36, NULL, 19, '2025-11', 0.1750, '2025-12-31 00:32:59'),
(3399, 34, NULL, 19, '2025-11', 0.0150, '2025-12-31 00:32:59'),
(3400, 14, NULL, 19, '2025-11', 2340000.0000, '2025-12-31 00:32:59'),
(3401, 13, NULL, 19, '2025-11', 1.0000, '2025-12-31 00:32:59'),
(3402, 17, NULL, 19, '2025-11', 1000000.0000, '2025-12-31 00:32:59'),
(3403, 3, NULL, 19, '2025-11', 0.0000, '2025-12-31 00:32:59'),
(3404, 29, NULL, 19, '2025-11', 0.0000, '2025-12-31 00:32:59'),
(3405, 10, NULL, 19, '2025-11', 0.0000, '2025-12-31 00:32:59'),
(3406, 2, NULL, 19, '2025-11', 26.0000, '2025-12-31 00:32:59'),
(3407, 7, NULL, 19, '2025-11', 0.0000, '2025-12-31 00:32:59'),
(3408, 15, NULL, 19, '2025-11', 4960000.0000, '2025-12-31 00:32:59'),
(3409, 4, NULL, 19, '2025-11', 0.0000, '2025-12-31 00:32:59'),
(3410, 16, NULL, 19, '2025-11', 20.0000, '2025-12-31 00:32:59'),
(3411, 5, NULL, 19, '2025-11', 0.0000, '2025-12-31 00:32:59'),
(3412, 27, NULL, 19, '2025-11', 72115.3846, '2025-12-31 00:32:59'),
(3413, 6, NULL, 19, '2025-11', 0.0000, '2025-12-31 00:32:59'),
(3414, 8, NULL, 19, '2025-11', 15000000.0000, '2025-12-31 00:32:59'),
(3415, 33, NULL, 19, '2025-11', 0.0800, '2025-12-31 00:32:59'),
(3416, 38, NULL, 19, '2025-11', 0.0100, '2025-12-31 00:32:59'),
(3417, 37, NULL, 19, '2025-11', 0.0300, '2025-12-31 00:32:59'),
(3418, 1, NULL, 19, '2025-11', 15000000.0000, '2025-12-31 00:32:59'),
(3419, 11, NULL, 19, '2025-11', 15500000.0000, '2025-12-31 00:32:59'),
(3420, NULL, 1, 19, '2025-11', 0.0000, '2025-12-31 00:32:59'),
(3421, NULL, 27, 19, '2025-11', 0.0000, '2025-12-31 00:32:59'),
(3422, NULL, 3, 19, '2025-11', 0.0000, '2025-12-31 00:32:59'),
(3423, NULL, 20, 19, '2025-11', 1200000.0000, '2025-12-31 00:32:59'),
(3424, NULL, 21, 19, '2025-11', 225000.0000, '2025-12-31 00:32:59'),
(3425, NULL, 22, 19, '2025-11', 150000.0000, '2025-12-31 00:32:59'),
(3426, NULL, 4, 19, '2025-11', -17075000.0000, '2025-12-31 00:32:59'),
(3427, NULL, 5, 19, '2025-11', 0.0000, '2025-12-31 00:32:59'),
(3428, NULL, 19, 19, '2025-11', 0.0000, '2025-12-31 00:32:59'),
(3429, NULL, 24, 19, '2025-11', 2625000.0000, '2025-12-31 00:32:59'),
(3430, NULL, 25, 19, '2025-11', 450000.0000, '2025-12-31 00:32:59'),
(3431, NULL, 26, 19, '2025-11', 150000.0000, '2025-12-31 00:32:59'),
(3432, NULL, 6, 19, '2025-11', -1575000.0000, '2025-12-31 00:32:59'),
(3433, 39, NULL, 20, '2025-11', 0.3000, '2025-12-31 00:32:59'),
(3434, 26, NULL, 20, '2025-11', 4500000.0000, '2025-12-31 00:32:59'),
(3435, 35, NULL, 20, '2025-11', 0.0100, '2025-12-31 00:32:59'),
(3436, 25, NULL, 20, '2025-11', 11000000.0000, '2025-12-31 00:32:59'),
(3437, 36, NULL, 20, '2025-11', 0.1750, '2025-12-31 00:32:59'),
(3438, 34, NULL, 20, '2025-11', 0.0150, '2025-12-31 00:32:59'),
(3439, 14, NULL, 20, '2025-11', 2340000.0000, '2025-12-31 00:32:59'),
(3440, 13, NULL, 20, '2025-11', 0.0000, '2025-12-31 00:32:59'),
(3441, 17, NULL, 20, '2025-11', 1000000.0000, '2025-12-31 00:32:59'),
(3442, 3, NULL, 20, '2025-11', 0.0000, '2025-12-31 00:32:59'),
(3443, 29, NULL, 20, '2025-11', 0.0000, '2025-12-31 00:32:59'),
(3444, 10, NULL, 20, '2025-11', 730000.0000, '2025-12-31 00:32:59'),
(3445, 2, NULL, 20, '2025-11', 26.0000, '2025-12-31 00:32:59'),
(3446, 7, NULL, 20, '2025-11', 0.0000, '2025-12-31 00:32:59'),
(3447, 15, NULL, 20, '2025-11', 4960000.0000, '2025-12-31 00:32:59'),
(3448, 4, NULL, 20, '2025-11', 730000.0000, '2025-12-31 00:32:59'),
(3449, 16, NULL, 20, '2025-11', 20.0000, '2025-12-31 00:32:59'),
(3450, 5, NULL, 20, '2025-11', 0.0000, '2025-12-31 00:32:59'),
(3451, 27, NULL, 20, '2025-11', 36057.6923, '2025-12-31 00:32:59'),
(3452, 6, NULL, 20, '2025-11', 0.0000, '2025-12-31 00:32:59'),
(3453, 8, NULL, 20, '2025-11', 0.0000, '2025-12-31 00:32:59'),
(3454, 33, NULL, 20, '2025-11', 0.0800, '2025-12-31 00:32:59'),
(3455, 38, NULL, 20, '2025-11', 0.0100, '2025-12-31 00:32:59'),
(3456, 37, NULL, 20, '2025-11', 0.0300, '2025-12-31 00:32:59'),
(3457, 1, NULL, 20, '2025-11', 7500000.0000, '2025-12-31 00:32:59'),
(3458, 11, NULL, 20, '2025-11', 11000000.0000, '2025-12-31 00:32:59'),
(3459, NULL, 1, 20, '2025-11', 0.0000, '2025-12-31 00:32:59'),
(3460, NULL, 27, 20, '2025-11', 0.0000, '2025-12-31 00:32:59'),
(3461, NULL, 3, 20, '2025-11', 0.0000, '2025-12-31 00:32:59'),
(3462, NULL, 20, 20, '2025-11', 0.0000, '2025-12-31 00:32:59'),
(3463, NULL, 21, 20, '2025-11', 0.0000, '2025-12-31 00:32:59'),
(3464, NULL, 22, 20, '2025-11', 0.0000, '2025-12-31 00:32:59'),
(3465, NULL, 4, 20, '2025-11', -11730000.0000, '2025-12-31 00:32:59'),
(3466, NULL, 5, 20, '2025-11', 0.0000, '2025-12-31 00:32:59'),
(3467, NULL, 19, 20, '2025-11', 0.0000, '2025-12-31 00:32:59'),
(3468, NULL, 24, 20, '2025-11', 0.0000, '2025-12-31 00:32:59'),
(3469, NULL, 25, 20, '2025-11', 0.0000, '2025-12-31 00:32:59'),
(3470, NULL, 26, 20, '2025-11', 0.0000, '2025-12-31 00:32:59'),
(3471, NULL, 6, 20, '2025-11', 0.0000, '2025-12-31 00:32:59'),
(3472, 39, NULL, 21, '2025-11', 0.3000, '2025-12-31 00:32:59'),
(3473, 26, NULL, 21, '2025-11', 4500000.0000, '2025-12-31 00:32:59'),
(3474, 35, NULL, 21, '2025-11', 0.0100, '2025-12-31 00:32:59'),
(3475, 25, NULL, 21, '2025-11', 11000000.0000, '2025-12-31 00:32:59'),
(3476, 36, NULL, 21, '2025-11', 0.1750, '2025-12-31 00:32:59'),
(3477, 34, NULL, 21, '2025-11', 0.0150, '2025-12-31 00:32:59'),
(3478, 14, NULL, 21, '2025-11', 2340000.0000, '2025-12-31 00:32:59'),
(3479, 13, NULL, 21, '2025-11', 0.0000, '2025-12-31 00:32:59'),
(3480, 17, NULL, 21, '2025-11', 1000000.0000, '2025-12-31 00:32:59'),
(3481, 3, NULL, 21, '2025-11', 21.0000, '2025-12-31 00:32:59'),
(3482, 29, NULL, 21, '2025-11', 0.0000, '2025-12-31 00:32:59'),
(3483, 10, NULL, 21, '2025-11', 2000000.0000, '2025-12-31 00:32:59'),
(3484, 2, NULL, 21, '2025-11', 26.0000, '2025-12-31 00:32:59'),
(3485, 7, NULL, 21, '2025-11', 0.0000, '2025-12-31 00:32:59'),
(3486, 15, NULL, 21, '2025-11', 4960000.0000, '2025-12-31 00:32:59'),
(3487, 4, NULL, 21, '2025-11', 0.0000, '2025-12-31 00:32:59'),
(3488, 16, NULL, 21, '2025-11', 20.0000, '2025-12-31 00:32:59'),
(3489, 5, NULL, 21, '2025-11', 2000000.0000, '2025-12-31 00:32:59'),
(3490, 27, NULL, 21, '2025-11', 72115.3846, '2025-12-31 00:32:59'),
(3491, 6, NULL, 21, '2025-11', 0.0000, '2025-12-31 00:32:59'),
(3492, 8, NULL, 21, '2025-11', 15000000.0000, '2025-12-31 00:32:59'),
(3493, 33, NULL, 21, '2025-11', 0.0800, '2025-12-31 00:32:59'),
(3494, 38, NULL, 21, '2025-11', 0.0100, '2025-12-31 00:32:59'),
(3495, 37, NULL, 21, '2025-11', 0.0300, '2025-12-31 00:32:59'),
(3496, 1, NULL, 21, '2025-11', 15000000.0000, '2025-12-31 00:32:59'),
(3497, 11, NULL, 21, '2025-11', 11000000.0000, '2025-12-31 00:32:59'),
(3498, NULL, 1, 21, '2025-11', 12115384.6800, '2025-12-31 00:32:59'),
(3499, NULL, 27, 21, '2025-11', 0.0000, '2025-12-31 00:32:59'),
(3500, NULL, 3, 21, '2025-11', 14115384.6800, '2025-12-31 00:32:59'),
(3501, NULL, 20, 21, '2025-11', 1200000.0000, '2025-12-31 00:32:59'),
(3502, NULL, 21, 21, '2025-11', 225000.0000, '2025-12-31 00:32:59'),
(3503, NULL, 22, 21, '2025-11', 150000.0000, '2025-12-31 00:32:59'),
(3504, NULL, 4, 21, '2025-11', -459615.3200, '2025-12-31 00:32:59'),
(3505, NULL, 5, 21, '2025-11', 0.0000, '2025-12-31 00:32:59'),
(3506, NULL, 19, 21, '2025-11', 0.0000, '2025-12-31 00:32:59'),
(3507, NULL, 24, 21, '2025-11', 2625000.0000, '2025-12-31 00:32:59'),
(3508, NULL, 25, 21, '2025-11', 450000.0000, '2025-12-31 00:32:59'),
(3509, NULL, 26, 21, '2025-11', 150000.0000, '2025-12-31 00:32:59'),
(3510, NULL, 6, 21, '2025-11', 12540384.6800, '2025-12-31 00:32:59'),
(3511, 39, NULL, 22, '2025-11', 0.3000, '2025-12-31 00:32:59'),
(3512, 26, NULL, 22, '2025-11', 4500000.0000, '2025-12-31 00:32:59'),
(3513, 35, NULL, 22, '2025-11', 0.0100, '2025-12-31 00:32:59'),
(3514, 25, NULL, 22, '2025-11', 11000000.0000, '2025-12-31 00:32:59'),
(3515, 36, NULL, 22, '2025-11', 0.1750, '2025-12-31 00:32:59'),
(3516, 34, NULL, 22, '2025-11', 0.0150, '2025-12-31 00:32:59'),
(3517, 14, NULL, 22, '2025-11', 2340000.0000, '2025-12-31 00:32:59'),
(3518, 13, NULL, 22, '2025-11', 0.0000, '2025-12-31 00:32:59'),
(3519, 17, NULL, 22, '2025-11', 1000000.0000, '2025-12-31 00:32:59'),
(3520, 3, NULL, 22, '2025-11', 0.0000, '2025-12-31 00:32:59'),
(3521, 29, NULL, 22, '2025-11', 0.0000, '2025-12-31 00:32:59'),
(3522, 10, NULL, 22, '2025-11', 0.0000, '2025-12-31 00:32:59'),
(3523, 2, NULL, 22, '2025-11', 26.0000, '2025-12-31 00:32:59'),
(3524, 7, NULL, 22, '2025-11', 0.0000, '2025-12-31 00:32:59'),
(3525, 15, NULL, 22, '2025-11', 4960000.0000, '2025-12-31 00:32:59'),
(3526, 4, NULL, 22, '2025-11', 0.0000, '2025-12-31 00:32:59'),
(3527, 16, NULL, 22, '2025-11', 20.0000, '2025-12-31 00:32:59'),
(3528, 5, NULL, 22, '2025-11', 0.0000, '2025-12-31 00:32:59'),
(3529, 27, NULL, 22, '2025-11', 0.0000, '2025-12-31 00:32:59'),
(3530, 6, NULL, 22, '2025-11', 0.0000, '2025-12-31 00:32:59'),
(3531, 8, NULL, 22, '2025-11', 0.0000, '2025-12-31 00:32:59'),
(3532, 33, NULL, 22, '2025-11', 0.0800, '2025-12-31 00:32:59'),
(3533, 38, NULL, 22, '2025-11', 0.0100, '2025-12-31 00:32:59'),
(3534, 37, NULL, 22, '2025-11', 0.0300, '2025-12-31 00:32:59'),
(3535, 1, NULL, 22, '2025-11', 0.0000, '2025-12-31 00:32:59'),
(3536, 11, NULL, 22, '2025-11', 11000000.0000, '2025-12-31 00:32:59'),
(3537, NULL, 1, 22, '2025-11', 0.0000, '2025-12-31 00:32:59'),
(3538, NULL, 27, 22, '2025-11', 0.0000, '2025-12-31 00:32:59'),
(3539, NULL, 3, 22, '2025-11', 0.0000, '2025-12-31 00:32:59'),
(3540, NULL, 20, 22, '2025-11', 0.0000, '2025-12-31 00:32:59'),
(3541, NULL, 21, 22, '2025-11', 0.0000, '2025-12-31 00:32:59'),
(3542, NULL, 22, 22, '2025-11', 0.0000, '2025-12-31 00:32:59'),
(3543, NULL, 4, 22, '2025-11', -11000000.0000, '2025-12-31 00:32:59'),
(3544, NULL, 5, 22, '2025-11', 0.0000, '2025-12-31 00:32:59'),
(3545, NULL, 19, 22, '2025-11', 0.0000, '2025-12-31 00:32:59'),
(3546, NULL, 24, 22, '2025-11', 0.0000, '2025-12-31 00:32:59'),
(3547, NULL, 25, 22, '2025-11', 0.0000, '2025-12-31 00:32:59'),
(3548, NULL, 26, 22, '2025-11', 0.0000, '2025-12-31 00:32:59'),
(3549, NULL, 6, 22, '2025-11', 0.0000, '2025-12-31 00:32:59'),
(3550, 39, NULL, 23, '2025-11', 0.3000, '2025-12-31 00:32:59'),
(3551, 26, NULL, 23, '2025-11', 4500000.0000, '2025-12-31 00:32:59'),
(3552, 35, NULL, 23, '2025-11', 0.0100, '2025-12-31 00:32:59'),
(3553, 25, NULL, 23, '2025-11', 11000000.0000, '2025-12-31 00:32:59'),
(3554, 36, NULL, 23, '2025-11', 0.1750, '2025-12-31 00:32:59'),
(3555, 34, NULL, 23, '2025-11', 0.0150, '2025-12-31 00:32:59'),
(3556, 14, NULL, 23, '2025-11', 2340000.0000, '2025-12-31 00:32:59'),
(3557, 13, NULL, 23, '2025-11', 0.0000, '2025-12-31 00:32:59'),
(3558, 17, NULL, 23, '2025-11', 1000000.0000, '2025-12-31 00:32:59'),
(3559, 3, NULL, 23, '2025-11', 0.0000, '2025-12-31 00:32:59'),
(3560, 29, NULL, 23, '2025-11', 0.0000, '2025-12-31 00:32:59'),
(3561, 10, NULL, 23, '2025-11', 0.0000, '2025-12-31 00:32:59'),
(3562, 2, NULL, 23, '2025-11', 26.0000, '2025-12-31 00:32:59'),
(3563, 7, NULL, 23, '2025-11', 0.0000, '2025-12-31 00:32:59'),
(3564, 15, NULL, 23, '2025-11', 4960000.0000, '2025-12-31 00:32:59'),
(3565, 4, NULL, 23, '2025-11', 0.0000, '2025-12-31 00:32:59'),
(3566, 16, NULL, 23, '2025-11', 20.0000, '2025-12-31 00:32:59'),
(3567, 5, NULL, 23, '2025-11', 0.0000, '2025-12-31 00:32:59'),
(3568, 27, NULL, 23, '2025-11', 0.0000, '2025-12-31 00:32:59'),
(3569, 6, NULL, 23, '2025-11', 0.0000, '2025-12-31 00:32:59'),
(3570, 8, NULL, 23, '2025-11', 0.0000, '2025-12-31 00:32:59'),
(3571, 33, NULL, 23, '2025-11', 0.0800, '2025-12-31 00:32:59'),
(3572, 38, NULL, 23, '2025-11', 0.0100, '2025-12-31 00:32:59'),
(3573, 37, NULL, 23, '2025-11', 0.0300, '2025-12-31 00:32:59'),
(3574, 1, NULL, 23, '2025-11', 0.0000, '2025-12-31 00:32:59'),
(3575, 11, NULL, 23, '2025-11', 11000000.0000, '2025-12-31 00:32:59'),
(3576, NULL, 1, 23, '2025-11', 0.0000, '2025-12-31 00:32:59'),
(3577, NULL, 27, 23, '2025-11', 0.0000, '2025-12-31 00:32:59'),
(3578, NULL, 3, 23, '2025-11', 0.0000, '2025-12-31 00:32:59'),
(3579, NULL, 20, 23, '2025-11', 0.0000, '2025-12-31 00:32:59'),
(3580, NULL, 21, 23, '2025-11', 0.0000, '2025-12-31 00:32:59'),
(3581, NULL, 22, 23, '2025-11', 0.0000, '2025-12-31 00:32:59'),
(3582, NULL, 4, 23, '2025-11', -11000000.0000, '2025-12-31 00:32:59'),
(3583, NULL, 5, 23, '2025-11', 0.0000, '2025-12-31 00:32:59'),
(3584, NULL, 19, 23, '2025-11', 0.0000, '2025-12-31 00:32:59'),
(3585, NULL, 24, 23, '2025-11', 0.0000, '2025-12-31 00:32:59'),
(3586, NULL, 25, 23, '2025-11', 0.0000, '2025-12-31 00:32:59'),
(3587, NULL, 26, 23, '2025-11', 0.0000, '2025-12-31 00:32:59'),
(3588, NULL, 6, 23, '2025-11', 0.0000, '2025-12-31 00:32:59'),
(5383, 39, NULL, 24, '2025-11', 0.3000, '2025-12-31 00:32:59'),
(5384, 26, NULL, 24, '2025-11', 4500000.0000, '2025-12-31 00:32:59'),
(5385, 35, NULL, 24, '2025-11', 0.0100, '2025-12-31 00:32:59'),
(5386, 25, NULL, 24, '2025-11', 11000000.0000, '2025-12-31 00:32:59'),
(5387, 36, NULL, 24, '2025-11', 0.1750, '2025-12-31 00:32:59'),
(5388, 34, NULL, 24, '2025-11', 0.0150, '2025-12-31 00:32:59'),
(5389, 14, NULL, 24, '2025-11', 2340000.0000, '2025-12-31 00:32:59'),
(5390, 13, NULL, 24, '2025-11', 0.0000, '2025-12-31 00:32:59'),
(5391, 17, NULL, 24, '2025-11', 1000000.0000, '2025-12-31 00:32:59'),
(5392, 3, NULL, 24, '2025-11', 0.0000, '2025-12-31 00:32:59'),
(5393, 29, NULL, 24, '2025-11', 0.0000, '2025-12-31 00:32:59'),
(5394, 10, NULL, 24, '2025-11', 0.0000, '2025-12-31 00:32:59'),
(5395, 2, NULL, 24, '2025-11', 26.0000, '2025-12-31 00:32:59'),
(5396, 7, NULL, 24, '2025-11', 0.0000, '2025-12-31 00:32:59'),
(5397, 15, NULL, 24, '2025-11', 4960000.0000, '2025-12-31 00:32:59'),
(5398, 4, NULL, 24, '2025-11', 0.0000, '2025-12-31 00:32:59'),
(5399, 16, NULL, 24, '2025-11', 20.0000, '2025-12-31 00:32:59'),
(5400, 5, NULL, 24, '2025-11', 0.0000, '2025-12-31 00:32:59'),
(5401, 27, NULL, 24, '2025-11', 0.0000, '2025-12-31 00:32:59'),
(5402, 6, NULL, 24, '2025-11', 0.0000, '2025-12-31 00:32:59'),
(5403, 8, NULL, 24, '2025-11', 0.0000, '2025-12-31 00:32:59'),
(5404, 33, NULL, 24, '2025-11', 0.0800, '2025-12-31 00:32:59'),
(5405, 38, NULL, 24, '2025-11', 0.0100, '2025-12-31 00:32:59'),
(5406, 37, NULL, 24, '2025-11', 0.0300, '2025-12-31 00:32:59'),
(5407, 1, NULL, 24, '2025-11', 0.0000, '2025-12-31 00:32:59'),
(5408, 11, NULL, 24, '2025-11', 11000000.0000, '2025-12-31 00:32:59'),
(5409, NULL, 1, 24, '2025-11', 0.0000, '2025-12-31 00:32:59'),
(5410, NULL, 27, 24, '2025-11', 0.0000, '2025-12-31 00:32:59'),
(5411, NULL, 3, 24, '2025-11', 0.0000, '2025-12-31 00:32:59'),
(5412, NULL, 20, 24, '2025-11', 0.0000, '2025-12-31 00:32:59'),
(5413, NULL, 21, 24, '2025-11', 0.0000, '2025-12-31 00:32:59'),
(5414, NULL, 22, 24, '2025-11', 0.0000, '2025-12-31 00:32:59'),
(5415, NULL, 4, 24, '2025-11', -11000000.0000, '2025-12-31 00:32:59'),
(5416, NULL, 5, 24, '2025-11', 0.0000, '2025-12-31 00:32:59'),
(5417, NULL, 19, 24, '2025-11', 0.0000, '2025-12-31 00:32:59'),
(5418, NULL, 24, 24, '2025-11', 0.0000, '2025-12-31 00:32:59'),
(5419, NULL, 25, 24, '2025-11', 0.0000, '2025-12-31 00:32:59'),
(5420, NULL, 26, 24, '2025-11', 0.0000, '2025-12-31 00:32:59'),
(5421, NULL, 6, 24, '2025-11', 0.0000, '2025-12-31 00:32:59'),
(5422, 39, NULL, 25, '2025-11', 0.3000, '2025-12-31 00:32:59'),
(5423, 26, NULL, 25, '2025-11', 4500000.0000, '2025-12-31 00:32:59'),
(5424, 35, NULL, 25, '2025-11', 0.0100, '2025-12-31 00:32:59'),
(5425, 25, NULL, 25, '2025-11', 11000000.0000, '2025-12-31 00:32:59'),
(5426, 36, NULL, 25, '2025-11', 0.1750, '2025-12-31 00:32:59'),
(5427, 34, NULL, 25, '2025-11', 0.0150, '2025-12-31 00:32:59'),
(5428, 14, NULL, 25, '2025-11', 2340000.0000, '2025-12-31 00:32:59'),
(5429, 13, NULL, 25, '2025-11', 0.0000, '2025-12-31 00:32:59'),
(5430, 17, NULL, 25, '2025-11', 1000000.0000, '2025-12-31 00:32:59'),
(5431, 3, NULL, 25, '2025-11', 0.0000, '2025-12-31 00:32:59'),
(5432, 29, NULL, 25, '2025-11', 0.0000, '2025-12-31 00:32:59'),
(5433, 10, NULL, 25, '2025-11', 0.0000, '2025-12-31 00:32:59'),
(5434, 2, NULL, 25, '2025-11', 26.0000, '2025-12-31 00:32:59'),
(5435, 7, NULL, 25, '2025-11', 0.0000, '2025-12-31 00:32:59'),
(5436, 15, NULL, 25, '2025-11', 4960000.0000, '2025-12-31 00:32:59'),
(5437, 4, NULL, 25, '2025-11', 0.0000, '2025-12-31 00:32:59'),
(5438, 16, NULL, 25, '2025-11', 20.0000, '2025-12-31 00:32:59'),
(5439, 5, NULL, 25, '2025-11', 0.0000, '2025-12-31 00:32:59'),
(5440, 27, NULL, 25, '2025-11', 0.0000, '2025-12-31 00:32:59'),
(5441, 6, NULL, 25, '2025-11', 0.0000, '2025-12-31 00:32:59'),
(5442, 8, NULL, 25, '2025-11', 0.0000, '2025-12-31 00:32:59'),
(5443, 33, NULL, 25, '2025-11', 0.0800, '2025-12-31 00:32:59'),
(5444, 38, NULL, 25, '2025-11', 0.0100, '2025-12-31 00:32:59'),
(5445, 37, NULL, 25, '2025-11', 0.0300, '2025-12-31 00:32:59'),
(5446, 1, NULL, 25, '2025-11', 0.0000, '2025-12-31 00:32:59'),
(5447, 11, NULL, 25, '2025-11', 11000000.0000, '2025-12-31 00:32:59'),
(5448, NULL, 1, 25, '2025-11', 0.0000, '2025-12-31 00:32:59'),
(5449, NULL, 27, 25, '2025-11', 0.0000, '2025-12-31 00:32:59'),
(5450, NULL, 3, 25, '2025-11', 0.0000, '2025-12-31 00:32:59'),
(5451, NULL, 20, 25, '2025-11', 0.0000, '2025-12-31 00:32:59'),
(5452, NULL, 21, 25, '2025-11', 0.0000, '2025-12-31 00:32:59'),
(5453, NULL, 22, 25, '2025-11', 0.0000, '2025-12-31 00:32:59'),
(5454, NULL, 4, 25, '2025-11', -11000000.0000, '2025-12-31 00:32:59'),
(5455, NULL, 5, 25, '2025-11', 0.0000, '2025-12-31 00:32:59'),
(5456, NULL, 19, 25, '2025-11', 0.0000, '2025-12-31 00:32:59'),
(5457, NULL, 24, 25, '2025-11', 0.0000, '2025-12-31 00:32:59'),
(5458, NULL, 25, 25, '2025-11', 0.0000, '2025-12-31 00:32:59'),
(5459, NULL, 26, 25, '2025-11', 0.0000, '2025-12-31 00:32:59'),
(5460, NULL, 6, 25, '2025-11', 0.0000, '2025-12-31 00:32:59'),
(5461, 39, NULL, 26, '2025-11', 0.3000, '2025-12-31 00:33:00'),
(5462, 26, NULL, 26, '2025-11', 4500000.0000, '2025-12-31 00:33:00'),
(5463, 35, NULL, 26, '2025-11', 0.0100, '2025-12-31 00:33:00'),
(5464, 25, NULL, 26, '2025-11', 11000000.0000, '2025-12-31 00:33:00'),
(5465, 36, NULL, 26, '2025-11', 0.1750, '2025-12-31 00:33:00'),
(5466, 34, NULL, 26, '2025-11', 0.0150, '2025-12-31 00:33:00'),
(5467, 14, NULL, 26, '2025-11', 2340000.0000, '2025-12-31 00:33:00'),
(5468, 13, NULL, 26, '2025-11', 0.0000, '2025-12-31 00:33:00'),
(5469, 17, NULL, 26, '2025-11', 1000000.0000, '2025-12-31 00:33:00'),
(5470, 3, NULL, 26, '2025-11', 0.0000, '2025-12-31 00:33:00'),
(5471, 29, NULL, 26, '2025-11', 0.0000, '2025-12-31 00:33:00'),
(5472, 10, NULL, 26, '2025-11', 0.0000, '2025-12-31 00:33:00'),
(5473, 2, NULL, 26, '2025-11', 26.0000, '2025-12-31 00:33:00'),
(5474, 7, NULL, 26, '2025-11', 0.0000, '2025-12-31 00:33:00'),
(5475, 15, NULL, 26, '2025-11', 4960000.0000, '2025-12-31 00:33:00'),
(5476, 4, NULL, 26, '2025-11', 0.0000, '2025-12-31 00:33:00'),
(5477, 16, NULL, 26, '2025-11', 20.0000, '2025-12-31 00:33:00'),
(5478, 5, NULL, 26, '2025-11', 0.0000, '2025-12-31 00:33:00'),
(5479, 27, NULL, 26, '2025-11', 0.0000, '2025-12-31 00:33:00'),
(5480, 6, NULL, 26, '2025-11', 0.0000, '2025-12-31 00:33:00'),
(5481, 8, NULL, 26, '2025-11', 0.0000, '2025-12-31 00:33:00'),
(5482, 33, NULL, 26, '2025-11', 0.0800, '2025-12-31 00:33:00'),
(5483, 38, NULL, 26, '2025-11', 0.0100, '2025-12-31 00:33:00'),
(5484, 37, NULL, 26, '2025-11', 0.0300, '2025-12-31 00:33:00'),
(5485, 1, NULL, 26, '2025-11', 0.0000, '2025-12-31 00:33:00'),
(5486, 11, NULL, 26, '2025-11', 11000000.0000, '2025-12-31 00:33:00'),
(5487, NULL, 1, 26, '2025-11', 0.0000, '2025-12-31 00:33:00'),
(5488, NULL, 27, 26, '2025-11', 0.0000, '2025-12-31 00:33:00'),
(5489, NULL, 3, 26, '2025-11', 0.0000, '2025-12-31 00:33:00'),
(5490, NULL, 20, 26, '2025-11', 0.0000, '2025-12-31 00:33:00'),
(5491, NULL, 21, 26, '2025-11', 0.0000, '2025-12-31 00:33:00'),
(5492, NULL, 22, 26, '2025-11', 0.0000, '2025-12-31 00:33:00'),
(5493, NULL, 4, 26, '2025-11', -11000000.0000, '2025-12-31 00:33:00'),
(5494, NULL, 5, 26, '2025-11', 0.0000, '2025-12-31 00:33:00'),
(5495, NULL, 19, 26, '2025-11', 0.0000, '2025-12-31 00:33:00'),
(5496, NULL, 24, 26, '2025-11', 0.0000, '2025-12-31 00:33:00'),
(5497, NULL, 25, 26, '2025-11', 0.0000, '2025-12-31 00:33:00'),
(5498, NULL, 26, 26, '2025-11', 0.0000, '2025-12-31 00:33:00'),
(5499, NULL, 6, 26, '2025-11', 0.0000, '2025-12-31 00:33:00'),
(5500, 39, NULL, 27, '2025-11', 0.3000, '2025-12-31 00:33:00'),
(5501, 26, NULL, 27, '2025-11', 4500000.0000, '2025-12-31 00:33:00'),
(5502, 35, NULL, 27, '2025-11', 0.0100, '2025-12-31 00:33:00'),
(5503, 25, NULL, 27, '2025-11', 11000000.0000, '2025-12-31 00:33:00'),
(5504, 36, NULL, 27, '2025-11', 0.1750, '2025-12-31 00:33:00'),
(5505, 34, NULL, 27, '2025-11', 0.0150, '2025-12-31 00:33:00'),
(5506, 14, NULL, 27, '2025-11', 2340000.0000, '2025-12-31 00:33:00'),
(5507, 13, NULL, 27, '2025-11', 0.0000, '2025-12-31 00:33:00'),
(5508, 17, NULL, 27, '2025-11', 1000000.0000, '2025-12-31 00:33:00'),
(5509, 3, NULL, 27, '2025-11', 0.0000, '2025-12-31 00:33:00'),
(5510, 29, NULL, 27, '2025-11', 0.0000, '2025-12-31 00:33:00'),
(5511, 10, NULL, 27, '2025-11', 0.0000, '2025-12-31 00:33:00'),
(5512, 2, NULL, 27, '2025-11', 26.0000, '2025-12-31 00:33:00'),
(5513, 7, NULL, 27, '2025-11', 0.0000, '2025-12-31 00:33:00'),
(5514, 15, NULL, 27, '2025-11', 4960000.0000, '2025-12-31 00:33:00'),
(5515, 4, NULL, 27, '2025-11', 0.0000, '2025-12-31 00:33:00'),
(5516, 16, NULL, 27, '2025-11', 20.0000, '2025-12-31 00:33:00'),
(5517, 5, NULL, 27, '2025-11', 0.0000, '2025-12-31 00:33:00'),
(5518, 27, NULL, 27, '2025-11', 0.0000, '2025-12-31 00:33:00'),
(5519, 6, NULL, 27, '2025-11', 0.0000, '2025-12-31 00:33:00'),
(5520, 8, NULL, 27, '2025-11', 0.0000, '2025-12-31 00:33:00'),
(5521, 33, NULL, 27, '2025-11', 0.0800, '2025-12-31 00:33:00'),
(5522, 38, NULL, 27, '2025-11', 0.0100, '2025-12-31 00:33:00'),
(5523, 37, NULL, 27, '2025-11', 0.0300, '2025-12-31 00:33:00'),
(5524, 1, NULL, 27, '2025-11', 0.0000, '2025-12-31 00:33:00'),
(5525, 11, NULL, 27, '2025-11', 11000000.0000, '2025-12-31 00:33:00'),
(5526, NULL, 1, 27, '2025-11', 0.0000, '2025-12-31 00:33:00'),
(5527, NULL, 27, 27, '2025-11', 0.0000, '2025-12-31 00:33:00'),
(5528, NULL, 3, 27, '2025-11', 0.0000, '2025-12-31 00:33:00'),
(5529, NULL, 20, 27, '2025-11', 0.0000, '2025-12-31 00:33:00'),
(5530, NULL, 21, 27, '2025-11', 0.0000, '2025-12-31 00:33:00'),
(5531, NULL, 22, 27, '2025-11', 0.0000, '2025-12-31 00:33:00'),
(5532, NULL, 4, 27, '2025-11', -11000000.0000, '2025-12-31 00:33:00'),
(5533, NULL, 5, 27, '2025-11', 0.0000, '2025-12-31 00:33:00'),
(5534, NULL, 19, 27, '2025-11', 0.0000, '2025-12-31 00:33:00'),
(5535, NULL, 24, 27, '2025-11', 0.0000, '2025-12-31 00:33:00'),
(5536, NULL, 25, 27, '2025-11', 0.0000, '2025-12-31 00:33:00'),
(5537, NULL, 26, 27, '2025-11', 0.0000, '2025-12-31 00:33:00'),
(5538, NULL, 6, 27, '2025-11', 0.0000, '2025-12-31 00:33:00'),
(6592, 39, NULL, 28, '2025-11', 0.3000, '2025-12-31 00:33:00'),
(6593, 26, NULL, 28, '2025-11', 4500000.0000, '2025-12-31 00:33:00'),
(6594, 35, NULL, 28, '2025-11', 0.0100, '2025-12-31 00:33:00'),
(6595, 25, NULL, 28, '2025-11', 11000000.0000, '2025-12-31 00:33:00'),
(6596, 36, NULL, 28, '2025-11', 0.1750, '2025-12-31 00:33:00'),
(6597, 34, NULL, 28, '2025-11', 0.0150, '2025-12-31 00:33:00'),
(6598, 14, NULL, 28, '2025-11', 2340000.0000, '2025-12-31 00:33:00'),
(6599, 13, NULL, 28, '2025-11', 0.0000, '2025-12-31 00:33:00'),
(6600, 17, NULL, 28, '2025-11', 1000000.0000, '2025-12-31 00:33:00'),
(6601, 3, NULL, 28, '2025-11', 0.0000, '2025-12-31 00:33:00'),
(6602, 29, NULL, 28, '2025-11', 0.0000, '2025-12-31 00:33:00'),
(6603, 10, NULL, 28, '2025-11', 0.0000, '2025-12-31 00:33:00'),
(6604, 2, NULL, 28, '2025-11', 26.0000, '2025-12-31 00:33:00'),
(6605, 7, NULL, 28, '2025-11', 0.0000, '2025-12-31 00:33:00'),
(6606, 15, NULL, 28, '2025-11', 4960000.0000, '2025-12-31 00:33:00'),
(6607, 4, NULL, 28, '2025-11', 0.0000, '2025-12-31 00:33:00'),
(6608, 16, NULL, 28, '2025-11', 20.0000, '2025-12-31 00:33:00'),
(6609, 5, NULL, 28, '2025-11', 0.0000, '2025-12-31 00:33:00'),
(6610, 27, NULL, 28, '2025-11', 0.0000, '2025-12-31 00:33:00'),
(6611, 6, NULL, 28, '2025-11', 0.0000, '2025-12-31 00:33:00'),
(6612, 8, NULL, 28, '2025-11', 0.0000, '2025-12-31 00:33:00'),
(6613, 33, NULL, 28, '2025-11', 0.0800, '2025-12-31 00:33:00'),
(6614, 38, NULL, 28, '2025-11', 0.0100, '2025-12-31 00:33:00'),
(6615, 37, NULL, 28, '2025-11', 0.0300, '2025-12-31 00:33:00'),
(6616, 1, NULL, 28, '2025-11', 0.0000, '2025-12-31 00:33:00'),
(6617, 11, NULL, 28, '2025-11', 11000000.0000, '2025-12-31 00:33:00'),
(6618, NULL, 1, 28, '2025-11', 0.0000, '2025-12-31 00:33:00'),
(6619, NULL, 27, 28, '2025-11', 0.0000, '2025-12-31 00:33:00'),
(6620, NULL, 3, 28, '2025-11', 0.0000, '2025-12-31 00:33:00'),
(6621, NULL, 20, 28, '2025-11', 0.0000, '2025-12-31 00:33:00'),
(6622, NULL, 21, 28, '2025-11', 0.0000, '2025-12-31 00:33:00'),
(6623, NULL, 22, 28, '2025-11', 0.0000, '2025-12-31 00:33:00'),
(6624, NULL, 4, 28, '2025-11', -11000000.0000, '2025-12-31 00:33:00'),
(6625, NULL, 5, 28, '2025-11', 0.0000, '2025-12-31 00:33:00'),
(6626, NULL, 19, 28, '2025-11', 0.0000, '2025-12-31 00:33:00'),
(6627, NULL, 24, 28, '2025-11', 0.0000, '2025-12-31 00:33:00'),
(6628, NULL, 25, 28, '2025-11', 0.0000, '2025-12-31 00:33:00'),
(6629, NULL, 26, 28, '2025-11', 0.0000, '2025-12-31 00:33:00'),
(6630, NULL, 6, 28, '2025-11', 0.0000, '2025-12-31 00:33:00');

-- --------------------------------------------------------

--
-- Cáș„u trĂșc báșŁng cho báșŁng `schedulerequirements`
--

DROP TABLE IF EXISTS `schedulerequirements`;
CREATE TABLE IF NOT EXISTS `schedulerequirements` (
  `requirementID` int NOT NULL AUTO_INCREMENT COMMENT 'KhĂła chĂ­nh',
  `departmentID` int NOT NULL COMMENT 'FK - Ăp dá»„ng cho phĂČng ban nĂ o (vĂ­ dá»„: In áș„n)',
  `shiftID` int NOT NULL COMMENT 'FK - Ăp dá»„ng cho ca nĂ o (vĂ­ dá»„: C808)',
  `totalstaffneeded` int NOT NULL DEFAULT '0' COMMENT 'Tá»ng sá» nhĂąn viĂȘn cáș§n (vĂ­ dá»„: 3)',
  PRIMARY KEY (`requirementID`),
  UNIQUE KEY `UQ_Dept_Shift` (`departmentID`,`shiftID`) COMMENT 'Má»i phĂČng ban/ca chá» cĂł 1 yĂȘu cáș§u',
  KEY `FK_schedule_req_shift` (`shiftID`)
) ENGINE=InnoDB AUTO_INCREMENT=17 DEFAULT CHARSET=utf8mb4 COLLATE=utf8mb4_unicode_ci COMMENT='Nhu cáș§u nhĂąn sá»± cÆĄ báșŁn cho ca lĂ m viá»c cá»§a phĂČng ban';

--
-- Äang Äá» dá»Ż liá»u cho báșŁng `schedulerequirements`
--

INSERT INTO `schedulerequirements` (`requirementID`, `departmentID`, `shiftID`, `totalstaffneeded`) VALUES
(2, 5, 36, 3),
(3, 5, 41, 4),
(6, 4, 41, 3),
(7, 4, 36, 1),
(12, 3, 36, 2),
(14, 3, 41, 1),
(16, 6, 36, 6);

-- --------------------------------------------------------

--
-- Cáș„u trĂșc báșŁng cho báșŁng `shifts`
--

DROP TABLE IF EXISTS `shifts`;
CREATE TABLE IF NOT EXISTS `shifts` (
  `shiftID` int NOT NULL AUTO_INCREMENT,
  `shiftname` varchar(100) COLLATE utf8mb4_unicode_ci NOT NULL,
  `starttime` time NOT NULL,
  `endtime` time NOT NULL,
  `durationhours` int NOT NULL,
  PRIMARY KEY (`shiftID`)
) ENGINE=InnoDB AUTO_INCREMENT=58 DEFAULT CHARSET=utf8mb4 COLLATE=utf8mb4_unicode_ci;

--
-- Äang Äá» dá»Ż liá»u cho báșŁng `shifts`
--

INSERT INTO `shifts` (`shiftID`, `shiftname`, `starttime`, `endtime`, `durationhours`) VALUES
(1, 'HĂ nh chĂ­nh', '08:00:00', '17:00:00', 0),
(2, 'Ca SĂĄng (SX)', '06:00:00', '14:00:00', 0),
(3, 'Ca Chiá»u (SX)', '14:00:00', '22:00:00', 0),
(4, 'Ca ÄĂȘm (SX)', '22:00:00', '06:00:00', 0),
(5, 'C601', '01:00:00', '07:00:00', 6),
(6, 'C602', '02:00:00', '08:00:00', 6),
(7, 'C603', '03:00:00', '09:00:00', 6),
(8, 'C604', '04:00:00', '10:00:00', 6),
(9, 'C605', '05:00:00', '11:00:00', 6),
(10, 'C606', '06:00:00', '12:00:00', 6),
(11, 'C607', '07:00:00', '13:00:00', 6),
(12, 'C608', '08:00:00', '14:00:00', 6),
(13, 'C609', '09:00:00', '15:00:00', 6),
(14, 'C610', '10:00:00', '16:00:00', 6),
(15, 'C611', '11:00:00', '17:00:00', 6),
(16, 'C612', '12:00:00', '18:00:00', 6),
(17, 'C613', '13:00:00', '19:00:00', 6),
(18, 'C614', '14:00:00', '20:00:00', 6),
(19, 'C615', '15:00:00', '21:00:00', 6),
(20, 'C616', '16:00:00', '22:00:00', 6),
(21, 'C617', '17:00:00', '23:00:00', 6),
(22, 'C618', '18:00:00', '00:00:00', 6),
(23, 'C619', '19:00:00', '01:00:00', 6),
(24, 'C620', '20:00:00', '02:00:00', 6),
(25, 'C621', '21:00:00', '03:00:00', 6),
(26, 'C622', '22:00:00', '04:00:00', 6),
(27, 'C623', '23:00:00', '05:00:00', 6),
(28, 'C624', '00:00:00', '06:00:00', 6),
(29, 'C801', '01:00:00', '10:00:00', 8),
(30, 'C802', '02:00:00', '11:00:00', 8),
(31, 'C803', '03:00:00', '12:00:00', 8),
(32, 'C804', '04:00:00', '13:00:00', 8),
(33, 'C805', '05:00:00', '14:00:00', 8),
(34, 'C806', '06:00:00', '15:00:00', 8),
(35, 'C807', '07:00:00', '16:00:00', 8),
(36, 'C808', '08:00:00', '17:00:00', 8),
(37, 'C809', '09:00:00', '18:00:00', 8),
(38, 'C810', '10:00:00', '19:00:00', 8),
(39, 'C811', '11:00:00', '20:00:00', 8),
(40, 'C812', '12:00:00', '21:00:00', 8),
(41, 'C813', '13:00:00', '22:00:00', 8),
(42, 'C814', '14:00:00', '23:00:00', 8),
(43, 'C815', '15:00:00', '00:00:00', 8),
(44, 'C816', '16:00:00', '01:00:00', 8),
(45, 'C817', '17:00:00', '02:00:00', 8),
(46, 'C818', '18:00:00', '03:00:00', 8),
(47, 'C819', '19:00:00', '04:00:00', 8),
(48, 'C820', '20:00:00', '05:00:00', 8),
(49, 'C821', '21:00:00', '06:00:00', 8),
(50, 'C822', '22:00:00', '07:00:00', 8),
(51, 'C823', '23:00:00', '08:00:00', 8),
(52, 'C824', '00:00:00', '09:00:00', 8),
(53, 'AL (Anually Leave)', '00:00:00', '00:00:00', 0),
(54, 'SL (Sick Leave)', '00:00:00', '00:00:00', 0),
(55, 'PL (Paternity Leave)', '00:00:00', '00:00:00', 0),
(56, 'ML (Maternity Leave)', '00:00:00', '00:00:00', 0),
(57, 'UL (Unpaid Leave)', '00:00:00', '00:00:00', 0);

-- --------------------------------------------------------

--
-- Cáș„u trĂșc báșŁng cho báșŁng `shift_change_requests`
--

DROP TABLE IF EXISTS `shift_change_requests`;
CREATE TABLE IF NOT EXISTS `shift_change_requests` (
  `requestID` int NOT NULL AUTO_INCREMENT,
  `employeeID` int NOT NULL COMMENT 'NgÆ°á»i xin Äá»i',
  `date` date NOT NULL COMMENT 'NgĂ y muá»n Äá»i',
  `currentShiftID` int DEFAULT NULL COMMENT 'Ca hiá»n táșĄi (trÆ°á»c khi Äá»i)',
  `newShiftID` int DEFAULT NULL COMMENT 'Ca mong muá»n (NULL náșżu xin nghá»)',
  `reason` text CHARACTER SET utf8mb4 COLLATE utf8mb4_unicode_ci NOT NULL COMMENT 'LĂœ do',
  `status` enum('PENDING','APPROVED','REJECTED','CANCELLED') CHARACTER SET utf8mb4 COLLATE utf8mb4_unicode_ci DEFAULT 'PENDING',
  `approverID` int DEFAULT NULL COMMENT 'NgÆ°á»i duyá»t',
  `created_at` datetime DEFAULT CURRENT_TIMESTAMP,
  `updated_at` datetime DEFAULT CURRENT_TIMESTAMP ON UPDATE CURRENT_TIMESTAMP,
  PRIMARY KEY (`requestID`),
  KEY `FK_Request_Employee` (`employeeID`),
  KEY `FK_Request_Approver` (`approverID`),
  KEY `FK_Request_NewShift` (`newShiftID`)
) ENGINE=InnoDB AUTO_INCREMENT=7 DEFAULT CHARSET=utf8mb4 COLLATE=utf8mb4_unicode_ci;

--
-- Äang Äá» dá»Ż liá»u cho báșŁng `shift_change_requests`
--

INSERT INTO `shift_change_requests` (`requestID`, `employeeID`, `date`, `currentShiftID`, `newShiftID`, `reason`, `status`, `approverID`, `created_at`, `updated_at`) VALUES
(1, 9, '2025-12-03', 41, 41, 'Em báș­n viá»c gia ÄĂŹnh buá»i sĂĄng nĂȘn xin Äá»i sang ca chiá»u', 'APPROVED', 9, '2025-12-11 09:54:13', NULL),
(2, 9, '2025-12-03', 41, 36, 'Em báș­n viá»c gia ÄĂŹnh buá»i sĂĄng nĂȘn xin Äá»i sang ca sĂĄng', 'APPROVED', 9, '2025-12-11 09:54:44', NULL),
(3, 20, '2025-12-17', 36, 41, 'test YC gá»­i xin Äá»i ca', 'APPROVED', 9, '2025-12-15 09:05:25', NULL),
(4, 9, '2025-12-23', 41, 36, 'Test YC Äá»i ca láș§n 2', 'REJECTED', 9, '2025-12-21 19:07:48', NULL),
(5, 9, '2026-01-08', 41, 36, 'Äá»i ca chÆĄi', 'PENDING', NULL, '2025-12-30 14:10:03', NULL),
(6, 9, '2026-01-10', 41, 36, 'Äá»i ca chÆĄi 2', 'PENDING', NULL, '2025-12-30 14:11:29', NULL);

-- --------------------------------------------------------

--
-- Cáș„u trĂșc báșŁng cho báșŁng `taxsettings`
--

DROP TABLE IF EXISTS `taxsettings`;
CREATE TABLE IF NOT EXISTS `taxsettings` (
  `SettingID` int NOT NULL AUTO_INCREMENT,
  `SettingKey` varchar(50) COLLATE utf8mb4_unicode_ci NOT NULL,
  `Value` decimal(15,4) NOT NULL,
  `EffectiveDate` date NOT NULL,
  `IsActive` tinyint(1) NOT NULL DEFAULT '1',
  `Description` varchar(255) COLLATE utf8mb4_unicode_ci DEFAULT NULL COMMENT 'MĂŽ táșŁ chi tiáșżt vá» tham sá»',
  PRIMARY KEY (`SettingID`),
  UNIQUE KEY `uk_setting_key_date` (`SettingKey`,`EffectiveDate`)
) ENGINE=MyISAM AUTO_INCREMENT=18 DEFAULT CHARSET=utf8mb4 COLLATE=utf8mb4_unicode_ci;

--
-- Äang Äá» dá»Ż liá»u cho báșŁng `taxsettings`
--

INSERT INTO `taxsettings` (`SettingID`, `SettingKey`, `Value`, `EffectiveDate`, `IsActive`, `Description`) VALUES
(1, 'PERSONAL_DEDUCTION', 11000000.0000, '2024-01-01', 1, 'GiáșŁm trá»« báșŁn thĂąn (VN)'),
(2, 'DEPENDENT_DEDUCTION', 4500000.0000, '2024-01-01', 1, 'GiáșŁm trá»« ngÆ°á»i phá»„ thuá»c (VN)'),
(3, 'BASIC_SALARY_STATE', 2340000.0000, '2024-01-01', 1, 'LÆ°ÆĄng cÆĄ sá» nhĂ  nÆ°á»c'),
(4, 'REGION_MIN_SALARY', 4960000.0000, '2024-01-01', 1, 'LÆ°ÆĄng tá»i thiá»u vĂčng I'),
(5, 'LUNCH_ALLOWANCE_LIMIT', 1000000.0000, '2024-01-01', 1, 'Tiá»n Än ca tá»i Äa khĂŽng chá»u thuáșż TNCN'),
(6, 'INSURANCE_CAP_MULTIPLIER', 20.0000, '2024-01-01', 1, 'Sá» láș§n lÆ°ÆĄng cÆĄ sá» Äá» tĂ­nh tráș§n BHXH/BHYT'),
(7, 'HOURS_PER_WORKDAY', 8.0000, '2024-01-01', 1, 'Sá» giá» lĂ m viá»c chuáș©n trong 1 ngĂ y (dĂčng tĂ­nh overtime)'),
(11, 'BHXH_RATE_EMP', 0.0800, '2025-01-01', 1, 'Tá»· lá» ÄĂłng BHXH cá»§a nhĂąn viĂȘn (8%)'),
(12, 'BHYT_RATE_EMP', 0.0150, '2025-01-01', 1, 'Tá»· lá» ÄĂłng BHYT cá»§a nhĂąn viĂȘn (1.5%)'),
(13, 'BHTN_RATE_EMP', 0.0100, '2025-01-01', 1, 'Tá»· lá» ÄĂłng BHTN cá»§a nhĂąn viĂȘn (1%)'),
(14, 'BHXH_RATE_COMP', 0.1750, '2025-01-01', 1, 'Tá»· lá» ÄĂłng BHXH cá»§a cĂŽng ty (17.5%)'),
(15, 'BHYT_RATE_COMP', 0.0300, '2025-01-01', 1, 'Tá»· lá» ÄĂłng BHYT cá»§a cĂŽng ty (3%)'),
(16, 'BHTN_RATE_COMP', 0.0100, '2025-01-01', 1, 'Tá»· lá» ÄĂłng BHTN cá»§a cĂŽng ty (1%)'),
(17, 'REGION_MIN_SALARY', 5500000.0000, '2026-01-01', 1, 'ÄĂ­nh chĂ­nh: Theo nghá» Äá»nh 123/CP');

-- --------------------------------------------------------

--
-- Cáș„u trĂșc báșŁng cho báșŁng `userpermissions`
--

DROP TABLE IF EXISTS `userpermissions`;
CREATE TABLE IF NOT EXISTS `userpermissions` (
  `userID` int NOT NULL,
  `permissionID` int NOT NULL,
  `activepermission` tinyint(1) DEFAULT '1',
  PRIMARY KEY (`userID`,`permissionID`),
  KEY `permissionID` (`permissionID`)
) ENGINE=InnoDB DEFAULT CHARSET=utf8mb4 COLLATE=utf8mb4_unicode_ci;

--
-- Äang Äá» dá»Ż liá»u cho báșŁng `userpermissions`
--

INSERT INTO `userpermissions` (`userID`, `permissionID`, `activepermission`) VALUES
(4, 29, 0),
(4, 31, 0),
(6, 5, 1),
(6, 10, 1),
(7, 29, 0);

-- --------------------------------------------------------

--
-- Cáș„u trĂșc báșŁng cho báșŁng `users`
--

DROP TABLE IF EXISTS `users`;
CREATE TABLE IF NOT EXISTS `users` (
  `userID` int NOT NULL AUTO_INCREMENT,
  `username` varchar(100) COLLATE utf8mb4_unicode_ci DEFAULT NULL,
  `password` varchar(255) COLLATE utf8mb4_unicode_ci DEFAULT NULL,
  `fullname` varchar(255) COLLATE utf8mb4_unicode_ci NOT NULL,
  `cccd` varchar(20) COLLATE utf8mb4_unicode_ci DEFAULT NULL,
  `email` varchar(255) COLLATE utf8mb4_unicode_ci DEFAULT NULL,
  `phonenumber` varchar(20) COLLATE utf8mb4_unicode_ci DEFAULT NULL,
  `birth` date DEFAULT NULL,
  `gender` enum('MALE','FEMALE') COLLATE utf8mb4_unicode_ci DEFAULT NULL,
  `address` varchar(255) COLLATE utf8mb4_unicode_ci DEFAULT NULL,
  `bankaccount` varchar(50) COLLATE utf8mb4_unicode_ci DEFAULT NULL,
  `bankname` varchar(100) COLLATE utf8mb4_unicode_ci DEFAULT NULL,
  `hiredate` date DEFAULT NULL,
  `status` enum('active','inactive','on_leave') COLLATE utf8mb4_unicode_ci NOT NULL DEFAULT 'active',
  `roleID` int DEFAULT NULL,
  `departmentID` int DEFAULT NULL,
  `skillGrade` int DEFAULT '1',
  `jobtype` varchar(100) COLLATE utf8mb4_unicode_ci NOT NULL DEFAULT 'NORMAL',
  PRIMARY KEY (`userID`),
  UNIQUE KEY `username` (`username`),
  UNIQUE KEY `email` (`email`),
  KEY `roleID` (`roleID`),
  KEY `departmentID` (`departmentID`)
) ENGINE=InnoDB AUTO_INCREMENT=50 DEFAULT CHARSET=utf8mb4 COLLATE=utf8mb4_unicode_ci;

--
-- Äang Äá» dá»Ż liá»u cho báșŁng `users`
--

INSERT INTO `users` (`userID`, `username`, `password`, `fullname`, `cccd`, `email`, `phonenumber`, `birth`, `gender`, `address`, `bankaccount`, `bankname`, `hiredate`, `status`, `roleID`, `departmentID`, `skillGrade`, `jobtype`) VALUES
(1, 'admin', '$2a$10$2sQzJxjvMcMeSNOSsysqjOQZzWIpwvHKIdwdeZ.EqQDM6QKcufj0q', 'PháșĄm Minh Anh', '012345678987', 'admin@manaplastic.com', '0123456789', '2000-02-29', 'MALE', '123 Cao Lá» ', '090211023', 'Agribank', '2023-01-01', 'active', 1, 2, 3, 'NORMAL'),
(2, 'it_support', '$2a$10$skyfJgN4n.Z2GMTP7GLnneUFL4cSm1DWoJdSsYGvF06flQTGz1GBC', 'LĂȘ Há» Trá»Ł IT', '0000230000002', 'it.support@manaplastic.com', NULL, NULL, 'MALE', NULL, NULL, NULL, '2023-05-10', 'active', 1, 2, 3, 'NORMAL'),
(3, 'hr_manager', '$2a$10$yVs4Kv0e36Kcb8wesofM3enjSu/Kicj5TFJm6YavsG5TDd2kLtsqy', 'Nguyá»n Thá» NhĂąn Sá»±', '012345678906', 'hr.manager@manaplastic.com', '0123456789', '2006-03-02', 'FEMALE', '123 Cao Lá»', '1028123123', 'vietcombank', '2023-02-15', 'active', 2, 1, 1, 'NORMAL'),
(4, 'hr_staff', '$2a$10$wnTMZHPSgAkKLfwNCY3cE.ufDKVPHrdWvaJ5oL.o0dKj7kxBMJNXG', 'PháșĄm VÄn Tuyá»n Dá»„ng', '000054000004', 'hr.staff@manaplastic.com', NULL, NULL, 'MALE', NULL, NULL, NULL, '2023-08-01', 'active', 2, 1, 1, 'NORMAL'),
(5, 'kythuat_lead', '$2a$10$QP/JCd6cnNgRkFr3BYzbKOSRMIbdI6Y1fE6D.w.p1xfbvQV9y5UJe', 'VĂ” VÄn Ká»č Thuáș­t', '000067000005', 'kythuat.lead@manaplastic.com', NULL, NULL, 'FEMALE', NULL, NULL, NULL, '2023-03-01', 'active', 3, 3, 3, 'NORMAL'),
(6, 'kythuat_staff', '$2a$10$TXgpVb3lT7f/1YQxy2i/he2wiepriI6XqcPO2WcxG2xBLt0V9T8HO', 'HoĂ ng Thá» MĂĄy MĂłc', '012345678911', 'kythuat.staff@manaplastic.com', '0123456789', NULL, 'MALE', NULL, NULL, NULL, '2023-09-10', 'active', 4, 3, 1, 'NORMAL'),
(7, 'sanxuat_lead', '$2a$10$4b25FwYYUWVDgrItKmyyJ.ntqK6S6SJFqLHabuDL.xsoP/yScAov.', 'Trá»nh Há»Żu SáșŁn Xuáș„t', '01234568900', 'sanxuat.lead@manaplastic.com', NULL, NULL, 'MALE', NULL, NULL, NULL, '2023-03-02', 'active', 3, 4, 3, 'NORMAL'),
(8, 'sanxuat_staff', '$2a$10$TxHjoxC0uVKLIDznDhNWmuF73p7LTpVr1Lf1uGdn1lw2lo8gR0ApS', 'Äáș·ng VÄn Váș­n HĂ nh', '09876543211', 'sanxuat.staff@manaplastic.com', NULL, NULL, 'FEMALE', NULL, NULL, NULL, '2023-09-15', 'active', 4, 4, 1, 'NORMAL'),
(9, 'inan_lead', '$2a$10$6v5RYvb1wRZZ333NkxGDLuVRAgXeG0xHcfsxiBQHV0tXRpvai2yYS', 'BĂči VÄn Má»±c', '123456789822', 'inan.lead@manaplastic.com', '0123456786', '1995-10-30', 'FEMALE', '123 Cao Lá»', '12312345', 'Vietcombank', '2023-04-01', 'active', 3, 5, 3, 'NORMAL'),
(10, 'inan_staff', '$2a$10$JN0oA3nYZmxvy4FXcXyMHuTBXs4xWWzcoFkXTgSbwgoqyHGmEG3Pm', 'LĂœ Thá» In', '098765432111', 'inan.staff@manaplastic.com', NULL, NULL, 'MALE', NULL, NULL, NULL, '2023-10-01', 'active', 4, 5, 1, 'DANGER'),
(11, 'cskh_lead', '$2a$10$bm/qxbS1udqc01zrB/p/HuNdfz1kH9oFBVpfuLoTaGFLZKEuysMF.', 'Äá» Thá» KhĂĄch HĂ ng', '000008900011', 'cskh.lead@manaplastic.com', '0123456789', '1998-02-28', 'MALE', '123 Cao Lá»', '12312345', 'Vietcombank', '2023-05-01', 'active', 3, 6, 3, 'NORMAL'),
(12, 'cskh_staff', '$2a$10$tHV/qqOG68rkmYyYL82LIe5v1hnm.lzY.SlZclzOZoV6j13l6LtD.', 'MáșĄc VÄn HĂ i LĂČng', '079203031102', 'cskh.staff@manaplastic.com', '0123456789', '2001-02-28', 'FEMALE', '123 Cao Lá»', '12312345', 'dongabank', '2023-11-01', 'active', 4, 6, 1, 'NORMAL'),
(13, '57540101', '$2a$10$xPIdXJigdb91ZNCAFFtTu.4RLJpIYAaQGJ70VlaE2wSblfQznOlDi', 'PháșĄm Minh Anh HR', '123456789876', NULL, NULL, NULL, 'FEMALE', NULL, NULL, NULL, '2024-04-28', 'active', 2, 1, 3, 'NORMAL'),
(14, '52082901', '$2a$10$jeaJPcpV3IQMoxGHBLw2teRExwzuD0ZB9ubxat7yzrqgAgfWn.CvS', 'Nguyá»n Ngá»c NhĂąn Chá»©ng', '792030311654', 'chungcuchico1@gmail.com', '0978563412', '2001-03-30', 'MALE', NULL, NULL, NULL, '2023-02-09', 'active', 2, 1, 3, 'NORMAL'),
(15, '71939801', '$2a$10$U0qh1Bel43Hp2K6CbsOCXefQQRgRqPJMU5Sah3eIflWTGeSkZlrPG', 'PháșĄm VÄn In', '792030311685', 'ininsama@gmail.com', '0921345678', '2003-03-30', 'FEMALE', NULL, NULL, NULL, '2023-02-23', 'active', 4, 5, 3, 'NORMAL'),
(16, '83637905', '$2a$10$IHOeCVrioPATwf9X9s3wh.zNbCKAEHubkZxk8uPfqEWrmUb8mJCGm', 'PháșĄm NhĂąn ViĂȘn', '12345678922', NULL, '0123456789', NULL, 'FEMALE', NULL, NULL, NULL, '2024-10-13', 'active', 4, 5, 2, 'NORMAL'),
(17, '72001905', '$2a$10$eQmfti7ZY3a5TXk4xqfSaOc25bW6d1.bScjcFq5pabC7b6D5WTtSK', 'Ănh Thá» Anh ', '123456789000', 'anhxuka202@gmail.com', '0987654321', NULL, 'FEMALE', NULL, NULL, NULL, '2023-08-03', 'active', 4, 5, 1, 'NORMAL'),
(18, '56885905', '$2a$10$4WtXYERXuVRu89Fh1KVm4uc0PuMsuHbwMg7/32dl9/qbrsFZvin3m', 'Ănh Thá» In', '123456789009', 'pminhanh1106@gmail.com', '0132654897', NULL, 'FEMALE', NULL, NULL, NULL, '2024-02-17', 'active', 4, 5, 2, 'NORMAL'),
(19, '79753710', '$2a$10$vHtQqmnZ0POJYFnxD42L4O./uv5SHW5viV3DZdBCXAa8vpYdD1MQG', 'PháșĄm Minh Anh NhĂąn Sá»± 2', '123456789222', 'phamminhanh11623@gmail.com', '0395168006', '2003-06-11', 'MALE', NULL, '1023765488', NULL, '2024-11-27', 'active', 2, 1, 1, 'NORMAL'),
(20, '000020', '$2a$10$gFUhtqQKDR2Lxwp71TlleONgBBbuc7ND.rIf/lhNhksN1lfEEJrbS', 'LáșĄi Thá» In áș€n', '012345678900', 'inan@gmail.com', '0123456789', '1996-06-29', 'FEMALE', '123 Cao Lá»', '090923456', 'vcb', '2025-11-15', 'active', 4, 5, 1, 'NORMAL'),
(21, '000021', '$2a$10$hbZy3M1bMaLduAoQQ5g0eOEpoo6CtNZp5P1zi3GofCnBbMNlJnSjO', 'PháșĄm Minh Anh Ká»č Thuáș­t', '012345678900', 'darkpic1106@gmail.com', '0395168006', '2003-06-11', 'MALE', '123 Cao Lá»', '1028792003', 'Vietcombank', '2025-11-28', 'active', 3, 3, 1, 'NORMAL'),
(22, '000022', '$2a$10$u2IyQxrWOZ.Y6oRGTVEnBu.NieT5QReL9OBod7Jz2hRPfqoEAb/Ou', 'PháșĄm Minh Anh NhĂąn Sá»±', '012345678900', 'anhns@gmail.com', '0123456789', '1997-03-30', 'MALE', '123 Cao Lá»', '12312235', 'Agribank', '2025-12-10', 'active', 2, 1, 1, 'NORMAL'),
(23, '000023', '$2a$10$U0pM5IsrOYzGVBzPUzp5OONiTSPIng79Uf.1uOESe0Aapb923osdq', 'PháșĄm Minh Anh SáșŁn Xuáș„t', '012345678900', 'anhsx@gmail.com', '0123456789', '2003-02-28', 'MALE', '123 Cao lá»', '12312345', 'Agribank', '2025-12-10', 'active', 4, 4, 1, 'NORMAL'),
(24, '000024', '$2a$10$HGCdB3OEiYjScLUte9wtGe86/9n5d9vvLyzkKSt4YW8x59Xt0baMi', 'PháșĄm Minh KhĂĄnh', '079203031160', 'minhkhanh@gmail.com', '0123456789', '1999-02-28', 'MALE', '123 Cao Lá»', '12312345', 'Vietcombank', '2025-12-30', 'active', 3, 6, 1, 'NORMAL'),
(25, '000025', '$2a$10$xD/oTKRyxZu4OrP03CJGT.RABSfvTWa7xeo4j6jU.JiSb29pFoWOa', 'Nguyá»n Ngá»c HĂąn', '079203031161', 'ngochan@gmail.com', '0123456789', '2004-07-30', 'FEMALE', '123 Cao Lá»', '12312345', 'Agribank', '2025-12-30', 'active', 4, 6, 1, 'NORMAL'),
(26, '000026', '$2a$10$s.C0iW0zIu58HyFRgwvQOObLGMoh2nkHYaocczRaD6aislTgnzsNi', 'PháșĄm Nguyá»n VÄn Kha', '079203031162', 'vankha@gmail.com', '0123456789', '2006-03-29', 'MALE', '123 Cao Lá»', '12312345', 'Agribank', '2025-12-30', 'active', 4, 6, 1, 'NORMAL'),
(27, '000027', '$2a$10$gBL8qn5uKGoJdvscwjTDmecCczkIUt/2ZJ/tZe85PBxnSYUEg1RU2', 'Nguyá»n Thá» TrĂșc SÆ°', '079203031164', 'trucsu@gmail.com', '0123456789', '2000-06-30', 'FEMALE', '123 Cao Lá»', '12312334', 'Vietcombank', '2025-12-30', 'active', 2, 1, 1, 'NORMAL'),
(28, '000028', '$2a$10$0jDs0hjj/y6OX1O42eRHZuj2ymef.bVGcSoRr7G08YFCnNHTwXUYS', 'PháșĄm Ngá»c Ăn', '089674523121', 'ngopan@gmail.com', '0123456789', '2002-06-30', 'MALE', '123 Cao Lá»', '12312235', 'dongabank', '2026-01-01', 'active', 4, 5, 1, 'NORMAL'),
(29, '000029', '$2a$10$4KdcLoLiNcMSauwJO6WTkO8.rnslSvwt0GdxnWAMtFpPXG3ef4n5a', 'Nguyá»n Ngá»c An', '079203035654', 'ngocancd2020@gmail.com', '0123456789', '2005-02-28', 'MALE', '123 cao lá»', '12312345', 'Agribank', '2025-12-31', 'active', 4, 5, 1, 'NORMAL'),
(30, '000030', '$2a$10$uaVqYm1Qly8vAdaBwJBeeeBGcB9kdRRZJoMKgJMfv/R8jkVzvq3.C', 'PháșĄm Minh Anh SáșŁn Xuáș„t', '012345678988', 'phamminhanh110666@gmail.com', '0123456789', '2005-06-02', 'MALE', '123 Cao lá»', '12312235', 'Agribank', '2026-01-02', 'active', 4, 5, 1, 'NORMAL'),
(31, '000031', '$2a$10$iZ7I3HNwzoO6u.SxxNKTeul1Hwi6lZVFmKMS1WG60ZqETpm.kYO/W', 'PháșĄm Minh Mai', NULL, 'phamminhanh11066@gmail.com', NULL, NULL, 'MALE', NULL, NULL, NULL, '2026-01-02', 'active', 4, 3, 1, 'NORMAL'),
(35, '000035', '$2a$10$6C5mqAlarO1U8yASQGsQ8uIwX/y9eDBqfY0NRTHoj3IBrtSvy4c7C', 'PháșĄm Minh TĂ i', '079099123456', 'phamminhanh1106666@gmail.com', '0909888999', '2000-05-15', 'MALE', 'Sá» 10, ÄÆ°á»ng 3/2, Quáș­n 10, TP.HCM', NULL, NULL, '2026-03-01', 'active', 4, 4, 1, 'NORMAL'),
(36, '000036', '$2a$10$d2j2tBU/BaWs4ofYWQ9ek.8qnvgWFE/fS1HOeRprnvGoRjJNjYvNO', 'PháșĄm Minh TĂ i (ÄĂŁ sá»­a tĂȘn)', '079099000123', 'tai.pham@company.com', '0988777666', '1998-05-15', 'MALE', '123 ÄÆ°á»ng ABC, Quáș­n 1, TP.HCM', NULL, NULL, NULL, 'active', 3, 2, 1, 'NORMAL'),
(49, NULL, NULL, 'Nguyá»n VÄn A', '079123456789', 'a.nguyen@test.com', '0987654321', '1995-01-01', 'MALE', 'TP. Thá»§ Äá»©c, TP. Há» ChĂ­ Minh', NULL, NULL, NULL, 'inactive', 4, 1, 1, 'NORMAL');

-- --------------------------------------------------------

--
-- Cáș„u trĂșc ÄĂłng vai cho view `v_employee_profile_flat`
-- (See below for the actual view)
--
DROP VIEW IF EXISTS `v_employee_profile_flat`;
CREATE TABLE IF NOT EXISTS `v_employee_profile_flat` (
`AGE` bigint
,`BASE_SALARY` decimal(15,2)
,`CONTRACT_TYPE` varchar(100)
,`DEPENDENT_COUNT` bigint
,`DEPT_NAME` varchar(255)
,`GENDER` enum('MALE','FEMALE')
,`INSURANCE_BASE` decimal(15,2)
,`IS_OFFICE` bit(1)
,`JOB_TYPE` varchar(100)
,`ROLE_NAME` varchar(100)
,`SENIORITY_DAYS` int
,`SENIORITY_MONTHS` bigint
,`SKILL_GRADE` int
,`TOXIC_TYPE` enum('NONE','CASH','IN_KIND')
,`userID` int
);

-- --------------------------------------------------------

--
-- Cáș„u trĂșc cho view `v_employee_profile_flat`
--
DROP TABLE IF EXISTS `v_employee_profile_flat`;

DROP VIEW IF EXISTS `v_employee_profile_flat`;
CREATE ALGORITHM=UNDEFINED DEFINER=`root`@`localhost` SQL SECURITY DEFINER VIEW `v_employee_profile_flat`  AS SELECT `u`.`userID` AS `userID`, `u`.`gender` AS `GENDER`, `u`.`jobtype` AS `JOB_TYPE`, `u`.`skillGrade` AS `SKILL_GRADE`, timestampdiff(YEAR,`u`.`birth`,curdate()) AS `AGE`, (to_days(curdate()) - to_days(`u`.`hiredate`)) AS `SENIORITY_DAYS`, timestampdiff(MONTH,`u`.`hiredate`,curdate()) AS `SENIORITY_MONTHS`, `c`.`basesalary` AS `BASE_SALARY`, `c`.`type` AS `CONTRACT_TYPE`, `c`.`AllowanceToxicType` AS `TOXIC_TYPE`, `c`.`InsuranceSalary` AS `INSURANCE_BASE`, `d`.`departmentname` AS `DEPT_NAME`, `d`.`isoffice` AS `IS_OFFICE`, `r`.`rolename` AS `ROLE_NAME`, (select count(0) from `dependents` `dep` where ((`dep`.`userID` = `u`.`userID`) and (`dep`.`istaxdeductible` = 1))) AS `DEPENDENT_COUNT` FROM (((`users` `u` left join `contracts` `c` on(((`u`.`userID` = `c`.`userID`) and (`c`.`Status` = 'ACTIVE')))) left join `departments` `d` on((`u`.`departmentID` = `d`.`departmentID`))) left join `roles` `r` on((`u`.`roleID` = `r`.`roleID`))) ;

--
-- CĂĄc rĂ ng buá»c cho cĂĄc báșŁng ÄĂŁ Äá»
--

--
-- CĂĄc rĂ ng buá»c cho báșŁng `activitylogs`
--
ALTER TABLE `activitylogs`
  ADD CONSTRAINT `activitylogs_ibfk_1` FOREIGN KEY (`userID`) REFERENCES `users` (`userID`) ON DELETE SET NULL ON UPDATE CASCADE;

--
-- CĂĄc rĂ ng buá»c cho báșŁng `attendancelogs`
--
ALTER TABLE `attendancelogs`
  ADD CONSTRAINT `attendancelogs_ibfk_1` FOREIGN KEY (`userID`) REFERENCES `users` (`userID`) ON DELETE SET NULL ON UPDATE CASCADE;

--
-- CĂĄc rĂ ng buá»c cho báșŁng `attendancerequests`
--
ALTER TABLE `attendancerequests`
  ADD CONSTRAINT `fk_attrequest_approver` FOREIGN KEY (`approverid`) REFERENCES `users` (`userID`) ON DELETE SET NULL ON UPDATE CASCADE,
  ADD CONSTRAINT `fk_attrequest_shift` FOREIGN KEY (`shiftid`) REFERENCES `shifts` (`shiftID`) ON DELETE SET NULL ON UPDATE CASCADE,
  ADD CONSTRAINT `fk_attrequest_user` FOREIGN KEY (`userid`) REFERENCES `users` (`userID`) ON DELETE CASCADE ON UPDATE CASCADE;

--
-- CĂĄc rĂ ng buá»c cho báșŁng `attendances`
--
ALTER TABLE `attendances`
  ADD CONSTRAINT `attendances_ibfk_1` FOREIGN KEY (`shiftID`) REFERENCES `shifts` (`shiftID`) ON UPDATE CASCADE,
  ADD CONSTRAINT `attendances_ibfk_2` FOREIGN KEY (`userID`) REFERENCES `users` (`userID`) ON DELETE CASCADE ON UPDATE CASCADE,
  ADD CONSTRAINT `FK_Attendance_CheckInLog` FOREIGN KEY (`checkInLogID`) REFERENCES `attendancelogs` (`attendanceLogID`) ON DELETE SET NULL ON UPDATE CASCADE,
  ADD CONSTRAINT `FK_Attendance_CheckOutLog` FOREIGN KEY (`checkOutLogID`) REFERENCES `attendancelogs` (`attendanceLogID`) ON DELETE SET NULL ON UPDATE CASCADE;

--
-- CĂĄc rĂ ng buá»c cho báșŁng `contractallowances`
--
ALTER TABLE `contractallowances`
  ADD CONSTRAINT `FK_Allowance_Contract` FOREIGN KEY (`ContractID`) REFERENCES `contracts` (`contractID`) ON DELETE CASCADE ON UPDATE CASCADE;

--
-- CĂĄc rĂ ng buá»c cho báșŁng `contractchangerequests`
--
ALTER TABLE `contractchangerequests`
  ADD CONSTRAINT `fk_request_admin` FOREIGN KEY (`adminId`) REFERENCES `users` (`userID`) ON DELETE SET NULL,
  ADD CONSTRAINT `fk_request_contract` FOREIGN KEY (`contractId`) REFERENCES `contracts` (`contractID`) ON DELETE CASCADE,
  ADD CONSTRAINT `fk_request_requester` FOREIGN KEY (`requesterId`) REFERENCES `users` (`userID`) ON DELETE CASCADE;

--
-- CĂĄc rĂ ng buá»c cho báșŁng `contractfilehistory`
--
ALTER TABLE `contractfilehistory`
  ADD CONSTRAINT `fk_history_contract` FOREIGN KEY (`contractId`) REFERENCES `contracts` (`contractID`) ON DELETE CASCADE,
  ADD CONSTRAINT `fk_history_request` FOREIGN KEY (`replacedByRequestId`) REFERENCES `contractchangerequests` (`requestId`) ON DELETE SET NULL;

--
-- CĂĄc rĂ ng buá»c cho báșŁng `contracts`
--
ALTER TABLE `contracts`
  ADD CONSTRAINT `contracts_ibfk_1` FOREIGN KEY (`userID`) REFERENCES `users` (`userID`) ON DELETE CASCADE ON UPDATE CASCADE,
  ADD CONSTRAINT `FK_Contracts_Department` FOREIGN KEY (`departmentID`) REFERENCES `departments` (`departmentID`) ON DELETE SET NULL,
  ADD CONSTRAINT `FK_Contracts_Role` FOREIGN KEY (`roleID`) REFERENCES `roles` (`roleID`) ON DELETE SET NULL,
  ADD CONSTRAINT `fk_contracts_templates` FOREIGN KEY (`template_id`) REFERENCES `contract_templates` (`templateID`) ON DELETE SET NULL ON UPDATE CASCADE;

--
-- CĂĄc rĂ ng buá»c cho báșŁng `departments`
--
ALTER TABLE `departments`
  ADD CONSTRAINT `FK_Department_Manager` FOREIGN KEY (`managerID`) REFERENCES `users` (`userID`) ON DELETE SET NULL ON UPDATE CASCADE;

--
-- CĂĄc rĂ ng buá»c cho báșŁng `dependents`
--
ALTER TABLE `dependents`
  ADD CONSTRAINT `FK_dependent_User` FOREIGN KEY (`userID`) REFERENCES `users` (`userID`) ON DELETE CASCADE ON UPDATE CASCADE;

--
-- CĂĄc rĂ ng buá»c cho báșŁng `employeedraftschedule`
--
ALTER TABLE `employeedraftschedule`
  ADD CONSTRAINT `FK_preferences_shift` FOREIGN KEY (`shiftID`) REFERENCES `shifts` (`shiftID`) ON DELETE SET NULL ON UPDATE CASCADE,
  ADD CONSTRAINT `FK_preferences_user` FOREIGN KEY (`employeeID`) REFERENCES `users` (`userID`) ON DELETE CASCADE ON UPDATE CASCADE;

--
-- CĂĄc rĂ ng buá»c cho báșŁng `employeeofficialschedule`
--
ALTER TABLE `employeeofficialschedule`
  ADD CONSTRAINT `FK_schedule_manager` FOREIGN KEY (`approvedbymanagerID`) REFERENCES `users` (`userID`) ON DELETE SET NULL ON UPDATE CASCADE,
  ADD CONSTRAINT `FK_schedule_shift` FOREIGN KEY (`shiftID`) REFERENCES `shifts` (`shiftID`) ON DELETE SET NULL ON UPDATE CASCADE,
  ADD CONSTRAINT `FK_schedule_user` FOREIGN KEY (`employeeID`) REFERENCES `users` (`userID`) ON DELETE CASCADE ON UPDATE CASCADE;

--
-- CĂĄc rĂ ng buá»c cho báșŁng `employee_documents`
--
ALTER TABLE `employee_documents`
  ADD CONSTRAINT `FK_Docs_User` FOREIGN KEY (`userID`) REFERENCES `users` (`userID`) ON DELETE CASCADE ON UPDATE CASCADE;

--
-- CĂĄc rĂ ng buá»c cho báșŁng `leavebalance`
--
ALTER TABLE `leavebalance`
  ADD CONSTRAINT `FK_leavebalance_Shift` FOREIGN KEY (`leavetypeid`) REFERENCES `shifts` (`shiftID`) ON DELETE CASCADE ON UPDATE CASCADE,
  ADD CONSTRAINT `FK_leavebalance_User` FOREIGN KEY (`userID`) REFERENCES `users` (`userID`) ON DELETE CASCADE ON UPDATE CASCADE;

--
-- CĂĄc rĂ ng buá»c cho báșŁng `leavepolicy`
--
ALTER TABLE `leavepolicy`
  ADD CONSTRAINT `FK_Policy_Shift` FOREIGN KEY (`leavetypeid`) REFERENCES `shifts` (`shiftID`) ON DELETE CASCADE ON UPDATE CASCADE;

--
-- CĂĄc rĂ ng buá»c cho báșŁng `leaverequests`
--
ALTER TABLE `leaverequests`
  ADD CONSTRAINT `FK_Request_Shift` FOREIGN KEY (`shiftID`) REFERENCES `shifts` (`shiftID`) ON DELETE SET NULL ON UPDATE CASCADE,
  ADD CONSTRAINT `leaverequests_ibfk_1` FOREIGN KEY (`userID`) REFERENCES `users` (`userID`) ON DELETE CASCADE ON UPDATE CASCADE;

--
-- CĂĄc rĂ ng buá»c cho báșŁng `overtime`
--
ALTER TABLE `overtime`
  ADD CONSTRAINT `fk_overtime_type` FOREIGN KEY (`overtimetypeid`) REFERENCES `overtimetypes` (`OvertimeTypeID`),
  ADD CONSTRAINT `fk_overtime_users` FOREIGN KEY (`userid`) REFERENCES `users` (`userID`);

--
-- CĂĄc rĂ ng buá»c cho báșŁng `payrolls`
--
ALTER TABLE `payrolls`
  ADD CONSTRAINT `payrolls_ibfk_1` FOREIGN KEY (`userID`) REFERENCES `users` (`userID`) ON DELETE CASCADE ON UPDATE CASCADE;

--
-- CĂĄc rĂ ng buá»c cho báșŁng `requirementrules`
--
ALTER TABLE `requirementrules`
  ADD CONSTRAINT `FK_rule_req` FOREIGN KEY (`requirementID`) REFERENCES `schedulerequirements` (`requirementID`) ON DELETE CASCADE ON UPDATE CASCADE;

--
-- CĂĄc rĂ ng buá»c cho báșŁng `rewardpunishmentdecisions`
--
ALTER TABLE `rewardpunishmentdecisions`
  ADD CONSTRAINT `FK_Decision_User` FOREIGN KEY (`UserID`) REFERENCES `users` (`userID`) ON DELETE CASCADE ON UPDATE CASCADE;

--
-- CĂĄc rĂ ng buá»c cho báșŁng `rolespermissions`
--
ALTER TABLE `rolespermissions`
  ADD CONSTRAINT `rolespermissions_ibfk_1` FOREIGN KEY (`roleID`) REFERENCES `roles` (`roleID`) ON DELETE CASCADE ON UPDATE CASCADE,
  ADD CONSTRAINT `rolespermissions_ibfk_2` FOREIGN KEY (`permissionID`) REFERENCES `permissions` (`permissionID`) ON DELETE CASCADE ON UPDATE CASCADE;

--
-- CĂĄc rĂ ng buá»c cho báșŁng `salaryvariables`
--
ALTER TABLE `salaryvariables`
  ADD CONSTRAINT `fk_salaryvariables_rule_fix` FOREIGN KEY (`rule_id`) REFERENCES `salary_rule` (`rule_id`);

--
-- CĂĄc rĂ ng buá»c cho báșŁng `salary_rule_version`
--
ALTER TABLE `salary_rule_version`
  ADD CONSTRAINT `FK_RuleVersion_Rule` FOREIGN KEY (`rule_id`) REFERENCES `salary_rule` (`rule_id`) ON DELETE CASCADE ON UPDATE CASCADE;

--
-- CĂĄc rĂ ng buá»c cho báșŁng `salary_variable_cache`
--
ALTER TABLE `salary_variable_cache`
  ADD CONSTRAINT `FK_Cache_Employee` FOREIGN KEY (`employee_id`) REFERENCES `users` (`userID`) ON DELETE CASCADE ON UPDATE CASCADE,
  ADD CONSTRAINT `FK_Cache_Rule` FOREIGN KEY (`rule_id`) REFERENCES `salary_rule` (`rule_id`) ON DELETE CASCADE ON UPDATE CASCADE,
  ADD CONSTRAINT `FK_Cache_Variable` FOREIGN KEY (`variable_id`) REFERENCES `salaryvariables` (`VariableID`) ON DELETE CASCADE ON UPDATE CASCADE;

--
-- CĂĄc rĂ ng buá»c cho báșŁng `schedulerequirements`
--
ALTER TABLE `schedulerequirements`
  ADD CONSTRAINT `FK_schedule_req_dept` FOREIGN KEY (`departmentID`) REFERENCES `departments` (`departmentID`) ON DELETE CASCADE ON UPDATE CASCADE,
  ADD CONSTRAINT `FK_schedule_req_shift` FOREIGN KEY (`shiftID`) REFERENCES `shifts` (`shiftID`) ON DELETE CASCADE ON UPDATE CASCADE;

--
-- CĂĄc rĂ ng buá»c cho báșŁng `shift_change_requests`
--
ALTER TABLE `shift_change_requests`
  ADD CONSTRAINT `FK_Request_Approver` FOREIGN KEY (`approverID`) REFERENCES `users` (`userID`) ON DELETE SET NULL,
  ADD CONSTRAINT `FK_Request_Employee` FOREIGN KEY (`employeeID`) REFERENCES `users` (`userID`) ON DELETE CASCADE,
  ADD CONSTRAINT `FK_Request_NewShift` FOREIGN KEY (`newShiftID`) REFERENCES `shifts` (`shiftID`) ON DELETE SET NULL;

--
-- CĂĄc rĂ ng buá»c cho báșŁng `userpermissions`
--
ALTER TABLE `userpermissions`
  ADD CONSTRAINT `userpermissions_ibfk_1` FOREIGN KEY (`userID`) REFERENCES `users` (`userID`) ON DELETE CASCADE ON UPDATE CASCADE,
  ADD CONSTRAINT `userpermissions_ibfk_2` FOREIGN KEY (`permissionID`) REFERENCES `permissions` (`permissionID`) ON DELETE CASCADE ON UPDATE CASCADE;

--
-- CĂĄc rĂ ng buá»c cho báșŁng `users`
--
ALTER TABLE `users`
  ADD CONSTRAINT `users_ibfk_1` FOREIGN KEY (`roleID`) REFERENCES `roles` (`roleID`) ON UPDATE CASCADE,
  ADD CONSTRAINT `users_ibfk_2` FOREIGN KEY (`departmentID`) REFERENCES `departments` (`departmentID`) ON UPDATE CASCADE;
COMMIT;

/*!40101 SET CHARACTER_SET_CLIENT=@OLD_CHARACTER_SET_CLIENT */;
/*!40101 SET CHARACTER_SET_RESULTS=@OLD_CHARACTER_SET_RESULTS */;
/*!40101 SET COLLATION_CONNECTION=@OLD_COLLATION_CONNECTION */;
